编号,化合物名称,英文名称,CAS号,分子量,分子式,2D图,化合物种类,,,,
CX-001,川芎嗪,Tetramethylpyrazine,C8H12N2,136.1980 ,1124-11-4,,生物碱,CC1=C(C)N=C(C)C(C)=N1,InChI=1S/C8H12N2/c1-5-6(2)10-8(4)7(3)9-5/h1-4H3,FINHMKGKINIASC-UHFFFAOYSA-N,川芎
CX-002,藁本内酯,Z-Ligustilide,C12H14O2,190.2420 ,81944-09-4,,挥发油,CCC/C=C1C2=C(C(O/1)=O)C=CCC2,"InChI=1S/C12H14O2/c1-2-3-8-11-9-6-4-5-7-10(9)12(13)14-11/h5,7-8H,2-4,6H2,1H3/b11-8-",IQVQXVFMNOFTMU-FLIBITNWSA-N,川芎
CX-003,欧当归内酯A,Levistilide A,C24H28O4,380.4840 ,88182-33-6,,挥发油,CCC/C=C1C2=C(C(O\1)=O)C3C(C4CCC35C(C(O/C5=C\CCC)=O)=C4)CC2,"InChI=1S/C24H28O4/c1-3-5-7-18-16-10-9-15-14-11-12-24(21(15)20(16)23(26)27-18)17(13-14)22(25)28-19(24)8-6-4-2/h7-8,13-15,21H,3-6,9-12H2,1-2H3/b18-7+,19-8-",UBBRXVRQZJSDAK-ASMCTYQMSA-N,川芎
CX-004,洋川芎内酯I,Senkyunolide I,C12H16O4,224.2560 ,94596-28-8,,挥发油,CCC/C=C1C2=C(C(O/1)=O)[C@@H](O)[C@H](O)CC2,"InChI=1S/C12H16O4/c1-2-3-4-9-7-5-6-8(13)11(14)10(7)12(15)16-9/h4,8,11,13-14H,2-3,5-6H2,1H3/b9-4-/t8-,11+/m1/s1",DQNGMIQSXNGHOA-BVVGKJRVSA-N,川芎
CX-005,洋川芎内酯H,Senkyunolide H,C12H16O4,224.2560 ,94596-27-7,,挥发油,CCC/C=C1C2=C(C(O/1)=O)[C@@H](O)[C@@H](O)CC2,"InChI=1S/C12H16O4/c1-2-3-4-9-7-5-6-8(13)11(14)10(7)12(15)16-9/h4,8,11,13-14H,2-3,5-6H2,1H3/b9-4-/t8-,11-/m0/s1",DQNGMIQSXNGHOA-RCBCECLLSA-N,川芎
CX-006,对羟基苯甲酸,4-Hydroxybenzoic acid,C7H6O3,138.1220 ,99-96-7,,酚酸,COC1=C(O)C=CC(C(O)=O)=C1,"InChI=1S/C8H8O4/c1-12-7-4-5(8(10)11)2-3-6(7)9/h2-4,9H,1H3,(H,10,11)",WKOLLVMJNQIZCI-UHFFFAOYSA-N,川芎
CX-007,香草酸,Vanillic Acid,C8H8O4,168.1480 ,121-34-6,,酚酸,COC1=C(O)C=CC(C(O)=O)=C1,"InChI=1S/C8H8O4/c1-12-7-4-5(8(10)11)2-3-6(7)9/h2-4,9H,1H3,(H,10,11)",WKOLLVMJNQIZCI-UHFFFAOYSA-N,川芎
CX-008,正壬醛,Nonanal,C9H18O,142.2420 ,124-19-6,,其他,CCCCCCCCC=O,"InChI=1S/C9H18O/c1-2-3-4-5-6-7-8-9-10/h9H,2-8H2,1H3",GYHFUZHODSMOHU-UHFFFAOYSA-N,川芎
CX-009,洋川芎内酯B,3-Butylidene-7-hydroxyphthalide/senkyunolide B,C12H12O3,204.2250 ,93236-67-0,,挥发油,CCC/C=C1C2=C(C(O/1)=O)C(O)=CC=C2,"InChI=1S/C12H12O3/c1-2-3-7-10-8-5-4-6-9(13)11(8)12(14)15-10/h4-7,13H,2-3H2,1H3/b10-7-",XLFDJKJEYMKLJX-YFHOEESVSA-N,川芎
CX-010,洋川芎内酯K,Senkyunolide K,C12H16O3,208.2570 ,114569-33-4,,挥发油,O=C1O[C@@H](CCCC)C2=C1C=CC[C@H]2O,"InChI=1S/C12H16O3/c1-2-3-7-10-11-8(12(14)15-10)5-4-6-9(11)13/h4-5,9-10,13H,2-3,6-7H2,1H3/t9-,10+/m1/s1",BPZGLXVGANTPTC-ZJUUUORDSA-N,川芎
CX-011,洋川芎内酯N, Senkyunolide N,C12H18O4,226.2720 ,140694-58-2,,挥发油,CCCC[C@@H]1C2=C(C(O1)=O)[C@@H](O)[C@H](O)CC2,"InChI=1S/C12H18O4/c1-2-3-4-9-7-5-6-8(13)11(14)10(7)12(15)16-9/h8-9,11,13-14H,2-6H2,1H3/t8-,9-,11+/m1/s1",AXRIHSJZHOTGAE-KKZNHRDASA-N,川芎
CX-012,欧当归内酯 A,Levistilide A,C24H28O4,380.4840 ,88182-33-6,,挥发油,,,,川芎
CX-013,洋川芎内酯P,Senkyunolide P, C24H30O4,382.5000 ,117005-27-3,,挥发油,CCCCC1C23CCC(C4C3C5=C(/C(OC5=O)=C\CCC)CC4)C=C2C(O1)=O,"InChI=1S/C24H30O4/c1-3-5-7-18-16-10-9-15-14-11-12-24(21(15)20(16)23(26)27-18)17(13-14)22(25)28-19(24)8-6-4-2/h7,13-15,19,21H,3-6,8-12H2,1-2H3/b18-7+",YTEUTQUNVHWZOR-CNHKJKLMSA-N,川芎
CX-014,洋川芎内酯J,Senkyunolide J,C12H18O4,226.2720 ,94530-86-6,,挥发油,CCCC[C@H]1C2=C(C(O1)=O)[C@@H](O)[C@H](O)CC2,"InChI=1S/C12H18O4/c1-2-3-4-9-7-5-6-8(13)11(14)10(7)12(15)16-9/h8-9,11,13-14H,2-6H2,1H3/t8-,9+,11+/m1/s1",AXRIHSJZHOTGAE-YWVKMMECSA-N,川芎
CX-015,洋川芎内酯Q,Senkyunolide Q,C16H22O4,278.3480 ,142235-81-2,,挥发油,,,,川芎
CX-016,洋川芎内酯R,Senkyunolide R,C12H16O5,240.2550 ,172549-37-0,,挥发油,CC[C@@H](O)/C=C1C2=C(C(O/1)=O)[C@@H](O)[C@H](O)CC2,"InChI=1S/C12H16O5/c1-2-6(13)5-9-7-3-4-8(14)11(15)10(7)12(16)17-9/h5-6,8,11,13-15H,2-4H2,1H3/b9-5-/t6-,8-,11+/m1/s1",XJGANEFDEDYAJS-IFUCJSHLSA-N,川芎
CX-017,,Riligustilide,C24H28O4,380.4840 ,89354-45-0,,挥发油,CCC[C@@H]1[C@@]2(C3=C(C=CCC3)C(O2)=O)[C@@]4([H])[C@]1([H])CCC5=C4C(O/C5=C\CCC)=O,"InChI=1S/C24H28O4/c1-3-5-11-19-16-13-12-14-17(8-4-2)24(21(14)20(16)23(26)27-19)18-10-7-6-9-15(18)22(25)28-24/h6,9,11,14,17,21H,3-5,7-8,10,12-13H2,1-2H3/b19-11-/t14-,17+,21+,24-/m1/s1",TYSOMZQRYGBSKN-DRQJQJQISA-N,川芎
CX-018,,E-Butylidenephthalide,C12H12O2,188.2260 ,76681-73-7,,挥发油,CCC/C=C1C2=CC=CC=C2C(O\1)=O,"InChI=1S/C12H12O2/c1-2-3-8-11-9-6-4-5-7-10(9)12(13)14-11/h4-8H,2-3H2,1H3/b11-8+",WMBOCUXXNSOQHM-DHZHZOJOSA-N,川芎
CX-019,3-正丁烯基苯酞, (Z)-Ligustilide,C12H12O2,188.2260 ,551-08-6,,挥发油,O=C1O/C(C2=C1C=CC=C2)=C\CCC,"InChI=1S/C12H12O2/c1-2-3-8-11-9-6-4-5-7-10(9)12(13)14-11/h4-8H,2-3H2,1H3/b11-8-",WMBOCUXXNSOQHM-FLIBITNWSA-N,川芎
CX-020,川芎醇,Chuanxiongol,C12H14O3,206.2410 ,87421-30-5,,挥发油,O=C1OC(CCCC)C2=C1C=CC=C2O,"InChI=1S/C12H14O3/c1-2-3-7-10-11-8(12(14)15-10)5-4-6-9(11)13/h4-6,10,13H,2-3,7H2,1H3",JQSVHBFDZXZENO-UHFFFAOYSA-N,川芎
CX-021,川芎内酯 A, Cnidilide,C12H18O2,194.2740 ,3674-03-1,,挥发油,CCCC[C@H]1[C@]2([H])[C@](C=CCC2)([H])C(O1)=O,"InChI=1S/C12H18O2/c1-2-3-8-11-9-6-4-5-7-10(9)12(13)14-11/h5,7,9-11H,2-4,6,8H2,1H3/t9-,10+,11-/m0/s1",UXDIXFDKSPCUIX-AXFHLTTASA-N,川芎
CX-022, 新蛇床内酯, neoCnidilide,C12H18O2,194.2740 ,4567-33-3,,挥发油,CCCC[C@@H]1[C@]2([H])C(C(O1)=O)=CCCC2,"InChI=1S/C12H18O2/c1-2-3-8-11-9-6-4-5-7-10(9)12(13)14-11/h7,9,11H,2-6,8H2,1H3/t9-,11+/m0/s1",UPJFTVFLSIQQAV-GXSJLCMTSA-N,川芎
CX-023,洋川芎内酯D,Senkyunolide D,C12H14O4,222.2400 ,94530-82-2,,挥发油,CCCC[C@@H]1[C@]2([H])C(C(O1)=O)=CCCC2,"InChI=1S/C12H18O2/c1-2-3-8-11-9-6-4-5-7-10(9)12(13)14-11/h7,9,11H,2-6,8H2,1H3/t9-,11+/m0/s1",UPJFTVFLSIQQAV-GXSJLCMTSA-N,川芎
CX-024,洋川芎内酯E,senkyunolide E,C12H12O3（无）,204.2250 ,94530-83-3,,挥发油,CCC(O)/C=C1C2=CC=CC=C2C(O/1)=O,"InChI=1S/C12H12O3/c1-2-8(13)7-11-9-5-3-4-6-10(9)12(14)15-11/h3-8,13H,2H2,1H3/b11-7-",RAGLCXMIVOLFJJ-XFFZJAGNSA-N,川芎
CX-025,洋川芎内酯F,Senkyunolide F,C12H14O3,206.2410 ,94530-84-4,,挥发油,CCC(O)/C=C1C2=C(C=CCC2)C(O/1)=O,"InChI=1S/C12H14O3/c1-2-8(13)7-11-9-5-3-4-6-10(9)12(14)15-11/h4,6-8,13H,2-3,5H2,1H3/b11-7-",XKAWDGBGOZLBRY-XFFZJAGNSA-N,川芎
CX-026,洋川芎内酯J,Senkyunolide J,C12H18O4,226.2720 ,94530-86-6,,挥发油,O[C@H]1C2=C(CC[C@@H]1O)[C@H](OC2=O)CCCC,"InChI=1S/C12H18O4/c1-2-3-4-9-7-5-6-8(13)11(14)10(7)12(15)16-9/h8-9,11,13-14H,2-6H2,1H3/t8-,9+,11+/m0/s1",AXRIHSJZHOTGAE-IQJOONFLSA-N,川芎
CX-027,洋川芎内酯L,Senkyunolide L,C12H15ClO3,242.6990 ,114586-51-5,,挥发油,O=C1O/C(C2=C1C(C(CC2)O)Cl)=C\CCC,"InChI=1S/C12H15ClO3/c1-2-3-4-9-7-5-6-8(14)11(13)10(7)12(15)16-9/h4,8,11,14H,2-3,5-6H2,1H3/b9-4-",QHFASJHNXWAWLY-WTKPLQERSA-N,川芎
CX-028,洋川芎内酯S,senkyunolide S,C12H16O5,240.2550 ,172723-28-3,,挥发油,CC[C@@H](O)/C=C1C2=C([C@H]([C@@H](CC2)O)O)C(O/1)=O,"InChI=1S/C12H16O5/c1-2-6(13)5-9-7-3-4-8(14)11(15)10(7)12(16)17-9/h5-6,8,11,13-15H,2-4H2,1H3/b9-5-/t6-,8-,11+/m1/s1",XJGANEFDEDYAJS-IFUCJSHLSA-N,川芎
CX-029,川芎萘呋内酯,Wallichilide,C25H32O5,412.5260 ,93236-64-7,,挥发油,CCCCC([C@]12[C@]3([H])C4=C(CC[C@]3([H])[C@](CC2)([H])C=C1C(OC)=O)/C(OC4=O)=C/CCC)=O,"InChI=1S/C25H32O5/c1-4-6-8-19-17-11-10-16-15-12-13-25(20(26)9-7-5-2,18(14-15)23(27)29-3)22(16)21(17)24(28)30-19/h8,14-16,22H,4-7,9-13H2,1-3H3/b19-8-/t15-,16+,22-,25+/m0/s1",HADAHVQGKBBPPW-NLQWGDCSSA-N,川芎
CX-030," 3(S)-3-丁基-4,5-二氢苯酞","3(S)-3-Butyl-4,5-dihydrophthalide",C12H18O2,208.3010 ,/,,其他,O=C(C(O)[C@H]1CCCC)C2=C1CCCC2,"InChI=1S/C13H20O2/c1-2-3-6-10-9-7-4-5-8-11(9)13(15)12(10)14/h10,12,14H,2-8H2,1H3/t10-,12?/m0/s1",CVFCICVCBHKFEL-NUHJPDEHSA-N,川芎
CX-031," 4,7-二羟基-3-丁基苯酞"," 4,7-Dihydroxy-3-butylphthalide",C12H14O4,222.2400 ,/,,其他,OC1=C(C(O[C@H]2CCCC)=O)C2=C(O)C=C1,"InChI=1S/C12H14O4/c1-2-3-4-9-10-7(13)5-6-8(14)11(10)12(15)16-9/h5-6,9,13-14H,2-4H2,1H3/t9-/m0/s1",QTMNSNQNVBIAJF-VIFPVBQESA-N,川芎
CX-032,4-羟基-3-丁基苯酞,4-hydroxy-3-butylphthalide,C12H14O3,206.2410 ,/,,其他,OC1=C(C(O[C@H]2CCCC)=O)C2=C(O)C=C1,"InChI=1S/C12H14O4/c1-2-3-4-9-10-7(13)5-6-8(14)11(10)12(15)16-9/h5-6,9,13-14H,2-4H2,1H3/t9-/m0/s1",QTMNSNQNVBIAJF-VIFPVBQESA-N,川芎
CX-033, 正丁基苯酞,Butylphthalide,C12H14O2,190.2420 ,6066-49-5,,其他,O=C1OC(CCCC)C2=C1C=CC=C2,"InChI=1S/C12H14O2/c1-2-3-8-11-9-6-4-5-7-10(9)12(13)14-11/h4-7,11H,2-3,8H2,1H3",HJXMNVQARNZTEE-UHFFFAOYSA-N,川芎
CX-034,洋川芎内酯A,Senkyunolide A,C12H16O2,192.2580 ,63038-10-8,,其他,O=C(O[C@H]1CCCC)C2=C1CCC=C2,"InChI=1S/C12H16O2/c1-2-3-8-11-9-6-4-5-7-10(9)12(13)14-11/h5,7,11H,2-4,6,8H2,1H3/t11-/m0/s1",ZPIKVDODKLJKIN-NSHDSACASA-N,川芎
CX-035,洋川芎内酯G,Senkyunolide G, C12H16O3,208.2570 ,94530-85-5,,其他,CCCCC1(O)C2=C(C(O1)=O)C=CCC2,"InChI=1S/C12H16O3/c1-2-3-8-12(14)10-7-5-4-6-9(10)11(13)15-12/h4,6,14H,2-3,5,7-8H2,1H3",JGIFAEPLZJPSHA-UHFFFAOYSA-N,川芎
CX-036,洋川芎内酯H,Senkyunolide H,C12H16O4,224.2560 ,94596-27-7,,其他,O[C@H]1C2=C(CC[C@H]1O)/C(OC2=O)=C/CCC,"InChI=1S/C12H16O4/c1-2-3-4-9-7-5-6-8(13)11(14)10(7)12(15)16-9/h4,8,11,13-14H,2-3,5-6H2,1H3/b9-4-/t8-,11-/m1/s1",DQNGMIQSXNGHOA-OBEBJBLMSA-N,川芎
CX-037,Z-亚丁基苯酞,Z-Butylidenephthalide,C12H12O2,188.2260 ,72917-31-8,,其他,CCC/C=C1C2=CC=CC=C2C(O/1)=O,"InChI=1S/C12H12O2/c1-2-3-8-11-9-6-4-5-7-10(9)12(13)14-11/h4-8H,2-3H2,1H3/b11-8-",,川芎
CX-038,"(Z)-6,7-环氧藁本内酯","Z-6,7-Epoxyligustilide",C12H14O3,206.2410 ,210036-10-5,,挥发油,O=C1C2=C(/C(O1)=C/CCC)CCC3([H])C2([H])O3,"InChI=1S/C12H14O3/c1-2-3-4-8-7-5-6-9-11(14-9)10(7)12(13)15-8/h4,9,11H,2-3,5-6H2,1H3/b8-4-",ZCTBULGQERTBEG-YWEYNIOJSA-N,川芎
CX-039,,Chuanxiongdiolide R1,C25H30O5,410.5100 ,1613723-48-0,,其他,CCCCC([C@]12[C@@]3([C@H]([C@](CC2)([H])C=C1C(OC)=O)CCC)C4=CC=CC=C4C(O3)=O)=O,"InChI=1S/C25H30O5/c1-4-6-12-21(26)24-14-13-16(15-20(24)23(28)29-3)18(9-5-2)25(24)19-11-8-7-10-17(19)22(27)30-25/h7-8,10-11,15-16,18H,4-6,9,12-14H2,1-3H3/t16-,18-,24+,25+/m0/s1",UEOQSTYKYFTKDQ-PWPZIBODSA-N,川芎
CX-040,洋川芎内酯B,Senkyunolide B,C12H12O3,204.2250 ,93236-67-0,,其他,CCC/C=C1C2=CC=CC(O)=C2C(O/1)=O,"InChI=1S/C12H12O3/c1-2-3-7-10-8-5-4-6-9(13)11(8)12(14)15-10/h4-7,13H,2-3H2,1H3/b10-7-",XLFDJKJEYMKLJX-YFHOEESVSA-N,川芎
CX-041,洋川芎内酯C,Senkyunolide C,C12H12O3,204.2250 ,91652-78-7,,其他,CCC/C=C1C2=CC(O)=CC=C2C(O/1)=O,"InChI=1S/C12H12O3/c1-2-3-4-11-10-7-8(13)5-6-9(10)12(14)15-11/h4-7,13H,2-3H2,1H3/b11-4-",NRENRLOUWSVYIA-WCIBSUBMSA-N,川芎
CX-042,洋川芎内酯M,Senkyunolide M,C16H22O4,278.3480 ,114569-34-5,,其他,CCC/C=C1C2=C(C(O/1)=O)[C@@H]([C@H](CC2)C(CCC)=O)O,"InChI=1S/C16H22O4/c1-3-5-7-13-11-9-8-10(12(17)6-4-2)15(18)14(11)16(19)20-13/h7,10,15,18H,3-6,8-9H2,1-2H3/b13-7-/t10-,15-/m1/s1",RWIPTYNGENPFSY-HQQQLJABSA-N,川芎
CX-043,,Ligusticoside A,C18H28O8,372.4140 ,1246676-50-5,,萜类,CCCCC[C@]1([C@]2([H])OC([C@@]1([H])C=CC2)=O)O[C@@H]3O[C@@H]([C@H]([C@@H]([C@H]3O)O)O)CO,"InChI=1S/C18H28O8/c1-2-3-4-8-18(10-6-5-7-12(18)25-16(10)23)26-17-15(22)14(21)13(20)11(9-19)24-17/h5-6,10-15,17,19-22H,2-4,7-9H2,1H3/t10-,11-,12-,13-,14+,15-,17+,18+/m1/s1",WJTHOZPRHXIPMJ-KLURIUIOSA-N,川芎
CX-044,,Ligusticumolide B,C12H18O4,226.2720 ,2326454-52-6,,萜类,CCCC[C@@]1(C2=C([C@@H](CCC2)O)C(O1)=O)O,"InChI=1S/C12H18O4/c1-2-3-7-12(15)8-5-4-6-9(13)10(8)11(14)16-12/h9,13,15H,2-7H2,1H3/t9-,12-/m1/s1",GDEUYNAHOLLKQK-BXKDBHETSA-N,川芎
CX-045,,Ligusticumolide C,C14H20O5,268.3090 ,2326454-55-9,,萜类,CC(O[C@H]1C2=C(CC[C@@H]1O)[C@H](OC2=O)CCCC)=O,"InChI=1S/C14H20O5/c1-3-4-5-11-9-6-7-10(16)13(18-8(2)15)12(9)14(17)19-11/h10-11,13,16H,3-7H2,1-2H3/t10-,11+,13+/m0/s1",VQAUYWRNKQLODC-DMDPSCGWSA-N,川芎
CX-046,,Ligusticumolide D,C14H20O5,268.3090 ,2326454-59-3,,萜类,CC(O[C@@H]1C2=C(CC[C@@H]1O)[C@@H](OC2=O)CCCC)=O,"InChI=1S/C14H20O5/c1-3-4-5-11-9-6-7-10(16)13(18-8(2)15)12(9)14(17)19-11/h10-11,13,16H,3-7H2,1-2H3/t10-,11-,13-/m0/s1",VQAUYWRNKQLODC-GVXVVHGQSA-N,川芎
CX-047,,Ligusticumolide E,C12H12O4,220.2240 ,2326454-62-8,,萜类,C[C@H](O)C/C=C1C2=CC(O)=CC=C2C(O/1)=O,"InChI=1S/C12H12O4/c1-7(13)2-5-11-10-6-8(14)3-4-9(10)12(15)16-11/h3-7,13-14H,2H2,1H3/b11-5-/t7-/m0/s1",UDOKZLMHUXNUIH-SYFUPATCSA-N,川芎
CX-048,,Ligusticumolide F,C12H12O4,220.2240 ,2326454-66-2,,萜类,C[C@@H](O)C/C=C1C2=CC=CC(O)=C2C(O/1)=O,"InChI=1S/C12H12O4/c1-7(13)5-6-10-8-3-2-4-9(14)11(8)12(15)16-10/h2-4,6-7,13-14H,5H2,1H3/b10-6-/t7-/m1/s1",VWWYHIMRUZUPLL-LWYMYGMPSA-N,川芎
CX-049,,Ligusticumolide G,C12H18O4,226.2720 ,2326454-69-5,,萜类,CCCCC([C@@H]1C(C(O)=O)=C[C@H](CC1)O)=O,"InChI=1S/C12H18O4/c1-2-3-4-11(14)9-6-5-8(13)7-10(9)12(15)16/h7-9,13H,2-6H2,1H3,(H,15,16)/t8-,9-/m0/s1",WHINYWAWPZTARE-IUCAKERBSA-N,川芎
CX-050,,Ligubenzocycloheptanone A,C15H12O8,320.2530 ,2193066-02-1,,其他,OC([C@H]([C@@]1([H])[C@@]2([H])C(C(O1)=O)=CC3=CC=C(O)C(O)=C3C(C2)=O)O)=O,"InChI=1S/C15H12O8/c16-8-2-1-5-3-7-6(4-9(17)10(5)11(8)18)13(23-15(7)22)12(19)14(20)21/h1-3,6,12-13,16,18-19H,4H2,(H,20,21)/t6-,12+,13-/m1/s1",QJFZGBKGPFURBJ-UAMTVZLOSA-N,川芎
CX-051,,Chuanxiongoside A,C18H28O9,388.4130 ,2197167-42-1,,其他,CCCC[C@H]1C2=C(C(O1)=O)[C@H]([C@H](CC2)O[C@@H]3O[C@@H]([C@H]([C@@H]([C@H]3O)O)O)CO)O,"InChI=1S/C18H28O9/c1-2-3-4-9-8-5-6-10(13(20)12(8)17(24)25-9)26-18-16(23)15(22)14(21)11(7-19)27-18/h9-11,13-16,18-23H,2-7H2,1H3/t9-,10-,11+,13-,14+,15-,16+,18+/m0/s1",MFDNICWIWGMCSB-SJJFVWNQSA-N,川芎
CX-052,,Chuanxiongoside B,C23H36O12,504.5290 ,2197167-43-2,,其他,O=C1C2=CCC[C@H]([C@]2([H])[C@H](CCCC)O1)O[C@@H]3O[C@@H]([C@H]([C@@H]([C@H]3O)O)O)CO[C@H]4[C@@H]([C@](O)(CO4)CO)O,"InChI=1S/C23H36O12/c1-2-3-6-12-15-11(20(29)33-12)5-4-7-13(15)34-21-18(27)17(26)16(25)14(35-21)8-31-22-19(28)23(30,9-24)10-32-22/h5,12-19,21-22,24-28,30H,2-4,6-10H2,1H3/t12-,13+,14+,15-,16+,17-,18+,19-,21+,22+,23+/m0/s1",GHEHPZOLVPNINK-JUTIOQHSSA-N,川芎
CX-053,,Ansaspirolide,C24H26O4,378.4680 ,879496-44-3,,挥发油,CCC[C@H]1[C@]2(C3=CC=CC=C3C(O2)=O)[C@@]45C(C(O/C5=C\CCC)=O)=C[C@]1([H])CC4,"InChI=1S/C24H26O4/c1-3-5-11-20-23-13-12-15(14-19(23)22(26)27-20)17(8-4-2)24(23)18-10-7-6-9-16(18)21(25)28-24/h6-7,9-11,14-15,17H,3-5,8,12-13H2,1-2H3/b20-11-/t15-,17+,23+,24-/m0/s1",KKXDPTDDMLHVAK-SSYWTAOGSA-N,川芎
CX-054,东当归内酯B,Tokinolide B,C24H28O4,380.4840 ,112966-16-2,,萜类,CCC[C@H]1[C@]2(C3=CC=CC=C3C(O2)=O)[C@@]45C(C(O/C5=C\CCC)=O)=C[C@]1([H])CC4,"InChI=1S/C24H26O4/c1-3-5-11-20-23-13-12-15(14-19(23)22(26)27-20)17(8-4-2)24(23)18-10-7-6-9-16(18)21(25)28-24/h6-7,9-11,14-15,17H,3-5,8,12-13H2,1-2H3/b20-11-/t15-,17+,23+,24-/m0/s1",KKXDPTDDMLHVAK-SSYWTAOGSA-N,川芎
CX-055,,Chuanxiongdiolide B,C24H32O5,400.5150 ,1617498-39-1,,其他,O=C1[C@]2([C@]3([H])C4=C(CC[C@@H]3O)[C@H](OC4=O)CCCC)C(CCC=C2)=C(O1)CCCC,"InChI=1S/C24H32O5/c1-3-5-10-18-15-12-13-17(25)21(20(15)22(26)28-18)24-14-8-7-9-16(24)19(11-6-4-2)29-23(24)27/h8,14,17-18,21,25H,3-7,9-13H2,1-2H3/t17-,18+,21-,24-/m0/s1",,川芎
CX-056,,Chuanxiongdiolide R3,C25H30O5,410.5100 ,2252390-66-0,,其他,CCCCC([C@]12[C@@]3([C@@H]([C@](CC2)([H])C=C1C(OC)=O)CCC)C4=CC=CC=C4C(O3)=O)=O,"InChI=1S/C25H30O5/c1-4-6-12-21(26)24-14-13-16(15-20(24)23(28)29-3)18(9-5-2)25(24)19-11-8-7-10-17(19)22(27)30-25/h7-8,10-11,15-16,18H,4-6,9,12-14H2,1-3H3/t16-,18+,24+,25+/m0/s1",UEOQSTYKYFTKDQ-BJRXGZSKSA-N,川芎
CX-057,,"(+)-6-3′a,7-6′-Isowallichilide",C25H32O5,412.5620 ,2412597-45-4,,其他,CCCCC([C@@]12[C@]3([H])[C@@]([C@@](CC2)([H])C=C1C(OC)=O)([H])C4=C(/C(OC4=O)=C/CCC)CC3)=O,"InChI=1S/C25H32O5/c1-4-6-8-19-16-10-11-17-21(22(16)24(28)30-19)15-12-13-25(17,20(26)9-7-5-2)18(14-15)23(27)29-3/h8,14-15,17,21H,4-7,9-13H2,1-3H3/b19-8-/t15-,17+,21+,25+/m1/s1",CDSAAMAQEXIOJP-XPBJZXFGSA-N,川芎
CX-058,,"(-)-6-3′a,7-6′-Isowallichilide",C25H32O5,412.5620 ,2412597-46-5,,其他,CCCCC([C@]12[C@@]3([H])[C@]([C@](CC2)([H])C=C1C(OC)=O)([H])C4=C(/C(OC4=O)=C/CCC)CC3)=O,"InChI=1S/C25H32O5/c1-4-6-8-19-16-10-11-17-21(22(16)24(28)30-19)15-12-13-25(17,20(26)9-7-5-2)18(14-15)23(27)29-3/h8,14-15,17,21H,4-7,9-13H2,1-3H3/b19-8-/t15-,17+,21+,25+/m0/s1",CDSAAMAQEXIOJP-CDVLWYAESA-N,川芎
CX-059,,Tokiaerialide,C24H28O4,380.4840 ,2064312-35-0,,其他,O=C1[C@]23[C@@]4(C5=C(C=CCC5)C(O4)=O)[C@@H]([C@]2(CCC=C3)/C(O1)=C/CCC)CCC,"InChI=1S/C24H28O4/c1-3-5-13-19-22-14-8-9-15-23(22,21(26)27-19)24(18(22)10-4-2)17-12-7-6-11-16(17)20(25)28-24/h6,9,11,13,15,18H,3-5,7-8,10,12,14H2,1-2H3/b19-13-/t18-,22-,23+,24-/m1/s1",GDHPOKXLBIUVCW-HLZAMITDSA-N,川芎
CX-060, 烟酸,Nicotinic acid,C6H5NO2,123.1110 ,59-67-6,,生物碱,O=C(C1=CC=CN=C1)O,"InChI=1S/C6H5NO2/c8-6(9)5-2-1-3-7-4-5/h1-4H,(H,8,9)",PVNIIMVLHYAWGP-UHFFFAOYSA-N,川芎
CX-061,肉桂酸,Cinnamic acid,C9H8O2,148.1610 ,621-82-9,,挥发油,O=C(/C=C/C1=CC=CC=C1)O,"InChI=1S/C9H8O2/c10-9(11)7-6-8-4-2-1-3-5-8/h1-7H,(H,10,11)/b7-6+",WBYWAXJHAXSJNI-VOTSOKGWSA-N,川芎
CX-062,水杨酸,Salicylic acid,C7H6O3,138.1220 ,69-72-7,,酚酸,O=C(C1=C(O)C=CC=C1)O,"InChI=1S/C7H6O3/c8-6-4-2-1-3-5(6)7(9)10/h1-4,8H,(H,9,10)",YGSDEFSMJLZEOE-UHFFFAOYSA-N,川芎
CX-063,邻苯二甲酸,phthalic acid,C8H6O4,166.1320 ,88-99-3,,酚酸,O=C(C1=C(C(O)=O)C=CC=C1)O,"InChI=1S/C8H6O4/c9-7(10)5-3-1-2-4-6(5)8(11)12/h1-4H,(H,9,10)(H,11,12)",XNGIFLGASWRNHJ-UHFFFAOYSA-N,川芎
CX-064,对羟基苯甲酸,p-hydroxybenzoic acid,C7H6O3,138.1220 ,99-96-7,,酚酸,O=C(C1=CC=C(C=C1)O)O,"InChI=1S/C7H6O3/c8-6-3-1-5(2-4-6)7(9)10/h1-4,8H,(H,9,10)",FJKROLUGYXJWQN-UHFFFAOYSA-N,川芎
CX-065,阿魏酸,ferulic acid,C10H10O4,194.1860 ,1135-24-6,,苯丙素,O=C(/C=C/C1=CC=C(C(OC)=C1)O)O,"InChI=1S/C10H10O4/c1-14-9-6-7(2-4-8(9)11)3-5-10(12)13/h2-6,11H,1H3,(H,12,13)/b5-3+",KSEBMYQBYZTDHS-HWKANZROSA-N,川芎
CX-066,咖啡酸,caffeic acid,C9H8O4,180.1590 ,331-39-5,,苯丙素,O=C(/C=C/C1=CC=C(C(O)=C1)O)O,"InChI=1S/C9H8O4/c10-7-3-1-6(5-8(7)11)2-4-9(12)13/h1-5,10-11H,(H,12,13)/b4-2+",QAIPRVGONGVQAS-DUXPYHPUSA-N,川芎
CX-067,原儿茶酸,protocatechuic acid,C7H6O4,154.1210 ,99-50-3,,酚酸,O=C(C1=CC=C(C(O)=C1)O)O,"InChI=1S/C7H6O4/c8-5-2-1-4(7(10)11)3-6(5)9/h1-3,8-9H,(H,10,11)",YQUVCSBJEUQKSH-UHFFFAOYSA-N,川芎
CX-068,香兰素,vanillin,C8H8O3,152.1490 ,121-33-5,,其他,O=CC1=CC=C(C(OC)=C1)O,"InChI=1S/C8H8O3/c1-11-8-4-6(5-9)2-3-7(8)10/h2-5,10H,1H3",MWOOGOJBHIARFG-UHFFFAOYSA-N,川芎
CX-069,没食子酸,gallic acid,C7H6O5,170.1220 ,149-91-7,,酚酸,O=C(C1=CC(O)=C(C(O)=C1)O)O,"InChI=1S/C7H6O5/c8-4-1-3(7(11)12)2-5(9)6(4)10/h1-2,8-10H,(H,11,12)",LNTHITQWFMADLM-UHFFFAOYSA-N,川芎
CX-070, 芥子酸,sinapic acid,C11H12O5,224.2120 ,530-59-6,,苯丙素,O=C(/C=C/C1=CC(OC)=C(O)C(OC)=C1)O,"InChI=1S/C11H12O5/c1-15-8-5-7(3-4-10(12)13)6-9(16-2)11(8)14/h3-6,14H,1-2H3,(H,12,13)/b4-3+",PCMORTLOPMLEFB-ONEGZZNKSA-N,川芎
CX-071,大黄酚,chrysophanol,C15H10O4,254.2410 ,481-74-3,,醌类,O=C1C2=C(C(C3=C(C=C(C)C=C13)O)=O)C(O)=CC=C2,"InChI=1S/C15H10O4/c1-7-5-9-13(11(17)6-7)15(19)12-8(14(9)18)3-2-4-10(12)16/h2-6,16-17H,1H3",LQGUBLBATBMXHT-UHFFFAOYSA-N,川芎
CX-072,绿原酸,chlorogenic acid,C16H18O9,354.3110 ,327-97-9,,酚酸,OC(C=C1/C=C/C(O[C@@H]2C[C@@](O)(C[C@H]([C@H]2O)O)C(O)=O)=O)=C(C=C1)O,"InChI=1S/C16H18O9/c17-9-3-1-8(5-10(9)18)2-4-13(20)25-12-7-16(24,15(22)23)6-11(19)14(12)21/h1-5,11-12,14,17-19,21,24H,6-7H2,(H,22,23)/b4-2+/t11-,12-,14-,16+/m1/s1",CWVRJTMFETXNAD-JUHZACGLSA-N,川芎
CX-073,丁二酸,succinic acid,C4H6O4,118.0880 ,110-15-6,,酚酸,O=C(CCC(O)=O)O,"InChI=1S/C4H6O4/c5-3(6)1-2-4(7)8/h1-2H2,(H,5,6)(H,7,8)",KDYFGRWQOYBRFD-UHFFFAOYSA-N,川芎
CX-074,棕榈酸,palmitic acid,C16H32O2,256.4300 ,57-10-3,,脂肪酸类,O=C(CCCCCCCCCCCCCCC)O,"InChI=1S/C16H32O2/c1-2-3-4-5-6-7-8-9-10-11-12-13-14-15-16(17)18/h2-15H2,1H3,(H,17,18)",IPCSVZSSVZVIGE-UHFFFAOYSA-N,川芎
CX-075,亚油酸,linoleic acid,C18H32O2,280.4520 ,60-33-3,,脂肪酸类,CCCCC/C=C\C/C=C\CCCCCCCC(O)=O,"InChI=1S/C18H32O2/c1-2-3-4-5-6-7-8-9-10-11-12-13-14-15-16-17-18(19)20/h6-7,9-10H,2-5,8,11-17H2,1H3,(H,19,20)/b7-6-,10-9-",OYHQOLUKZRVURQ-HZJYTTRNSA-N,川芎
CX-076,油酸,oleic acid,C18H34O2,282.4680 ,112-80-1,,脂肪酸类,CCCCCCCC/C=C\CCCCCCCC(O)=O,"InChI=1S/C18H34O2/c1-2-3-4-5-6-7-8-9-10-11-12-13-14-15-16-17-18(19)20/h9-10H,2-8,11-17H2,1H3,(H,19,20)/b10-9-",ZQPPMHVWECSIRJ-KTKRTIGZSA-N,川芎
CX-077,亚叶酸,folinic acid,C20H23N7O7,473.4460 ,58-05-9,,生物碱,O=CN1C2=C(NC(N)=NC2=O)NCC1CNC3=CC=C(C=C3)C(N[C@H](C(O)=O)CCC(O)=O)=O,"InChI=1S/C20H23N7O7/c21-20-25-16-15(18(32)26-20)27(9-28)12(8-23-16)7-22-11-3-1-10(2-4-11)17(31)24-13(19(33)34)5-6-14(29)30/h1-4,9,12-13,22H,5-8H2,(H,24,31)(H,29,30)(H,33,34)(H4,21,23,25,26,32)/t12?,13-/m0/s1",VVIAGPKUTFNRDU-ABLWVSNPSA-N,川芎
CX-078,,augustic acid,C30H48O4,472.7100 ,26707-60-8,,三萜,C[C@]12[C@]3(C([C@@]4([H])[C@@](CC3)(CCC(C)(C4)C)C(O)=O)=CC[C@]1([H])[C@@]5([C@@](C(C)([C@H]([C@H](C5)O)O)C)([H])CC2)C)C,"InChI=1S/C30H48O4/c1-25(2)12-14-30(24(33)34)15-13-28(6)18(19(30)16-25)8-9-22-27(5)17-20(31)23(32)26(3,4)21(27)10-11-29(22,28)7/h8,19-23,31-32H,9-17H2,1-7H3,(H,33,34)/t19-,20-,21-,22+,23-,27-,28+,29+,30-/m0/s1",MDZKJHQSJHYOHJ-KRGADYIYSA-N,川芎
CX-079,川芎三萜,xiongterpene,C39H54O5,602.8560 ,50627-73-1,,三萜,OC([C@]12[C@]([C@H]([C@@H](CC2)C)C)([H])C3=CC[C@@]([C@@]4([C@@](C(C)([C@H](CC4)OC(/C=C/C5=CC=C(C=C5)O)=O)C)([H])CC6)C)([H])[C@]6(C)[C@@]3(CC1)C)=O,"InChI=1S/C39H54O5/c1-24-16-21-39(34(42)43)23-22-37(6)28(33(39)25(24)2)13-14-30-36(5)19-18-31(35(3,4)29(36)17-20-38(30,37)7)44-32(41)15-10-26-8-11-27(40)12-9-26/h8-13,15,24-25,29-31,33,40H,14,16-23H2,1-7H3,(H,42,43)/b15-10+/t24-,25+,29+,30-,31+,33+,36+,37-,38-,39+/m1/s1",ZOXDAGKKDOEJBW-YVZDRRNJSA-N,川芎
CX-080,,ligusticumacid A,C26H28O13,548.4970 ,2573174-07-7,,苯丙素,COC(C=C(C=C1)/C=C(C(O)=O)/OC2=C(C=C(C=C2)/C=C/C(O)=O)OC)=C1O[C@@H]3O[C@@H]([C@H]([C@@H]([C@H]3O)O)O)CO,"InChI=1S/C26H28O13/c1-35-17-9-13(5-8-21(28)29)3-6-15(17)37-19(25(33)34)11-14-4-7-16(18(10-14)36-2)38-26-24(32)23(31)22(30)20(12-27)39-26/h3-11,20,22-24,26-27,30-32H,12H2,1-2H3,(H,28,29)(H,33,34)/b8-5+,19-11+/t20-,22-,23+,24-,26-/m1/s1",SZYMRNHROANIEB-ZUVIQOANSA-N,川芎
CX-081,,ligusticumacid B,C24H26O10,474.4620 ,2573174-08-8,,苯丙素,OC(C=C1)=CC=C1/C=C/C(C=C(C=C2OC)/C=C/C(O)=O)=C2O[C@@H]3O[C@@H]([C@H]([C@@H]([C@H]3O)O)O)CO,"InChI=1S/C24H26O10/c1-32-17-11-14(5-9-19(27)28)10-15(6-2-13-3-7-16(26)8-4-13)23(17)34-24-22(31)21(30)20(29)18(12-25)33-24/h2-11,18,20-22,24-26,29-31H,12H2,1H3,(H,27,28)/b6-2+,9-5+/t18-,20-,21+,22-,24+/m1/s1",PGMFGJCKBAAOTA-NWBAGRDFSA-N,川芎
CX-082,,ligusticumacid C,C25H26O12,518.4710 ,2573174-09-9,,苯丙素,OC([C@H]1C2=CC(/C=C/C(O)=O)=CC(OC)=C2O[C@@H]1C3=CC=C(C=C3)O[C@@H]4O[C@@H]([C@H]([C@@H]([C@H]4O)O)O)CO)=O,"InChI=1S/C25H26O12/c1-34-15-9-11(2-7-17(27)28)8-14-18(24(32)33)22(37-23(14)15)12-3-5-13(6-4-12)35-25-21(31)20(30)19(29)16(10-26)36-25/h2-9,16,18-22,25-26,29-31H,10H2,1H3,(H,27,28)(H,32,33)/b7-2+/t16-,18+,19-,20+,21-,22-,25-/m1/s1",YFWUGFOBGAXOJH-PKGJQKHFSA-N,川芎
CX-083,,ligusticumaldehyde A,C24H28O11,492.4770 ,2573174-19-1,,其他,OC[C@@H]1C2=CC(C=O)=CC(OC)=C2O[C@H]1C3=CC(OC)=C(C=C3)O[C@@H]4O[C@@H]([C@H]([C@@H]([C@H]4O)O)O)CO,"InChI=1S/C24H28O11/c1-31-16-7-12(3-4-15(16)33-24-21(30)20(29)19(28)18(10-27)34-24)22-14(9-26)13-5-11(8-25)6-17(32-2)23(13)35-22/h3-8,14,18-22,24,26-30H,9-10H2,1-2H3/t14-,18-,19-,20+,21-,22+,24-/m1/s1",XVUMJBSEEPMHQR-YRIBFKNTSA-N,川芎
CX-084,,ligusticumacid D,C24H24O11,488.4450 ,2573174-20-4,,其他,OC(C=C1)=CC=C1/C=C/C(OC(C=C(C=C2)/C=C/C(O)=O)=C2O[C@@H]3O[C@@H]([C@H]([C@@H]([C@H]3O)O)O)CO)=O,"InChI=1S/C24H24O11/c25-12-18-21(30)22(31)23(32)24(35-18)34-16-8-3-14(4-9-19(27)28)11-17(16)33-20(29)10-5-13-1-6-15(26)7-2-13/h1-11,18,21-26,30-32H,12H2,(H,27,28)/b9-4+,10-5+/t18-,21-,22+,23-,24-/m1/s1",VZLZROFJUNTYNY-XXHKJZEYSA-N,川芎
CX-085,,ligusticumacid E,C25H26O12,518.4710 ,2573174-21-5,,其他,OC([C@H]1[C@H](C2=CC(OC)=C(C=C2)O[C@@H]3O[C@@H]([C@H]([C@@H]([C@H]3O)O)O)CO)OC(/C1=C/C4=CC=C(C=C4)O)=O)=O,"InChI=1S/C25H26O12/c1-34-16-9-12(4-7-15(16)35-25-21(30)20(29)19(28)17(10-26)36-25)22-18(23(31)32)14(24(33)37-22)8-11-2-5-13(27)6-3-11/h2-9,17-22,25-30H,10H2,1H3,(H,31,32)/b14-8+/t17-,18-,19-,20+,21-,22+,25-/m1/s1",CJFNIXJICGZNMT-PZWDBUPOSA-N,川芎
CX-086,,ligusticumacid F,C33H32O15,668.6640 ,2573174-22-6,,其他,OC([C@H]1[C@H](C2=CC(OC)=C(C=C2)O[C@@H]3O[C@@H]([C@H]([C@@H]([C@H]3O)O)O)COC(C4=CC(OC)=C(C=C4)O)=O)OC(/C1=C/C5=CC=C(C=C5)O)=O)=O,"InChI=1S/C33H32O15/c1-43-22-13-17(5-9-20(22)35)31(41)45-14-24-26(36)27(37)28(38)33(47-24)46-21-10-6-16(12-23(21)44-2)29-25(30(39)40)19(32(42)48-29)11-15-3-7-18(34)8-4-15/h3-13,24-29,33-38H,14H2,1-2H3,(H,39,40)/b19-11+/t24-,25-,26-,27+,28-,29+,33-/m1/s1",ZLPMSIYNPQLRLK-HWOXOQSHSA-N,川芎
CX-087,川芎哚,perlolyrine,C16H12N2O2,264.2840 ,29700-20-7,,生物碱,OCC1=CC=C(C2=NC=CC3=C2NC4=CC=CC=C34)O1,"InChI=1S/C16H12N2O2/c19-9-10-5-6-14(20-10)16-15-12(7-8-17-16)11-3-1-2-4-13(11)18-15/h1-8,18-19H,9H2",KFUCYPGCMLPUMT-UHFFFAOYSA-N,川芎
CX-088,1-乙酰基-Β-咔啉,1-acetyl-β-carboline,C13H10N2O,210.2360 ,50892-83-6,,生物碱,O=C(C)C1=NC=CC2=C1NC3=C2C=CC=C3,"InChI=1S/C13H10N2O/c1-8(16)12-13-10(6-7-14-12)9-4-2-3-5-11(9)15-13/h2-7,15H,1H3",NXZSUJKPVSDFNF-UHFFFAOYSA-N,川芎
CX-089,腺苷,adenosine,C10H13N5O4,267.2450 ,58-61-7,,其他,O[C@H]1[C@@H](O[C@@H]([C@H]1O)CO)N2C3=NC=NC(N)=C3N=C2,"InChI=1S/C10H13N5O4/c11-8-5-9(13-2-12-8)15(3-14-5)10-7(18)6(17)4(1-16)19-10/h2-4,6-7,10,16-18H,1H2,(H2,11,12,13)/t4-,6-,7-,10-/m1/s1",OIRDTQYFTABQOQ-KQYNXXCUSA-N,川芎
CX-090,尿嘧啶,uracil,C4H4N2O2,112.0880 ,66-22-8,,其他,O=C1C=CNC(N1)=O,"InChI=1S/C4H4N2O2/c7-3-1-2-5-4(8)6-3/h1-2H,(H2,5,6,7,8)",ISAKRJDGNUQOIC-UHFFFAOYSA-N,川芎
CX-091,腺嘌呤,adenine,C5H5N5,135.1300 ,73-24-5,,其他,NC1=NC=NC2=C1NC=N2,"InChI=1S/C5H5N5/c6-4-3-5(9-1-7-3)10-2-8-4/h1-2H,(H3,6,7,8,9,10)",GFFGJBXGBJISGV-UHFFFAOYSA-N,川芎
CX-092,三甲胺,trimethylamine,C3H9N,59.1120 ,75-50-3,,其他,CN(C)C,InChI=1S/C3H9N/c1-4(2)3/h1-3H3,GETQZCLCWQTVFV-UHFFFAOYSA-N,川芎
CX-093,胆碱,choline,C5H14NO,104.1725 ,62-49-7,,其他,OCC[N+](C)(C)C,"InChI=1S/C5H14NO/c1-6(2,3)4-5-7/h7H,4-5H2,1-3H3/q+1",OEYIOHPDSNJKLS-UHFFFAOYSA-N,川芎
CX-094,,aspergiketone,C15H22O3,250.3380 ,2170261-32-0,,萜类,C/C(C)=C\[C@H]1[C@@]2(C[C@](C(CC2)=C)([H])[C@](O)(C1=O)C)O,"InChI=1S/C15H22O3/c1-9(2)7-11-13(16)14(4,17)12-8-15(11,18)6-5-10(12)3/h7,11-12,17-18H,3,5-6,8H2,1-2,4H3/t11-,12+,14+,15-/m1/s1",WDQWJAUHOXOJKS-PAPYEOQZSA-N,川芎
CX-095,芹菜素,APIGENIN, C15H10O5,270.2400 ,520-36-5,,黄酮,O=C(C1=C(O)C=C(O)C=C1O2)C=C2C3=CC=C(O)C=C3,"InChI=1S/C15H10O5/c16-9-3-1-8(2-4-9)13-7-12(19)15-11(18)5-10(17)6-14(15)20-13/h1-7,16-18H",KZNIFHPLKGYRTM-UHFFFAOYSA-N,川芎
CX-096,槲皮素,quercetin,C15H10O7,302.2308 ,117-39-5,,黄酮,O=C1C(O)=C(C2=CC(O)=C(O)C=C2)OC3=C1C(O)=CC(O)=C3,"InChI=1S/C15H10O7/c16-7-4-10(19)12-11(5-7)22-15(14(21)13(12)20)6-1-2-8(17)9(18)3-6/h1-5,16-19,21H",REFJWTPEDVJJIY-UHFFFAOYSA-N,川芎
CX-097,大豆黄素,daidzein,C15H10O4,254.2410 ,486-66-8,,黄酮,O=C1C(C2=CC=C(O)C=C2)=COC3=CC(O)=CC=C13,"InChI=1S/C15H10O4/c16-10-3-1-9(2-4-10)13-8-19-14-7-11(17)5-6-12(14)15(13)18/h1-8,16-17H",ZQSIJRDFPHDXIC-UHFFFAOYSA-N,川芎
CX-098,大豆苷,daidzin,C21H20O9,416.3820 ,552-66-9,,黄酮,O=C1C2=CC=C(O[C@@H]3O[C@@H]([C@H]([C@@H]([C@H]3O)O)O)CO)C=C2OC=C1C4=CC=C(C=C4)O,"InChI=1S/C21H20O9/c22-8-16-18(25)19(26)20(27)21(30-16)29-12-5-6-13-15(7-12)28-9-14(17(13)24)10-1-3-11(23)4-2-10/h1-7,9,16,18-23,25-27H,8H2/t16-,18-,19+,20-,21-/m1/s1",KYQZWONCHDNPDP-QNDFHXLGSA-N,川芎
CX-099,紫云英苷,astragalin,C21H20O11,448.3800 ,480-10-4,,黄酮,O=C1C2=C(O)C=C(O)C=C2OC(C3=CC=C(C=C3)O)=C1O[C@@H]4O[C@@H]([C@H]([C@@H]([C@H]4O)O)O)CO,"InChI=1S/C21H20O11/c22-7-13-15(26)17(28)18(29)21(31-13)32-20-16(27)14-11(25)5-10(24)6-12(14)30-19(20)8-1-3-9(23)4-2-8/h1-6,13,15,17-18,21-26,28-29H,7H2/t13-,15-,17+,18-,21+/m1/s1",JPUKWEQWGBDDQB-QSOFNFLRSA-N,川芎
CX-100,孕烯醇酮,pregnenolone,C21H32O2,316.4850 ,145-13-1,,其他,C[C@@]12[C@]3([H])[C@](CC=C1C[C@H](CC2)O)([H])[C@@]4([H])[C@](CC3)([C@H](CC4)C(C)=O)C,"InChI=1S/C21H32O2/c1-13(22)17-6-7-18-16-5-4-14-12-15(23)8-10-20(14,2)19(16)9-11-21(17,18)3/h4,15-19,23H,5-12H2,1-3H3/t15-,16-,17+,18-,19-,20-,21+/m0/s1",ORNBQBCIOKFOEO-QGVNFLHTSA-N,川芎
CX-101,胡萝卜苷,daucosterol,C35H60O6,576.4390 ,474-58-8,,甾体,C[C@@]12[C@](CC[C@]2([H])[C@H](C)CC[C@@H](CC)C(C)C)([H])[C@@]3([H])[C@@](CC1)([H])[C@@]4(C(C[C@H](CC4)O[C@@H]5O[C@@H]([C@H]([C@@H]([C@H]5O)O)O)CO)=CC3)C,"InChI=1S/C35H60O6/c1-7-22(20(2)3)9-8-21(4)26-12-13-27-25-11-10-23-18-24(14-16-34(23,5)28(25)15-17-35(26,27)6)40-33-32(39)31(38)30(37)29(19-36)41-33/h10,20-22,24-33,36-39H,7-9,11-19H2,1-6H3/t21-,22-,24+,25+,26-,27+,28+,29-,30-,31+,32-,33-,34+,35-/m1/s1",NPJICTMALKLTFW-OFUAXYCQSA-N,川芎
CX-102,β-谷甾醇,β-sitosterol,C29H50O,414.7180 ,83-46-5,,三萜,C[C@@]12[C@](CC[C@]2([H])[C@H](C)CC[C@@H](CC)C(C)C)([H])[C@@]3([H])[C@@](CC1)([H])[C@@]4(C(C[C@H](CC4)O)=CC3)C,"InChI=1S/C29H50O/c1-7-21(19(2)3)9-8-20(4)25-12-13-26-24-11-10-22-18-23(30)14-16-28(22,5)27(24)15-17-29(25,26)6/h10,19-21,23-27,30H,7-9,11-18H2,1-6H3/t20-,21-,23+,24+,25-,26+,27+,28+,29-/m1/s1",KZJWDPNRJALLNS-VJSFXXLFSA-N,川芎
CX-103,,campest-4-en-3-one,C28H46O,398.6750 ,22260-46-4,,三萜,C[C@@]12[C@](CC[C@]2([H])[C@H](C)CC[C@@H](C)C(C)C)([H])[C@@]3([H])[C@@](CC1)([H])[C@@]4(C(CC3)=CC(CC4)=O)C,"InChI=1S/C28H46O/c1-18(2)19(3)7-8-20(4)24-11-12-25-23-10-9-21-17-22(29)13-15-27(21,5)26(23)14-16-28(24,25)6/h17-20,23-26H,7-16H2,1-6H3/t19-,20-,23+,24-,25+,26+,27+,28-/m1/s1",QQIOPZFVTIHASB-IMUDCKKOSA-N,川芎
CX-104,东莨菪内酯,scopoletin,C10H8O4,192.1700 ,92-61-5,,香豆素,O=C1OC2=C(C=C1)C=C(OC)C(O)=C2,"InChI=1S/C10H8O4/c1-13-9-4-6-2-3-10(12)14-8(6)5-7(9)11/h2-5,11H,1H3",RODXRVNMMDRFIK-UHFFFAOYSA-N,川芎
CX-105,淫羊藿次苷 F2,Icariside F2,C18H26O10,402.3960 ,115009-57-9,,其他,O[C@H]([C@H]([C@@H]1O)O)[C@H](OCC2=CC=CC=C2)O[C@@H]1CO[C@H]3[C@@H]([C@](O)(CO3)CO)O,"InChI=1S/C18H26O10/c19-8-18(24)9-27-17(15(18)23)26-7-11-12(20)13(21)14(22)16(28-11)25-6-10-4-2-1-3-5-10/h1-5,11-17,19-24H,6-9H2/t11-,12-,13+,14-,15+,16-,17-,18-/m1/s1",NJMQSVWMCODQIP-FQXXIRCGSA-N,川芎
CX-106,阿魏酸松柏酯,coniferyl ferulate,C20H20O6,356.3740 ,63644-62-2,,苯丙素,O=C(/C=C/C1=CC=C(C(OC)=C1)O)OC/C=C/C2=CC=C(C(OC)=C2)O,"InChI=1S/C20H20O6/c1-24-18-12-14(5-8-16(18)21)4-3-11-26-20(23)10-7-15-6-9-17(22)19(13-15)25-2/h3-10,12-13,21-22H,11H2,1-2H3/b4-3+,10-7+",PGLIMMMHQDNVRS-YZQQHVNFSA-N,川芎
CX-107,金色酰胺醇酯,aurantiamide acetate,C27H28N2O4,444.5310 ,56121-42-7,,其他,CC(OC[C@H](CC1=CC=CC=C1)NC([C@@H](NC(C2=CC=CC=C2)=O)CC3=CC=CC=C3)=O)=O,"InChI=1S/C27H28N2O4/c1-20(30)33-19-24(17-21-11-5-2-6-12-21)28-27(32)25(18-22-13-7-3-8-14-22)29-26(31)23-15-9-4-10-16-23/h2-16,24-25H,17-19H2,1H3,(H,28,32)(H,29,31)/t24-,25-/m0/s1",VZPAURMDJZOGHU-DQEYMECFSA-N,川芎
CX-108,过氧化麦角甾醇,ergosterol peroxide,C28H44O3,428.6570 ,2061-64-5,,甾体,C[C@@]12[C@]3([H])[C@]4(C=C[C@]1(C[C@H](CC2)O)OO4)[C@@]5([H])[C@](CC3)([C@@](CC5)([H])[C@H](C)/C=C/[C@H](C)C(C)C)C,"InChI=1S/C28H44O3/c1-18(2)19(3)7-8-20(4)22-9-10-23-25(22,5)13-12-24-26(6)14-11-21(29)17-27(26)15-16-28(23,24)31-30-27/h7-8,15-16,18-24,29H,9-14,17H2,1-6H3/b8-7+/t19-,20+,21-,22+,23+,24+,25+,26+,27+,28-/m0/s1",VXOZCESVZIRHCJ-KGHQQZOUSA-N,川芎
CX-109,二十四烷酸,lignoceric acid,C24H48O2,368.6460 ,557-59-5,,脂肪酸类,O=C(CCCCCCCCCCCCCCCCCCCCCCC)O,"InChI=1S/C24H48O2/c1-2-3-4-5-6-7-8-9-10-11-12-13-14-15-16-17-18-19-20-21-22-23-24(25)26/h2-23H2,1H3,(H,25,26)",QZZGJDVWLFXDLK-UHFFFAOYSA-N,川芎
CX-110,洋川芎内酯O,Senkyunolide O,C24H28O4,380.4840 ,142797-35-1,,萜类,CCC/C=C1[C@@]23[C@@]4([H])C5=C(CC[C@@]4([H])[C@@](CC3)([H])C=C2C(O/1)=O)/C(OC5=O)=C\CCC,"InChI=1S/C24H28O4/c1-3-5-7-18-16-10-9-15-14-11-12-24(21(15)20(16)23(26)27-18)17(13-14)22(25)28-19(24)8-6-4-2/h7-8,13-15,21H,3-6,9-12H2,1-2H3/b18-7+,19-8-/t14-,15+,21-,24+/m1/s1",UBBRXVRQZJSDAK-ZWIMZASDSA-N,川芎
CX-111,新当归内酯,angelicide,C24H28O4,380.4840 ,92935-94-9,,挥发油,CCCC1C2(C3=C(C=CCC3)C(O2)=O)C4([H])C1([H])CCC5=C4C(O/C5=C\CCC)=O,"InChI=1S/C24H28O4/c1-3-5-11-19-16-13-12-14-17(8-4-2)24(21(14)20(16)23(26)27-19)18-10-7-6-9-15(18)22(25)28-24/h6,9,11,14,17,21H,3-5,7-8,10,12-13H2,1-2H3/b19-11-",TYSOMZQRYGBSKN-ODLFYWEKSA-N,川芎
CX-112,亚油酸,"9,12-Octadecadienoic acid",C18H32O2,280.4520 ,2197-37-7,,脂肪酸类,O=C(CCCCCCC/C=C/C/C=C/CCCCC)O,"InChI=1S/C18H32O2/c1-2-3-4-5-6-7-8-9-10-11-12-13-14-15-16-17-18(19)20/h6-7,9-10H,2-5,8,11-17H2,1H3,(H,19,20)/b7-6+,10-9+",OYHQOLUKZRVURQ-AVQMFFATSA-N,川芎
CX-113,2-羟基-5-甲基苯乙酮,2′-Hydroxy-5′-methylacetophenone,C9H10O2,150.1770 ,1450-72-2,,其他,O=C(C)C1=CC(C)=CC=C1O,"InChI=1S/C9H10O2/c1-6-3-4-9(11)8(5-6)7(2)10/h3-5,11H,1-2H3",YNPDFBFVMJNGKZ-UHFFFAOYSA-N,川芎
CX-114,左旋-β-蒎烯,(-)-β-Pinene,C10H16,136.2380 ,18172-67-3,,萜类,CC1([C@@]2([H])C[C@]1([H])CCC2=C)C,"InChI=1S/C10H16/c1-7-4-5-8-6-9(7)10(8,2)3/h8-9H,1,4-6H2,2-3H3/t8-,9-/m0/s1",WTARULDDTDQWMU-IUCAKERBSA-N,川芎
CX-115,左旋-α-蒎烯,(-)-α-Pinene,C10H16,136.2380 ,7785-26-4,,萜类,CC1([C@@]2([H])C[C@]1([H])CC=C2C)C,"InChI=1S/C10H16/c1-7-4-5-8-6-9(7)10(8,2)3/h4,8-9H,5-6H2,1-3H3/t8-,9-/m0/s1",GRWFGVWFFZKLTI-IUCAKERBSA-N,川芎
CX-116,,Campholenal,C10H16O,152.2370 ,23727-15-3,,萜类,O=CC[C@H]1C(C)(C(C)=CC1)C,"InChI=1S/C10H16O/c1-8-4-5-9(6-7-11)10(8,2)3/h4,7,9H,5-6H2,1-3H3/t9-/m0/s1",OGCGGWYLHSJRFY-VIFPVBQESA-N,川芎
CX-117,桉叶油醇,"1,8-Cineole",C10H18O,154.2530 ,470-82-6,,萜类,CC1(C)OC2(C)CCC1CC2,"InChI=1S/C10H18O/c1-9(2)8-4-6-10(3,11-9)7-5-8/h8H,4-7H2,1-3H3",WEEGYLXZBRQIMU-UHFFFAOYSA-N,川芎
CX-118,水芹醛,Phellandral,C10H16O,152.2370 ,21391-98-0,,萜类,O=CC1=CCC(C(C)C)CC1,"InChI=1S/C10H16O/c1-8(2)10-5-3-9(7-11)4-6-10/h3,7-8,10H,4-6H2,1-2H3",AEVLWICMAHGAMS-UHFFFAOYSA-N,川芎
CX-119,莰烯,(±)-Camphene,C10H16,136.2380 ,79-92-5,,萜类,C=C1C2CCC(C1(C)C)C2,"InChI=1S/C10H16/c1-7-8-4-5-9(6-8)10(7,2)3/h8-9H,1,4-6H2,2-3H3",CRPUJAZIXJMDBK-UHFFFAOYSA-N,川芎
CX-120,α-松油醇,(-)-α-Terpineol,C10H18O,154.2530 ,10482-56-1,,萜类,CC(O)([C@H]1CCC(C)=CC1)C,"InChI=1S/C10H18O/c1-8-4-6-9(7-5-8)10(2,3)11/h4,9,11H,5-7H2,1-3H3/t9-/m1/s1",WUOACPNHFRMFPN-SECBINFHSA-N,川芎
CX-121,(-)-Α-荜澄茄油烯,alpha-Cubebene,C15H24,204.3570 ,17699-14-8,,萜类,C[C@H]1[C@]23[C@@]([C@@H](CC1)C(C)C)([H])[C@@]2([H])C(C)=CC3,"InChI=1S/C15H24/c1-9(2)12-6-5-11(4)15-8-7-10(3)13(15)14(12)15/h7,9,11-14H,5-6,8H2,1-4H3/t11-,12+,13-,14-,15+/m1/s1",XUEHVOLRMXNRKQ-KHMAMNHCSA-N,川芎
CX-122,4-异丙基甲苯,p-Cymene,C10H14,134.2220 ,4939-75-7,,萜类,CC1=CC=C(C(C)C)C=C1,"InChI=1S/C10H14/c1-8(2)10-6-4-9(3)5-7-10/h4-8H,1-3H3",HFPZCAJZSCWRBC-UHFFFAOYSA-N,川芎
CX-123,壬醛,Nonanal,C9H18O,142.2420 ,124-19-6,,脂肪酸类,O=CCCCCCCCC,"InChI=1S/C9H18O/c1-2-3-4-5-6-7-8-9-10/h9H,2-8H2,1H3",GYHFUZHODSMOHU-UHFFFAOYSA-N,川芎
CX-124,,α-Thujene,C10H16,136.2380 ,1406-51-5,,萜类,CC1=CCC2(C(C)C)CC12,"InChI=1S/C10H16/c1-7(2)10-5-4-8(3)9(10)6-10/h4,7,9H,5-6H2,1-3H3",KQAZVFVOEIRWHN-UHFFFAOYSA-N,川芎
CX-125,,(-)-Bornyl acetate,C12H20O2,196.2900 ,6626-35-3,,萜类,C[C@@]12[C@@H](C[C@@](CC2)([H])C1(C)C)OC(C)=O,"InChI=1S/C12H20O2/c1-8(13)14-10-7-9-5-6-12(10,4)11(9,2)3/h9-10H,5-7H2,1-4H3/t9-,10+,12+/m0/s1",KGEKLUUHTZCSIP-HOSYDEDBSA-N,川芎
CX-126,d-莰烯,d-Camphene,C10H16,136.2380 ,5794-03-6,,萜类,CC1([C@@]2([H])C[C@@](CC2)([H])C1=C)C,"InChI=1S/C10H16/c1-7-8-4-5-9(6-8)10(7,2)3/h8-9H,1,4-6H2,2-3H3/t8-,9+/m0/s1",CRPUJAZIXJMDBK-DTWKUNHWSA-N,川芎
CX-127,十五烷酸甲醚,Methyl pentadecanoate,C16H32O2,256.4300 ,7132-64-1,,脂肪酸类,O=C(CCCCCCCCCCCCCC)OC,"InChI=1S/C16H32O2/c1-3-4-5-6-7-8-9-10-11-12-13-14-15-16(17)18-2/h3-15H2,1-2H3",XIUXKAZJZFLLDQ-UHFFFAOYSA-N,川芎
CX-128,腺嘌呤,Adenine,C5H5N5,135.1300 ,73-24-5,,其他,NC1=NC=NC2=C1NC=N2,"InChI=1S/C5H5N5/c6-4-3-5(9-1-7-3)10-2-8-4/h1-2H,(H3,6,7,8,9,10)",GFFGJBXGBJISGV-UHFFFAOYSA-N,川芎
CX-129,腺苷,Adenosine,C10H13N5O4,267.2450 ,46946-45-6,,其他,O[C@H]1[C@@H](O[C@@H]([C@H]1O)CO)N2C3=NC=NC(N)=C3N=C2,"InChI=1S/C10H13N5O4/c11-8-5-9(13-2-12-8)15(3-14-5)10-7(18)6(17)4(1-16)19-10/h2-4,6-7,10,16-18H,1H2,(H2,11,12,13)/t4-,6-,7-,10-/m1/s1",OIRDTQYFTABQOQ-KQYNXXCUSA-N,川芎
CX-130,4-乙烯基-2-甲氧基苯酚,4-Vinylguaiacol,C9H10O2,150.1770 ,7786-61-0,,其他,OC1=CC=C(C=C1OC)C=C,"InChI=1S/C9H10O2/c1-3-7-4-5-8(10)9(6-7)11-2/h3-6,10H,1H2,2H3",YOMSJEATGXXYPX-UHFFFAOYSA-N,川芎
CX-131,尿嘧啶,Uracil,C4H4N2O2,112.0880 ,66-22-8,,其他,O=C1C=CNC(N1)=O,"InChI=1S/C4H4N2O2/c7-3-1-2-5-4(8)6-3/h1-2H,(H2,5,6,7,8)",ISAKRJDGNUQOIC-UHFFFAOYSA-N,川芎
CX-132,大黄酚,Chrysophanol,C15H10O4,254.2410 ,481-74-3,,醌类,O=C1C2=C(C(C3=C(C=C(C)C=C13)O)=O)C(O)=CC=C2,"InChI=1S/C15H10O4/c1-7-5-9-13(11(17)6-7)15(19)12-8(14(9)18)3-2-4-10(12)16/h2-6,16-17H,1H3",LQGUBLBATBMXHT-UHFFFAOYSA-N,川芎
CX-133,糠醛,Furfural,C5H4O2,96.0850 ,98-01-1,,其他,O=CC1=CC=CO1,InChI=1S/C5H4O2/c6-4-5-2-1-3-7-5/h1-4H,HYBBIBNJHNGZAN-UHFFFAOYSA-N,川芎
CX-134,沉香螺醇,Agarospirol,C15H26O,222.3720 ,1460-73-7,,萜类,C[C@H]1[C@]2(C(C)=CCC1)C[C@@H](CC2)C(C)(O)C,"InChI=1S/C15H26O/c1-11-6-5-7-12(2)15(11)9-8-13(10-15)14(3,4)16/h6,12-13,16H,5,7-10H2,1-4H3/t12-,13-,15+/m1/s1",ICWHTQRTTHCUHW-NFAWXSAZSA-N,川芎
CX-135,亚油酸甲酯,Methyl linoleate,C19H34O2,294.4790 ,112-63-0,,脂肪酸类,CCCCC/C=C\C/C=C\CCCCCCCC(OC)=O,"InChI=1S/C19H34O2/c1-3-4-5-6-7-8-9-10-11-12-13-14-15-16-17-18-19(20)21-2/h7-8,10-11H,3-6,9,12-18H2,1-2H3/b8-7-,11-10-",WTTJVINHCBCLGX-NQLNTKRDSA-N,川芎
CX-136,亚油酸乙酯,Ethyl linoleate,C20H36O2,308.5060 ,544-35-4,,脂肪酸类,CCCCC/C=C\C/C=C\CCCCCCCC(OC)=O,"InChI=1S/C19H34O2/c1-3-4-5-6-7-8-9-10-11-12-13-14-15-16-17-18-19(20)21-2/h7-8,10-11H,3-6,9,12-18H2,1-2H3/b8-7-,11-11-",WTTJVINHCBCLGX-NQLNTKRDSA-N,川芎
CX-137,蓝桉醇,Globulol,C15H26O,222.3720 ,489-41-8,,其他,CC1([C@@]2([H])[C@@]3([H])[C@](CC[C@H]3C)([H])[C@](O)(CC[C@]21[H])C)C,"InChI=1S/C15H26O/c1-9-5-6-10-12(9)13-11(14(13,2)3)7-8-15(10,4)16/h9-13,16H,5-8H2,1-4H3/t9-,10-,11-,12-,13-,15-/m1/s1",AYXPYQRXGNDJFU-QTPLKFIXSA-N,川芎
CX-138,苯甲醇,Benzyl alcohol,C7H8O,108.1400 ,1336-27-2,,其他,OCC1=CC=CC=C1,"InChI=1S/C7H8O/c8-6-7-4-2-1-3-5-7/h1-5,8H,6H2",WVDDGKGOMKODPV-UHFFFAOYSA-N,川芎
CX-139,"1,1-二甲基环戊烷","1,1-Dimethylcyclopentane",C7H14,98.1890 ,1638-26-2,,其他,CC1(CCCC1)C,"InChI=1S/C7H14/c1-7(2)5-3-4-6-7/h3-6H2,1-2H3",QWHNJUXXYKPLQM-UHFFFAOYSA-N,川芎
CX-140,α-柏木萜烯,α-Funebrene,C15H24,204.3570 ,50894-66-1,,萜类,C[C@H]1[C@]23[C@](CC1)([H])C(C)([C@](C(C)=CC3)([H])C2)C,"InChI=1S/C15H24/c1-10-7-8-15-9-12(10)14(3,4)13(15)6-5-11(15)2/h7,11-13H,5-6,8-9H2,1-4H3/t11-,12-,13+,15-/m1/s1",IRAQOCYXUMOFCW-GUIRCDHDSA-N,川芎
CX-141,香橙烯,Aromadendrene,C15H24,204.3570 ,489-39-4,,萜类,CC1([C@@]2([H])[C@@]3([H])[C@](CC[C@H]3C)([H])C(CC[C@]21[H])=C)C,"InChI=1S/C15H24/c1-9-6-8-12-14(15(12,3)4)13-10(2)5-7-11(9)13/h10-14H,1,5-8H2,2-4H3/t10-,11+,12-,13-,14-/m1/s1",ITYNGVSTWVVPIC-XVIXHAIJSA-N,川芎
CX-142,顺甲基异丁香酚,cis-Methylisoeugenol,C11H14O2,178.2310 ,6380-24-1,,挥发油,COC1=C(C=CC(/C=C\C)=C1)OC,"InChI=1S/C11H14O2/c1-4-5-9-6-7-10(12-2)11(8-9)13-3/h4-8H,1-3H3/b5-4-",NNWHUJCUHAELCL-PLNGDYQASA-N,川芎
CX-143,麝香草酚,Thymol,C10H14O,150.2210 ,89-83-8,,其他,OC1=CC(C)=CC=C1C(C)C,"InChI=1S/C10H14O/c1-7(2)9-5-4-8(3)6-10(9)11/h4-7,11H,1-3H3",MGSRCZKZVOBKFT-UHFFFAOYSA-N,川芎
CX-144,β-榄香烯,(-)-β-Elemene,C15H24,204.3570 ,515-13-9,,萜类,CC([C@H]1[C@@](C)(CC[C@H](C1)C(C)=C)C=C)=C,"InChI=1S/C15H24/c1-7-15(6)9-8-13(11(2)3)10-14(15)12(4)5/h7,13-14H,1-2,4,8-10H2,3,5-6H3/t13-,14+,15-/m1/s1",OPFTUNCRGUEPRZ-QLFBSQMISA-N,川芎
CX-145,3-异丙基-6-亚甲基-1-环己烯,β-Phellandrene,C10H16,136.2380 ,555-10-2,,其他,C=C1C=CC(C(C)C)CC1,"InChI=1S/C10H16/c1-8(2)10-6-4-9(3)5-7-10/h4,6,8,10H,3,5,7H2,1-2H3",LFJQCDVYDGGFCH-UHFFFAOYSA-N,川芎
CX-146,γ-松油烯,γ-Terpinene,C10H16,136.2380 ,99-85-4,,萜类,CC1=CCC(C(C)C)=CC1,"InChI=1S/C10H16/c1-8(2)10-6-4-9(3)5-7-10/h4,7-8H,5-6H2,1-3H3",YKFLAYDHMOASIY-UHFFFAOYSA-N,川芎
CX-147,,(+)-α-Phellandrene,C10H16,136.2380 ,2243-33-6,,萜类,CC([C@@H]1CC=C(C=C1)C)C,"InChI=1S/C10H16/c1-8(2)10-6-4-9(3)5-7-10/h4-6,8,10H,7H2,1-3H3/t10-/m0/s1",OGLDWXZKYODSOB-JTQLQIEISA-N,川芎
CX-148,"(R)-3,7-二甲基-1,6-辛二烯-3-醇",(-)-Linalool,C10H18O,154.2530 ,126-91-0,,其他,C/C(C)=C\CC[C@@](C)(O)C=C,"InChI=1S/C10H18O/c1-5-10(4,11)8-6-7-9(2)3/h5,7,11H,1,6,8H2,2-4H3/t10-/m0/s1",CDOSHBSSFJOMGT-JTQLQIEISA-N,川芎
CX-149,月桂烯,Myrcene,C10H16,136.2380 ,123-35-3,,其他,C=CC(CC/C=C(C)/C)=C,"InChI=1S/C10H16/c1-5-10(4)8-6-7-9(2)3/h5,7H,1,4,6,8H2,2-3H3",UAHWPYUMFXYFJY-UHFFFAOYSA-N,川芎
CX-150,3-乙基甲苯,1-Ethyl-3-methylbenzene,C9H12,120.1950 ,620-14-4,,其他,CCC1=CC(C)=CC=C1,"InChI=1S/C9H12/c1-3-9-6-4-5-8(2)7-9/h4-7H,3H2,1-2H3",ZLCSFXXPPANWQY-UHFFFAOYSA-N,川芎
CX-151,,Augustic acid,C30H48O4,472.7100 ,26707-60-8,,三萜,C[C@]12[C@]3(C([C@@]4([H])[C@@](CC3)(CCC(C)(C4)C)C(O)=O)=CC[C@]1([H])[C@@]5([C@@](C(C)([C@H]([C@H](C5)O)O)C)([H])CC2)C)C,"InChI=1S/C30H48O4/c1-25(2)12-14-30(24(33)34)15-13-28(6)18(19(30)16-25)8-9-22-27(5)17-20(31)23(32)26(3,4)21(27)10-11-29(22,28)7/h8,19-23,31-32H,9-17H2,1-7H3,(H,33,34)/t19-,20-,21-,22+,23-,27-,28+,29+,30-/m0/s1",MDZKJHQSJHYOHJ-KRGADYIYSA-N,川芎
CX-152,α-芹子烯,α-Selinene,C15H24,254.3570 ,473-13-2,,萜类,C[C@]12[C@@](C(C)=CCC2)([H])C[C@@H](CC1)C(C)=C,"InChI=1S/C15H24/c1-11(2)13-7-9-15(4)8-5-6-12(3)14(15)10-13/h6,13-14H,1,5,7-10H2,2-4H3/t13-,14+,15-/m1/s1",OZQAPQSEYFAMCY-QLFBSQMISA-N,川芎
CX-153,"(E,E)-2,6-二甲基-2,4,6-辛三烯",trans-Alloocimene,C10H16,136.2380 ,3016-19-1,,萜类,C/C(C)=C\C=C\C(C)=C\C,"InChI=1S/C10H16/c1-5-10(4)8-6-7-9(2)3/h5-8H,1-4H3/b8-6+,10-5+",GQVMHMFBVWSSPF-SOYUKNQTSA-N,川芎
CX-154,,Verbenene,C10H14,134.2220 ,4080-46-0,,萜类,C=C1C=CC2CC1C2(C)C,"InChI=1S/C10H14/c1-7-4-5-8-6-9(7)10(8,2)3/h4-5,8-9H,1,6H2,2-3H3",YOQFOABVDRBYCG-UHFFFAOYSA-N,川芎
CX-155,苯戊酮,Valerophenone,C11H14O,162.2320 ,1009-14-9,,苯丙素,O=C(CCCC)C1=CC=CC=C1,"InChI=1S/C11H14O/c1-2-3-9-11(12)10-7-5-4-6-8-10/h4-8H,2-3,9H2,1H3",XKGLSKVNOSHTAD-UHFFFAOYSA-N,川芎
CX-156,丁醛二乙缩醛,"1,1-Diethoxybutane",C8H18O2,146.2300 ,3658-95-5,,其他,CCOC(CCC)OCC,"InChI=1S/C8H18O2/c1-4-7-8(9-5-2)10-6-3/h8H,4-7H2,1-3H3",UVHXZFGCCJLFMX-UHFFFAOYSA-N,川芎
CX-157,,Cyclohexane,C10H20,140.2700 ,6783-92-2,,萜类,CC1CCCC(C)(C)C1C,"InChI=1S/C10H20/c1-8-6-5-7-10(3,4)9(8)2/h8-9H,5-7H2,1-4H3",BUOAKQCLRBVIOX-UHFFFAOYSA-N,川芎
CX-158,环十二烯,Cyciododecene,C12H22,166.3080 ,1501-82-2,,挥发油,C1CCCCC/C=C/CCCC1,"InChI=1S/C12H22/c1-2-4-6-8-10-12-11-9-7-5-3-1/h1-2H,3-12H2/b2-1+",HYPABJGVBDSCIT-OWOJBTEDSA-N,川芎
CX-159,"对薄荷-1,3,8-三烯",p-Menthatriene, C10H14,134.2220 ,18368-95-1,,挥发油,CC1=CC=C(C(C)=C)CC1,"InChI=1S/C10H14/c1-8(2)10-6-4-9(3)5-7-10/h4,6H,1,5,7H2,2-3H3",XNMPFDIYAMOYRM-UHFFFAOYSA-N,川芎
CX-160,2-甲基-5-异丙基-二环[3.1.0]己烷-2-醇,Sabinene hydrate,C10H18O,154.2530 ,546-79-2,,挥发油,CC(C12CCC(C)(O)C1C2)C,"InChI=1S/C10H18O/c1-7(2)10-5-4-9(3,11)8(10)6-10/h7-8,11H,4-6H2,1-3H3",KXSDPILWMGFJMM-UHFFFAOYSA-N,川芎
CX-161,,cis-Piperitol,C10H18O,154.2530 ,16721-38-3,,挥发油,CC1=CC(O)C(C(C)C)CC1,"InChI=1S/C10H18O/c1-7(2)9-5-4-8(3)6-10(9)11/h6-7,9-11H,4-5H2,1-3H3",HPOHAUWWDDPHRS-UHFFFAOYSA-N,川芎
CX-162,beta-细辛脑,beta-Asarone,C12H16O3,208.2570 ,5273-86-9,,挥发油,C/C=C/C1=CC(OC)=C(OC)C=C1OC,"InChI=1S/C12H16O3/c1-5-6-9-7-11(14-3)12(15-4)8-10(9)13-2/h5-8H,1-4H3/b6-5+",RKFAZBXYICVSKP-AATRIKPKSA-N,川芎
CX-163,,beta-Cubebene,C15H24,204.3570 ,13744-15-5,,萜类,CC1CCC(C(C)C)C2C13C2C(CC3)=C,"InChI=1S/C15H24/c1-9(2)12-6-5-11(4)15-8-7-10(3)13(15)14(12)15/h9,11-14H,3,5-8H2,1-2,4H3",FSRZGYRCMPZNJF-UHFFFAOYSA-N,川芎
CX-164,黏蒿三烯,Artemisia triene,C10H16,136.2380 ,29548-02-5,,萜类,CC(/C=C/C(C)(C=C)C)=C,"InChI=1S/C10H16/c1-6-10(4,5)8-7-9(2)3/h6-8H,1-2H2,3-5H3/b8-7+",BYLJEQIUXOYKOB-BQYQJAHWSA-N,川芎
CX-165,β-倍半水芹烯,beta-Sesquiphellandrene, C15H24,204.3570 ,20307-83-9,,萜类,CC(C1CCC(C=C1)=C)CC/C=C(C)\C,"InChI=1S/C15H24/c1-12(2)6-5-7-14(4)15-10-8-13(3)9-11-15/h6,8,10,14-15H,3,5,7,9,11H2,1-2,4H3",PHWISBHSBNDZDX-UHFFFAOYSA-N,川芎
CX-166,瑟丹酸,Sedanonic acid,C12H18O3,210.2730 , 6697-07-0,,酚酸,CCCCC(C1CCCC=C1C(O)=O)=O,"InChI=1S/C12H18O3/c1-2-3-8-11(13)9-6-4-5-7-10(9)12(14)15/h7,9H,2-6,8H2,1H3,(H,14,15)",PHVSWPDOXIQPTN-UHFFFAOYSA-N,川芎
CX-167,孕烯醇酮,pregnenolone,C21H32O2,316.4850 ,145-13-1,,其他,CC(C1CCC2C1(C)CCC3C2CC=C4C3(C)CCC(O)C4)=O,"InChI=1S/C21H32O2/c1-13(22)17-6-7-18-16-5-4-14-12-15(23)8-10-20(14,2)19(16)9-11-21(17,18)3/h4,15-19,23H,5-12H2,1-3H3",ORNBQBCIOKFOEO-UHFFFAOYSA-N,川芎
CX-168,川芎哚,Perlolyrine,C16H12N2O2,264.2840 ,29700-20-7,,生物碱,OCC(O1)=CC=C1C2=NC=CC3=C2NC4=CC=CC=C43,"InChI=1S/C16H12N2O2/c19-9-10-5-6-14(20-10)16-15-12(7-8-17-16)11-3-1-2-4-13(11)18-15/h1-8,18-19H,9H2",KFUCYPGCMLPUMT-UHFFFAOYSA-N,川芎
CX-169,1-乙酰基-2-苯基肼,Hydracetin,C8H10N2O,150.1810 , 114-83-0,,生物碱,CC(NNC1=CC=CC=C1)=O,"InChI=1S/C8H10N2O/c1-7(11)9-10-8-5-3-2-4-6-8/h2-6,10H,1H3,(H,9,11)",UICBCXONCUFSOI-UHFFFAOYSA-N,川芎
CX-170,2-(4-甲基苯基)丙-2-醇,8-Hydroxy-p-cymene,C10H14O,150.2210 ,1197-01-9,,萜类,CC1=CC=C(C(C)(O)C)C=C1,"InChI=1S/C10H14O/c1-8-4-6-9(7-5-8)10(2,3)11/h4-7,11H,1-3H3",XLPDVYGDNRIQFV-UHFFFAOYSA-N,川芎
CX-171,异丁酰苯,Isobutyrophenone, C10H12O,148.2050 ,611-70-1,,挥发油,CC(C(C1=CC=CC=C1)=O)C,"InChI=1S/C10H12O/c1-8(2)10(11)9-6-4-3-5-7-9/h3-8H,1-2H3",BSMGLVDZZMBWQB-UHFFFAOYSA-N,川芎
CX-172, 1-松油醇,1-Terpineol,C10H18O,154.2530 , 586-82-3,,萜类,CC(C1=CCC(C)(O)CC1)C,"InChI=1S/C10H18O/c1-8(2)9-4-6-10(3,11)7-5-9/h4,8,11H,5-7H2,1-3H3",XJWZDXFFNOMMTD-UHFFFAOYSA-N,川芎
CX-173,反式-6-(异丙基)-3-甲基环己-2-烯-1-醇,trans-Piperitol, C10H18O,154.2530 ,16721-39-4,,萜类,CC1=CC(O)C(C(C)C)CC1,"InChI=1S/C10H18O/c1-7(2)9-5-4-8(3)6-10(9)11/h6-7,9-11H,4-5H2,1-3H3",HPOHAUWWDDPHRS-UHFFFAOYSA-N,川芎
CX-174, 1-羟基-3-环己烯,3-Cyclohexen-1-ol,C6H10O,95.1450 ,822-66-2,,其他,OC1CCC=CC1,"InChI=1S/C6H10O/c7-6-4-2-1-3-5-6/h1-2,6-7H,3-5H2",ABZZOPIABWYXSN-UHFFFAOYSA-N,川芎
CX-175,2-甲基苯并唑,2-Methylbenzoxazole,C8H7NO,133.1500 ,95-21-6,,其他,CC1=NC2=CC=CC=C2O1,"InChI=1S/C8H7NO/c1-6-9-7-4-2-3-5-8(7)10-6/h2-5H,1H3",DQSHFKPKFISSNM-UHFFFAOYSA-N,川芎
CX-176,香芹醇, CARVEOL,C10H16O,152.2370 ,99-48-9,,其他,CC1=CCC(C(C)=C)CC1O,"InChI=1S/C10H16O/c1-7(2)9-5-4-8(3)10(11)6-9/h4,9-11H,1,5-6H2,2-3H3",BAVONGHXFVOKBV-UHFFFAOYSA-N,川芎
CX-177,2-甲基-1-苯基丙烯,2-Methyl-1-phenylpropene,C10H12,132.2060 ,768-49-0,,挥发油,C/C(C)=C/C1=CC=CC=C1,"InChI=1S/C10H12/c1-9(2)8-10-6-4-3-5-7-10/h3-8H,1-2H3",BTOVVHWKPVSLBI-UHFFFAOYSA-N,川芎
CX-178,2-丙酰呋喃,2-Propionylfuran,C7H8O2,124.1390 ,3194-15-8,,其他,CCC(C1=CC=CO1)=O,"InChI=1S/C7H8O2/c1-2-6(8)7-4-3-5-9-7/h3-5H,2H2,1H3",HCPORNAVHSWTOJ-UHFFFAOYSA-N,川芎
CX-179,咖啡酸甲酯,Caffeic acid methyl ester,C10H10O4,194.1860 ,3843-74-1,,苯丙素,COC(/C=C/C1=CC(O)=C(O)C=C1)=O,"InChI=1S/C10H10O4/c1-14-10(13)5-3-7-2-4-8(11)9(12)6-7/h2-6,11-12H,1H3/b5-3+",OCNYGKNIVPVPPX-HWKANZROSA-N,川芎
CX-180,异阿魏酸,Isoferulic acid,C10H10O4,194.1860 ,537-73-5,,挥发油,COC1=C(O)C=C(/C=C/C(O)=O)C=C1,"InChI=1S/C10H10O4/c1-14-9-4-2-7(6-8(9)11)3-5-10(12)13/h2-6,11H,1H3,(H,12,13)/b5-3+",QURCVMIEKCOAJU-HWKANZROSA-N,川芎
CX-181,,homosenkyunolide H,C13H18O4,238.2830 ,/,,其他,OC1CCC2=C(C(O/C2=C\CCCC)=O)C1O,"InChI=1S/C13H18O4/c1-2-3-4-5-10-8-6-7-9(14)12(15)11(8)13(16)17-10/h5,9,12,14-15H,2-4,6-7H2,1H3/b10-5-",RPQMMYCOKKAFTQ-YHYXMXQVSA-N,川芎
CX-182,反式咖啡酸乙酯,Ethyl caffeate, C11H12O4,208.2130 ,66648-50-8,,苯丙素,CCOC(/C=C/C1=CC(O)=C(O)C=C1)=O,"InChI=1S/C11H12O4/c1-2-15-11(14)6-4-8-3-5-9(12)10(13)7-8/h3-7,12-13H,2H2,1H3/b6-4+",WDKYDMULARNCIS-GQCTYLIASA-N,川芎
