ұаәЕ,ГыіЖ,УўОДГыіЖ,CASәЕ,·ЦЧУБҝ,·ЦЧУКҪ,2DНј,»ҜәПОпЦЦАа,smiles,inchi,inchikey,Т©ІД
QJZ-001,/,Euphornin A,/,642.75,C38H42O9,,ЭЖАа,O=C(O[C@@H]1[C@@]([C@@H](OC(C)=O)C([C@@H](OC(C2=CC=CC=C2)=O)C[C@@](C3(C)C)([H])[C@@]3([H])/C=C(C)/C4=O)=C)([H])[C@]4(OC(C)=O)C[C@@H]1C)C5=CC=CC=C5,"InChI=1S/C38H42O9/c1-21-18-28-29(37(28,6)7)19-30(45-35(42)26-14-10-8-11-15-26)23(3)33(44-24(4)39)31-32(46-36(43)27-16-12-9-13-17-27)22(2)20-38(31,34(21)41)47-25(5)40/h8-18,22,28-33H,3,19-20H2,1-2,4-7H3/b21-18+/t22-,28+,29-,30-,31+,32-,33-,38+/m0/s1",AFRGWGGHJYMSDU-HQYMUBRJSA-N,З§ҪрЧУ
QJZ-002,/,Euphornin B,/,642.75,C38H42O9,,ЭЖАа,O=C(O[C@@H]1[C@@]([C@@H](OC(C)=O)C([C@@H](OC(C2=CC=CC=C2)=O)C[C@@](C3(C)C)([H])[C@]3([H])/C=C(C)/C4=O)=C)([H])[C@]4(OC(C)=O)C[C@@H]1C)C5=CC=CC=C5,"InChI=1S/C38H42O9/c1-21-18-28-29(37(28,6)7)19-30(45-35(42)26-14-10-8-11-15-26)23(3)33(44-24(4)39)31-32(46-36(43)27-16-12-9-13-17-27)22(2)20-38(31,34(21)41)47-25(5)40/h8-18,22,28-33H,3,19-20H2,1-2,4-7H3/b21-18+/t22-,28-,29-,30-,31+,32-,33-,38+/m0/s1",AFRGWGGHJYMSDU-VJWICQTNSA-N,З§ҪрЧУ
QJZ-003,/,Euphornin C,/,642.75,C38H42O9,,ЭЖАа,O=C(O[C@@H]1[C@@]([C@@H](OC(C)=O)C([C@@H](OC(C2=CC=CC=C2)=O)C[C@@](C3(C)C)([H])[C@]3([H])/C=C(C)/C4=O)=C)([H])[C@]4(OC(C)=O)C[C@@H]1C)C5=CC=CC=C5,"InChI=1S/C38H42O9/c1-21-18-28-29(37(28,6)7)19-30(45-35(42)26-14-10-8-11-15-26)23(3)33(44-24(4)39)31-32(46-36(43)27-16-12-9-13-17-27)22(2)20-38(31,34(21)41)47-25(5)40/h8-18,22,28-33H,3,19-20H2,1-2,4-7H3/b21-18+/t22-,28-,29-,30-,31+,32-,33-,38+/m0/s1",AFRGWGGHJYMSDU-VJWICQTNSA-N,З§ҪрЧУ
QJZ-004,/,Euphornin D,/,558.67,C34H38O7,,ЭЖАа,O=C(O[C@@H]1[C@@]([C@@H](O)C([C@@H](OC(C2=CC=CC=C2)=O)C[C@@](C3(C)C)([H])[C@@]3([H])/C=C(C)/C4=O)=C)([H])[C@]4(O)C[C@@H]1C)C5=CC=CC=C5,"InChI=1S/C34H38O7/c1-19-16-24-25(33(24,4)5)17-26(40-31(37)22-12-8-6-9-13-22)21(3)28(35)27-29(20(2)18-34(27,39)30(19)36)41-32(38)23-14-10-7-11-15-23/h6-16,20,24-29,35,39H,3,17-18H2,1-2,4-5H3/b19-16+/t20-,24+,25-,26-,27-,28-,29-,34+/m0/s1",ZMNHZBLPHKUOCL-ZLRZCHFPSA-N,З§ҪрЧУ
QJZ-005,/,Euphornin E,/,570.68,C32H42O9,,ЭЖАа,O=C(O[C@@H]1[C@]([H])([C@@H](OC(C)=O)[C@@](CC[C@@]2([H])[C@@]3([H])[C@@H](O)C2(C)C)(O)C[C@@]3(C)C4=O)[C@]4(OC(C)=O)C[C@@H]1C)CC5=CC=CC=C5,"InChI=1S/C32H42O9/c1-17-15-32(41-19(3)34)24(25(17)40-22(35)14-20-10-8-7-9-11-20)27(39-18(2)33)31(38)13-12-21-23(26(36)29(21,4)5)30(6,16-31)28(32)37/h7-11,17,21,23-27,36,38H,12-16H2,1-6H3/t17-,21-,23-,24+,25-,26+,27+,30+,31-,32+/m0/s1",KEMVMEFYQHAJPB-XTIUZVTHSA-N,З§ҪрЧУ
QJZ-006,/,euplarisans A,/,523.63,C30H37O7,,ЭЖАа,O=C(O[C@@H]1[C@@](/C=C(COC(C)=O)\CC[C@@](C2(C)C)([H])[C@@]2([H])/C=C(C)/C3=O)([H])[C@]3(OC(C)=O)C[C@@H]1C)C4=CC=CN=C4,"InChI=1S/C30H37NO7/c1-17-12-24-23(29(24,5)6)10-9-21(16-36-19(3)32)13-25-26(37-28(35)22-8-7-11-31-15-22)18(2)14-30(25,27(17)34)38-20(4)33/h7-8,11-13,15,18,23-26H,9-10,14,16H2,1-6H3/b17-12+,21-13+/t18-,23-,24+,25-,26-,30+/m0/s1",RXRBPDLZCYZJSR-UYNYFSGESA-N,З§ҪрЧУ
QJZ-007,/,euplarisans B,/,480.6,C29H36O6,,ЭЖАа,O=C(O[C@@H]1[C@@](/C=C(CO)\C([H])C[C@@](C2(C)C)([H])[C@@]2([H])/C=C(C)/C3=O)([H])[C@]3(OC(C)=O)C[C@@H]1C)C4=CC=CC=C4,"InChI=1S/C29H36O6/c1-17-13-23-22(28(23,4)5)12-11-20(16-30)14-24-25(34-27(33)21-9-7-6-8-10-21)18(2)15-29(24,26(17)32)35-19(3)31/h6-10,13-14,18,22-25,30H,11-12,15-16H2,1-5H3/b17-13+,20-14+/t18-,22-,23+,24-,25-,29+/m0/s1",OPDKEOYCNVZZFC-YAGDOOEQSA-N,З§ҪрЧУ
QJZ-008,/,euplarisans C,/,580.67,C33H40O9,,ЭЖАа,O=C(O[C@@H]1[C@@](/C=C(COC(C)=O)\[C@H](OC(C)=O)C[C@@](C2(C)C)([H])[C@@]2([H])/C=C(C)/C3=O)([H])[C@]3(OC(C)=O)C[C@@H]1C)C4=CC=CC=C4,"InChI=1S/C33H40O9/c1-18-13-25-26(32(25,6)7)15-28(40-21(4)35)24(17-39-20(3)34)14-27-29(41-31(38)23-11-9-8-10-12-23)19(2)16-33(27,30(18)37)42-22(5)36/h8-14,19,25-29H,15-17H2,1-7H3/b18-13+,24-14-/t19-,25+,26-,27-,28+,29-,33+/m0/s1",YEFKKGRJCNGUOF-VTNSPCDQSA-N,З§ҪрЧУ
QJZ-009,/,euplarisans E,/,538.64,C31H38O8,,ЭЖАа,O=C(O[C@@H]1[C@]([H])([C@@H](OC(C)=O)/C(CO)=C\C[C@](C2(C)C)([H])[C@@]2([H])/C=C(C)\C3=O)[C@]3(OC(C)=O)C[C@@H]1C)C4=CC=CC=C4,"InChI=1S/C31H38O8/c1-17-14-24-23(30(24,5)6)13-12-22(16-32)27(37-19(3)33)25-26(38-29(36)21-10-8-7-9-11-21)18(2)15-31(25,28(17)35)39-20(4)34/h7-12,14,18,23-27,32H,13,15-16H2,1-6H3/b17-14-,22-12-/t18-,23+,24+,25+,26-,27-,31+/m0/s1",YLLBXYRNXBAADG-ZCLKNFQTSA-N,З§ҪрЧУ
QJZ-010,/,euplarisans F,/,642.75,C38H42O9,,ЭЖАа,O=C(O[C@@H]1[C@]([H])([C@@H](OC(C)=O)/C(COC(C2=CC=CC=C2)=O)=C\C[C@](C3(C)C)([H])[C@@]3([H])/C=C(C)\C4=O)[C@]4(OC(C)=O)C[C@@H]1C)C5=CC=CC=C5,"InChI=1S/C38H42O9/c1-22-19-30-29(37(30,5)6)18-17-28(21-44-35(42)26-13-9-7-10-14-26)33(45-24(3)39)31-32(46-36(43)27-15-11-8-12-16-27)23(2)20-38(31,34(22)41)47-25(4)40/h7-17,19,23,29-33H,18,20-21H2,1-6H3/b22-19-,28-17-/t23-,29+,30+,31+,32-,33-,38+/m0/s1",UWIACYLABHOMJR-YWQQPPFFSA-N,З§ҪрЧУ
QJZ-011,/,euplarisans G,/,581.66,C32H39O9,,ЭЖАа,O=C(O[C@@H]1[C@@]([C@@H](OC(C)=O)/C(COC(C)=O)=C/C[C@@](C2(C)C)([H])[C@@]2([H])/C=C(C)/C3=O)([H])[C@]3(OC(C)=O)C[C@@H]1C)C4=CC=CN=C4,"InChI=1S/C32H39NO9/c1-17-13-25-24(31(25,6)7)11-10-23(16-39-19(3)34)28(40-20(4)35)26-27(41-30(38)22-9-8-12-33-15-22)18(2)14-32(26,29(17)37)42-21(5)36/h8-10,12-13,15,18,24-28H,11,14,16H2,1-7H3/b17-13+,23-10+/t18-,24-,25+,26+,27-,28-,32+/m0/s1",GKNCYFGAMBHBJX-FPVINUOJSA-N,З§ҪрЧУ
QJZ-012,/,euplarisans H,/,552.66,C32H40O8,,ЭЖАа,O=C(O[C@@H]1[C@]([H])([C@@H](OC(C)=O)[C@@](CC[C@@]2([H])[C@]3([H])C2(C)C)(CO4)[C@]3([H])[C@@]4(C)C5=O)[C@]5(OC(C)=O)C[C@@H]1C)CC6=CC=CC=C6,"InChI=1S/C32H40O8/c1-17-15-32(40-19(3)34)24(25(17)39-22(35)14-20-10-8-7-9-11-20)27(38-18(2)33)31-13-12-21-23(29(21,4)5)26(31)30(6,28(32)36)37-16-31/h7-11,17,21,23-27H,12-16H2,1-6H3/t17-,21-,23-,24+,25-,26-,27+,30-,31-,32+/m0/s1",DACUBTHAHCADTJ-RTPPRBPYSA-N,З§ҪрЧУ
QJZ-013,/,euplarisans J,/,580.67,C33H40O9,,ЭЖАа,C[C@@H]1[C@H](OC(C2=CC=CC=C2)=O)[C@@]([C@@H](OC(C)=O)C([C@@H](OC(C)=O)C[C@@](C3(C)C)([H])[C@@]3([H])/C=C(C)/C4=O)=C)([H])[C@]4(OC(C)=O)C1,"InChI=1S/C33H40O9/c1-17-14-24-25(32(24,7)8)15-26(39-20(4)34)19(3)29(40-21(5)35)27-28(41-31(38)23-12-10-9-11-13-23)18(2)16-33(27,30(17)37)42-22(6)36/h9-14,18,24-29H,3,15-16H2,1-2,4-8H3/b17-14+/t18-,24+,25-,26-,27+,28-,29-,33+/m0/s1",PTSHQWKMFOMIER-MIVDMJLNSA-N,З§ҪрЧУ
QJZ-014,/,euplarisans K,/,568.66,C32H42O9,,ЭЖАа,O=C(O[C@@H]1[C@@]([C@@H](OC(C)=O)[C@@]2(CO2)CC[C@@](C3(C)C)([H])[C@@]3([H])/C=C(C)/C4=O)([H])[C@]4(OC(C)=O)C[C@@H]1C)CC5=CC=C(O)C=C5,"InChI=1S/C32H40O9/c1-17-13-24-23(30(24,5)6)11-12-31(16-38-31)29(39-19(3)33)26-27(18(2)15-32(26,28(17)37)41-20(4)34)40-25(36)14-21-7-9-22(35)10-8-21/h7-10,13,18,23-24,26-27,29,35H,11-12,14-16H2,1-6H3/b17-13+/t18-,23-,24+,26+,27-,29+,31-,32+/m0/s1",GNGQUCPOZRICTK-MHZGYTBXSA-N,З§ҪрЧУ
QJZ-015,/,euplarisans L,/,510.63,C32H40O8,,ЭЖАа,C[C@@H]1[C@H](OC(CC2=CC=CC=C2)=O)[C@@]([C@@H](O)[C@@]3(CO3)CC[C@@](C4(C)C)([H])[C@@]4([H])/C=C(C)/C5=O)([H])[C@]5(OC(C)=O)C1,"InChI=1S/C30H38O7/c1-17-13-22-21(28(22,4)5)11-12-29(16-35-29)27(34)24-25(36-23(32)14-20-9-7-6-8-10-20)18(2)15-30(24,26(17)33)37-19(3)31/h6-10,13,18,21-22,24-25,27,34H,11-12,14-16H2,1-5H3/b17-13+/t18-,21-,22+,24+,25-,27+,29-,30+/m0/s1",PVPOOBYGMMEPJG-SVBCGKPCSA-N,З§ҪрЧУ
QJZ-016,ҙукӘТтЧУL1,Euphorbia factor L1,76376-43-7,552.27,C32H40O8,,ЭЖАа,C[C@H]1C[C@@]2(OC(C)=O)[C@]([C@@H](OC(C)=O)[C@]3(OC3)CC[C@@](C4(C)C)([H])[C@@]4([H])/C=C(C)/C2=O)([H])[C@H]1OC(CC5=CC=CC=C5)=O,"InChI=1S/C32H40O8/c1-18-14-24-23(30(24,5)6)12-13-31(17-37-31)29(38-20(3)33)26-27(39-25(35)15-22-10-8-7-9-11-22)19(2)16-32(26,28(18)36)40-21(4)34/h7-11,14,19,23-24,26-27,29H,12-13,15-17H2,1-6H3/b18-14+/t19-,23-,24+,26+,27-,29+,31-,32+/m0/s1",SDGDWRYYHQOQOJ-QZVJJNCDSA-N,З§ҪрЧУ
QJZ-017,ҙукӘТтЧУL2,Euphorbia factor L2,218916-51-9,656.77,C39H44O9,,ЭЖАа,CC1(C)[C@@]2([H])C[C@H](OC(C3=CC=CC=C3)=O)C([C@H](OC(C)=O)[C@]4(C)[C@](C(/C(C)=C/[C@]21[H])=O)(OC(C)=O)C[C@H](C)[C@@H]4OC(C5=CC=CC=C5)=O)=C,"InChI=1S/C39H44O9/c1-22-19-29-30(37(29,6)7)20-31(46-35(43)27-15-11-9-12-16-27)24(3)34(45-25(4)40)38(8)33(47-36(44)28-17-13-10-14-18-28)23(2)21-39(38,32(22)42)48-26(5)41/h9-19,23,29-31,33-34H,3,20-21H2,1-2,4-8H3/b22-19+/t23-,29+,30-,31-,33-,34-,38+,39-/m0/s1",KWWXQLWVUDTNGR-KKRILNJZSA-N,З§ҪрЧУ
QJZ-018,ҙукӘТтЧУL3,Euphorbia factor L3,218916-52-0,522.26,C31H38O7,,ЭЖАа,CC1(C)[C@@]2([H])C[C@H](OC(C3=CC=CC=C3)=O)C([C@H](OC(C)=O)[C@]4(C)[C@](C(/C(C)=C/[C@]21[H])=O)(OC(C)=O)C[C@H](C)[C@@H]4OC(C5=CC=CC=C5)=O)=C,"InChI=1S/C39H44O9/c1-22-19-29-30(37(29,6)7)20-31(46-35(43)27-15-11-9-12-16-27)24(3)34(45-25(4)40)38(8)33(47-36(44)28-17-13-10-14-18-28)23(2)21-39(38,32(22)42)48-26(5)41/h9-19,23,29-31,33-34H,3,20-21H2,1-2,4-8H3/b22-19+/t23-,29+,30-,31-,33-,34-,38+,39-/m0/s1",KWWXQLWVUDTNGR-KKRILNJZSA-N,З§ҪрЧУ
QJZ-019,ҙукӘТтЧУL4,Euphorbia factor L4,/,586.42,C36H58O6,,ЭЖАа,CC1=C[C@@]23[C@@]([C@H](O)C(COC(CCCCCCCCCCCCCCC)=O)=C[C@@H](C(C4(C)C)C4C[C@H]3C)C2=O)(O)[C@H]1O,"InChI=1S/C36H58O6/c1-6-7-8-9-10-11-12-13-14-15-16-17-18-19-29(37)42-23-26-21-27-30-28(34(30,4)5)20-25(3)35(33(27)40)22-24(2)31(38)36(35,41)32(26)39/h21-22,25,27-28,30-32,38-39,41H,6-20,23H2,1-5H3/t25-,27+,28?,30?,31+,32-,35+,36-/m1/s1",DSTCZBGJCUOFLM-COECVNONSA-N,З§ҪрЧУ
QJZ-020,ҙукӘТтЧУL5,Euphorbia factor L5,/,586.42,C36H58O6,,ЭЖАа,CC1=C[C@@]23[C@@]([C@H](O)C(COC(CCCCCCCCCCCCCCC)=O)=C[C@@H](C(C4(C)C)C4C[C@H]3C)C2=O)(O)[C@H]1O,"InChI=1S/C36H58O6/c1-6-7-8-9-10-11-12-13-14-15-16-17-18-19-29(37)42-23-26-21-27-30-28(34(30,4)5)20-25(3)35(33(27)40)22-24(2)31(38)36(35,41)32(26)39/h21-22,25,27-28,30-32,38-39,41H,6-20,23H2,1-5H3/t25-,27+,28?,30?,31+,32-,35+,36-/m1/s1",DSTCZBGJCUOFLM-COECVNONSA-N,З§ҪрЧУ
QJZ-021,ҙукӘТтЧУL6,Euphorbia factor L6,/,548.31,C34H44O6,,ЭЖАа,CC1=C[C@@]23[C@@]([C@H](O)C(CO)=C[C@@H](C(C4(C)C)C4C[C@H]3C)C2=O)(O)[C@H]1OC(C=CC=CC=CC=CC=CCCC)=O,"InChI=1S/C34H44O6/c1-6-7-8-9-10-11-12-13-14-15-16-17-27(36)40-31-22(2)20-33-23(3)18-26-28(32(26,4)5)25(30(33)38)19-24(21-35)29(37)34(31,33)39/h8-17,19-20,23,25-26,28-29,31,35,37,39H,6-7,18,21H2,1-5H3/t23-,25+,26?,28?,29-,31?,33+,34+/m1/s1",XFAWWGCMJACTJT-IRRCVDQRSA-N,З§ҪрЧУ
QJZ-022,ҙукӘТтЧУL7,Euphorbia factor L7a,93550-94-8,550.29,C33H42O7,,ЭЖАа,C[C@H]1C[C@@]2(OC(C)=O)[C@](CC(COC(C)=O)CC[C@@](C3(C)C)([H])[C@@]3([H])/C=C(C)/C2=O)([H])[C@H]1OC(/C=C/C4=CC=CC=C4)=O,"InChI=1S/C33H42O7/c1-20-16-27-26(32(27,5)6)14-12-25(19-38-22(3)34)17-28-30(21(2)18-33(28,31(20)37)40-23(4)35)39-29(36)15-13-24-10-8-7-9-11-24/h7-11,13,15-16,21,25-28,30H,12,14,17-19H2,1-6H3/b15-13+,20-16+/t21-,25?,26-,27+,28-,30-,33+/m0/s1",HBNAIBGQEANCPA-KETRSYMZSA-N,З§ҪрЧУ
QJZ-023,ҙукӘТтЧУL8,Euphorbia factor L8,/,523.26,C30H37NO7,,ЭЖАа,C[C@H]1C[C@@]2(OC(C)=O)[C@]([C@@H](OC(C)=O)C(CC[C@@](C3(C)C)([H])[C@@]3([H])/C=C(C)/C2=O)=C)([H])[C@H]1OC(C4=CC=CN=C4)=O,"InChI=1S/C30H37NO7/c1-16-10-11-22-23(29(22,6)7)13-17(2)27(34)30(38-20(5)33)14-18(3)26(24(30)25(16)36-19(4)32)37-28(35)21-9-8-12-31-15-21/h8-9,12-13,15,18,22-26H,1,10-11,14H2,2-7H3/b17-13+/t18-,22-,23+,24-,25-,26-,30+/m0/s1",PJHBZROILRCFRB-RBZGWYANSA-N,З§ҪрЧУ
QJZ-024,ҙукӘТтЧУL9,Euphorbia factor L9,129393-28-8,643.28,C37H41NO9,,ЭЖАа,C[C@H]1C[C@@]2(OC(C)=O)[C@]([C@@H](OC(C)=O)C([C@@H](OC(C3=CC=CN=C3)=O)C[C@@](C4(C)C)([H])[C@@]4([H])/C=C(C)/C2=O)=C)([H])[C@H]1OC(C5=CC=CC=C5)=O,"InChI=1S/C37H41NO9/c1-20-16-27-28(36(27,6)7)17-29(45-35(43)26-14-11-15-38-19-26)22(3)32(44-23(4)39)30-31(46-34(42)25-12-9-8-10-13-25)21(2)18-37(30,33(20)41)47-24(5)40/h8-16,19,21,27-32H,3,17-18H2,1-2,4-7H3/b20-16+/t21-,27+,28-,29-,30+,31-,32-,37+/m0/s1",KJVZJVTXTSJYTG-RNCIUFRCSA-N,З§ҪрЧУ
QJZ-025,ҙукӘТтЧУL10,Euphorbia factor L10,/,502.29,C29H42O7,,ЭЖАа,C[C@H]1C[C@@]2(OC(C)=O)[C@](/C=C(CO)\CC[C@@](C3(C)C)([H])[C@@]3([H])/C=C(C)/C2=O)([H])[C@H]1OC(C(CCCCC)=O)=O,"InChI=1S/C29H42O7/c1-7-8-9-10-24(32)27(34)35-25-18(3)15-29(36-19(4)31)23(25)14-20(16-30)11-12-21-22(28(21,5)6)13-17(2)26(29)33/h13-14,18,21-23,25,30H,7-12,15-16H2,1-6H3/b17-13+,20-14+/t18-,21-,22+,23-,25-,29+/m0/s1",VAPIOXNDYGTYGW-KJUXZIHXSA-N,З§ҪрЧУ
QJZ-026,ҙукӘТтЧУL11,Euphorbia factor L11,/,600.27,C36H40O8,,ЭЖАа,C[C@H]1C[C@@]2(O)[C@]([C@@H](OC(C)=O)C([C@@H](OC(C3=CC=CC=C3)=O)C[C@@](C4(C)C)([H])[C@@]4([H])/C=C(C)/C2=O)=C)([H])[C@H]1OC(C5=CC=CC=C5)=O,"InChI=1S/C36H40O8/c1-20-17-26-27(35(26,5)6)18-28(43-33(39)24-13-9-7-10-14-24)22(3)31(42-23(4)37)29-30(21(2)19-36(29,41)32(20)38)44-34(40)25-15-11-8-12-16-25/h7-17,21,26-31,41H,3,18-19H2,1-2,4-6H3/b20-17+/t21-,26+,27-,28-,29+,30-,31-,36+/m0/s1",NELSZIWJYBGDFE-GTXNWLRFSA-N,З§ҪрЧУ
QJZ-027,ҙукӘТтЧУL12,Euphorbia factor L12,/,480.25,C29H36O6,,ЭЖАа,C[C@H]1C[C@@]2(OC(C)=O)[C@]([C@H](O3)[C@@]3(C)CC[C@@](C4(C)C)([H])[C@@]4([H])/C=C(C)/C2=O)([H])[C@H]1OC(C5=CC=CC=C5)=O,"InChI=1S/C29H36O6/c1-16-14-21-20(27(21,4)5)12-13-28(6)25(35-28)22-23(33-26(32)19-10-8-7-9-11-19)17(2)15-29(22,24(16)31)34-18(3)30/h7-11,14,17,20-23,25H,12-13,15H2,1-6H3/b16-14+/t17-,20-,21+,22+,23-,25-,28+,29+/m0/s1",LDPYFVODKJALRT-PNBSJNBFSA-N,З§ҪрЧУ
QJZ-028,ҙукӘТтЧУL13,Euphorbia factor L13,/,494.27,C30H38O6,,ЭЖАа,C[C@H]1C[C@@]2(OC(C)=O)[C@]([C@H](O3)[C@@]3(C)CC[C@@](C4(C)C)([H])[C@@]4([H])/C=C(C)/C2=O)([H])[C@H]1OC(CC5=CC=CC=C5)=O,"InChI=1S/C30H38O6/c1-17-14-22-21(28(22,4)5)12-13-29(6)27(36-29)24-25(34-23(32)15-20-10-8-7-9-11-20)18(2)16-30(24,26(17)33)35-19(3)31/h7-11,14,18,21-22,24-25,27H,12-13,15-16H2,1-6H3/b17-14+/t18-,21-,22+,24+,25-,27-,29+,30+/m0/s1",LDXSJNYVUSWVFH-WIPKOTHDSA-N,З§ҪрЧУ
QJZ-029,ҙукӘТтЧУL14,Euphorbia factor L14,/,642.28,C38H42O9,,ЭЖАа,C[C@H]1C[C@@]2(OC(C)=O)[C@]([C@@H](OC(C)=O)C([C@@H](OC(C3=CC=CC=C3)=O)C[C@@](C4(C)C)([H])[C@@]4([H])/C=C(C)/C2=O)=C)([H])[C@H]1OC(C5=CC=CC=C5)=O,"InChI=1S/C38H42O9/c1-21-18-28-29(37(28,6)7)19-30(45-35(42)26-14-10-8-11-15-26)23(3)33(44-24(4)39)31-32(46-36(43)27-16-12-9-13-17-27)22(2)20-38(31,34(21)41)47-25(5)40/h8-18,22,28-33H,3,19-20H2,1-2,4-7H3/b21-18+/t22-,28+,29-,30-,31+,32-,33-,38+/m0/s1",AFRGWGGHJYMSDU-HQYMUBRJSA-N,З§ҪрЧУ
QJZ-030,ҙукӘТтЧУL15,Euphorbia factor L15,/,474.26,C27H38O7,,ЭЖАа,C[C@H]1C[C@@]2(OC(C)=O)[C@]([C@@H](OC(C)=O)C([C@@H](C)C[C@@](C3(C)C)([H])[C@@]3([H])/C=C(C)/C2=O)=C)([H])[C@H]1OC(C)=O,"InChI=1S/C27H38O7/c1-13-10-20-21(26(20,8)9)11-14(2)25(31)27(34-19(7)30)12-15(3)23(32-17(5)28)22(27)24(16(13)4)33-18(6)29/h11,13,15,20-24H,4,10,12H2,1-3,5-9H3/b14-11+/t13-,15-,20-,21+,22+,23-,24-,27+/m0/s1",PDVZHWBABHOGKW-FGSDTIJPSA-N,З§ҪрЧУ
QJZ-031,ҙукӘТтЧУL16,Euphorbia factor L16,/,524.28,C31H40O7,,ЭЖАа,C[C@H]1C[C@@]2(OC(C)=O)[C@]([C@@H](OC(C)=O)C([C@@H](C)C[C@@](C3(C)C)([H])[C@@]3([H])/C=C(C)/C2=O)=C)([H])[C@H]1OC4=CC=CC=C4O,"InChI=1S/C31H40O7/c1-16-13-22-23(30(22,7)8)14-17(2)29(35)31(38-21(6)33)15-18(3)27(37-25-12-10-9-11-24(25)34)26(31)28(19(16)4)36-20(5)32/h9-12,14,16,18,22-23,26-28,34H,4,13,15H2,1-3,5-8H3/b17-14+/t16-,18-,22-,23+,26+,27-,28-,31+/m0/s1",LUXNSRDKAPOQDW-OEYWYGHOSA-N,З§ҪрЧУ
QJZ-032,ҙукӘТтЧУL17,Euphorbia factor L17,/,506.27,C31H38O6,,ЭЖАа,C[C@H]1C[C@@]2(OC(C)=O)[C@](/C=C(CC(C)=O)\CC[C@@](C3(C)C)([H])[C@@]3([H])/C=C(C)/C2=O)([H])[C@H]1OC(C4=CC=CC=C4)=O,"InChI=1S/C31H38O6/c1-18-14-25-24(30(25,5)6)13-12-22(15-20(3)32)16-26-27(36-29(35)23-10-8-7-9-11-23)19(2)17-31(26,28(18)34)37-21(4)33/h7-11,14,16,19,24-27H,12-13,15,17H2,1-6H3/b18-14+,22-16+/t19-,24-,25+,26-,27-,31+/m0/s1",WGVSWLSHBHDUNP-FWCWMBDUSA-N,З§ҪрЧУ
QJZ-033,ҙукӘТтЧУL18,Euphorbia factor L18,/,522.26,C31H38O7,,ЭЖАа,C[C@H]1C[C@@]2(OC(C)=O)[C@](/C=C(COC(C)=O)\CC[C@@](C3(C)C)([H])[C@@]3([H])/C=C(C)/C2=O)([H])[C@H]1OC(C4=CC=CC=C4)=O,"InChI=1S/C31H38O7/c1-18-14-25-24(30(25,5)6)13-12-22(17-36-20(3)32)15-26-27(37-29(35)23-10-8-7-9-11-23)19(2)16-31(26,28(18)34)38-21(4)33/h7-11,14-15,19,24-27H,12-13,16-17H2,1-6H3/b18-14+,22-15+/t19-,24-,25+,26-,27-,31+/m0/s1",MJJJHDYUBBRUSD-BPZJZZHUSA-N,З§ҪрЧУ
QJZ-034,ҙукӘТтЧУL19,Euphorbia factor L19,/,480.25,C29H36O6,,ЭЖАа,C[C@H]1C[C@@]2(OC(C)=O)[C@](/C=C(CO)\CC[C@@](C3(C)C)([H])[C@@]3([H])/C=C(C)/C2=O)([H])[C@H]1OC(C4=CC=CC=C4)=O,"InChI=1S/C29H36O6/c1-17-13-23-22(28(23,4)5)12-11-20(16-30)14-24-25(34-27(33)21-9-7-6-8-10-21)18(2)15-29(24,26(17)32)35-19(3)31/h6-10,13-14,18,22-25,30H,11-12,15-16H2,1-5H3/b17-13+,20-14+/t18-,22-,23+,24-,25-,29+/m0/s1",OPDKEOYCNVZZFC-YAGDOOEQSA-N,З§ҪрЧУ
QJZ-035,ҙукӘТтЧУL20,Euphorbia factor L20,/,538.26,C31H38O8,,ЭЖАа,C[C@H]1C[C@@]2(OC(C)=O)[C@]([C@@H](O)/C(COC(C)=O)=C/C[C@@](C3(C)C)([H])[C@@]3([H])/C=C(C)/C2=O)([H])[C@H]1OC(C4=CC=CC=C4)=O,"InChI=1S/C31H38O8/c1-17-14-24-23(30(24,5)6)13-12-22(16-37-19(3)32)26(34)25-27(38-29(36)21-10-8-7-9-11-21)18(2)15-31(25,28(17)35)39-20(4)33/h7-12,14,18,23-27,34H,13,15-16H2,1-6H3/b17-14+,22-12+/t18-,23-,24+,25-,26-,27-,31+/m0/s1",ZWKUINFZGROMLW-JXUJKRJASA-N,З§ҪрЧУ
QJZ-036,ҙукӘТтЧУL21,Euphorbia factor L21,/,634.28,C36H42O10,,ЭЖАа,C[C@H]1C[C@@]2(O)[C@]([C@@H](OC(C)=O)C([C@@H](OC(C3=CC=CC=C3)=O)C[C@@](C4(C)C)([H])[C@@]4([H])[C@H](O)[C@](C)(O)C2=O)=C)([H])[C@H]1OC(C5=CC=CC=C5)=O,"InChI=1S/C36H42O10/c1-19-18-36(43)27(28(19)46-32(40)23-15-11-8-12-16-23)29(44-21(3)37)20(2)25(45-31(39)22-13-9-7-10-14-22)17-24-26(34(24,4)5)30(38)35(6,42)33(36)41/h7-16,19,24-30,38,42-43H,2,17-18H2,1,3-6H3/t19-,24-,25-,26-,27+,28-,29-,30-,35-,36+/m0/s1",PRQUXOUSMVJAPZ-MXQWAYTGSA-N,З§ҪрЧУ
QJZ-037,ҙукӘТтЧУL22,Euphorbia factor L22,1613700-09-6,506.27,C31H38O6,,ЭЖАа,C[C@H]1C[C@@]2(OC(C)=O)[C@](/C=C(CO)\CC[C@@](C3(C)C)([H])[C@@]3([H])/C=C(C)/C2=O)([H])[C@H]1OC(/C=C\C4=CC=CC=C4)=O,"InChI=1S/C31H38O6/c1-19-15-25-24(30(25,4)5)13-11-23(18-32)16-26-28(20(2)17-31(26,29(19)35)37-21(3)33)36-27(34)14-12-22-9-7-6-8-10-22/h6-10,12,14-16,20,24-26,28,32H,11,13,17-18H2,1-5H3/b14-12-,19-15+,23-16+/t20-,24-,25+,26-,28-,31+/m0/s1",IZVVCHSPUYTJEM-QRRBZNFCSA-N,З§ҪрЧУ
QJZ-038,ҙукӘТтЧУL23,Euphorbia factor L23,/,530.32,C31H46O7,,ЭЖАа,C[C@H]1C[C@@]2(OC(C)=O)[C@](/C=C(COC(C)=O)\CC[C@@](C3(C)C)([H])[C@@]3([H])/C=C(C)/C2=O)([H])[C@H]1OC(CCCCCC)=O,"InChI=1S/C31H46O7/c1-8-9-10-11-12-27(34)37-28-20(3)17-31(38-22(5)33)26(28)16-23(18-36-21(4)32)13-14-24-25(30(24,6)7)15-19(2)29(31)35/h15-16,20,24-26,28H,8-14,17-18H2,1-7H3/b19-15+,23-16+/t20-,24-,25+,26-,28-,31+/m0/s1",DMJLSCOJZUIVRT-OLLQEGABSA-N,З§ҪрЧУ
QJZ-039,ҙукӘТтЧУL24,Euphorbia factor L24,1613700-13-2,538.26,C31H38O8,,ЭЖАа,C[C@H]1C[C@@]2(OC(C)=O)[C@]([C@@H](OC(C)=O)/C(CO)=C/C[C@@](C3(C)C)([H])[C@@]3([H])/C=C(C)/C2=O)([H])[C@H]1OC(C4=CC=CC=C4)=O,"InChI=1S/C31H38O8/c1-17-14-24-23(30(24,5)6)13-12-22(16-32)27(37-19(3)33)25-26(38-29(36)21-10-8-7-9-11-21)18(2)15-31(25,28(17)35)39-20(4)34/h7-12,14,18,23-27,32H,13,15-16H2,1-6H3/b17-14+,22-12+/t18-,23-,24+,25+,26-,27-,31+/m0/s1",YLLBXYRNXBAADG-IHERWWFXSA-N,З§ҪрЧУ
QJZ-040,ҙукӘТтЧУL25,Euphorbia factor L25,303174-98-3,538.26,C31H38O8,,ЭЖАа,C[C@H]1C[C@@]2(OC(C)=O)[C@]([C@@H](OC(C)=O)[C@]3(OC3)CC[C@@](C4(C)C)([H])[C@@]4([H])/C=C(C)/C2=O)([H])[C@H]1OC(C5=CC=CC=C5)=O,"InChI=1S/C31H38O8/c1-17-14-23-22(29(23,5)6)12-13-30(16-36-30)27(37-19(3)32)24-25(38-28(35)21-10-8-7-9-11-21)18(2)15-31(24,26(17)34)39-20(4)33/h7-11,14,18,22-25,27H,12-13,15-16H2,1-6H3/b17-14+/t18-,22-,23+,24+,25-,27+,30-,31+/m0/s1",SWZRPMGMXIIIOC-QBBSFLMLSA-N,З§ҪрЧУ
QJZ-041,ҙукӘТтЧУL26,Euphorbia factor L26,/,582.28,C33H42O9,,ЭЖАа,C[C@H]1C[C@@]2(OC(C)=O)[C@]([C@@H](OC(C)=O)[C@]3(OC3)CC[C@@](C4(C)C)([H])[C@@]4([H])/C=C(C)/C2=O)([H])[C@H]1OC(C(C)C5=CC=C(O)C=C5)=O,"InChI=1S/C33H42O9/c1-17-14-25-24(31(25,6)7)12-13-32(16-39-32)29(40-20(4)34)26-27(18(2)15-33(26,28(17)37)42-21(5)35)41-30(38)19(3)22-8-10-23(36)11-9-22/h8-11,14,18-19,24-27,29,36H,12-13,15-16H2,1-7H3/b17-14+/t18-,19?,24-,25+,26+,27-,29+,32-,33+/m0/s1",BRWLYCORLVYMLA-GSDXTZRSSA-N,З§ҪрЧУ
QJZ-042,ҙукӘТтЧУL27,Euphorbia factor L27,/,582.28,C33H42O9,,ЭЖАа,C[C@H]1C[C@@]2(OC(C)=O)[C@]([C@@H](OC(C)=O)[C@]3(OC3)CC[C@@](C4(C)C)([H])[C@@]4([H])/C=C(C)/C2=O)([H])[C@H]1OC(C(O)C5=CC=C(C)C=C5)=O,"InChI=1S/C33H42O9/c1-17-8-10-22(11-9-17)26(36)30(38)41-27-19(3)15-33(42-21(5)35)25(27)29(40-20(4)34)32(16-39-32)13-12-23-24(31(23,6)7)14-18(2)28(33)37/h8-11,14,19,23-27,29,36H,12-13,15-16H2,1-7H3/b18-14+/t19-,23-,24+,25+,26?,27-,29+,32-,33+/m0/s1",XHZKXDDWHCFMAX-FJMDYWAWSA-N,З§ҪрЧУ
QJZ-043,ҙукӘТтЧУL28,Euphorbia factor L28,/,552.27,C32H40O8,,ЭЖАа,C[C@H]1C[C@@]2(OC(C)=O)[C@](/C=C(COC(C)=O)\CC[C@@](C3(C)C)([H])[C@@]3([H])/C=C(C)/C2=O)([H])[C@H]1OC(C(O)C4=CC=CC=C4)=O,"InChI=1S/C32H40O8/c1-18-14-25-24(31(25,5)6)13-12-22(17-38-20(3)33)15-26-28(19(2)16-32(26,29(18)36)40-21(4)34)39-30(37)27(35)23-10-8-7-9-11-23/h7-11,14-15,19,24-28,35H,12-13,16-17H2,1-6H3/b18-14+,22-15+/t19-,24-,25+,26-,27?,28-,32+/m0/s1",JXWOMAJAVVBFON-DNPDGWPUSA-N,З§ҪрЧУ
QJZ-044,ҙукӘТтЧУL29,Euphorbia factor L29,/,418.24,C24H34O6,,ЭЖАа,C[C@H]1C[C@@]2(OC(C)=O)[C@](/C=C(COC(C)=O)\CC[C@@](C3(C)C)([H])[C@@]3([H])/C=C(C)/C2=O)([H])[C@H]1O,"InChI=1S/C24H34O6/c1-13-9-19-18(23(19,5)6)8-7-17(12-29-15(3)25)10-20-21(27)14(2)11-24(20,22(13)28)30-16(4)26/h9-10,14,18-21,27H,7-8,11-12H2,1-6H3/b13-9+,17-10+/t14-,18-,19+,20-,21-,24+/m0/s1",GOSWZAAGEBEWJK-BRNPERMASA-N,З§ҪрЧУ
QJZ-045,ҙукӘТтЧУL30,Euphorbia factor L30,/,538.26,C31H38O8,,ЭЖАа,C[C@H]1C[C@@]2(OC(C)=O)[C@]([C@@H](OC(C3=CC=CC=C3)=O)/C(COC(C)=O)=C/C[C@@](C4(C)C)([H])[C@@]4([H])/C=C(C)/C2=O)([H])[C@H]1O,"InChI=1S/C31H38O8/c1-17-14-24-23(30(24,5)6)13-12-22(16-37-19(3)32)27(38-29(36)21-10-8-7-9-11-21)25-26(34)18(2)15-31(25,28(17)35)39-20(4)33/h7-12,14,18,23-27,34H,13,15-16H2,1-6H3/b17-14+,22-12+/t18-,23-,24+,25+,26-,27-,31+/m0/s1",ATQAVDMEOULCGF-IHERWWFXSA-N,З§ҪрЧУ
QJZ-046,ҙукӘТтЧУL31,Euphorbia factor L31,/,492.29,C31H40O5,,ЭЖАа,C[C@H]1C[C@@]2(OC(C)=O)[C@]([C@@H](OC/C=C/C3=CC=CC=C3)C(CC[C@@](C4(C)C)([H])[C@@]4([H])/C=C(C)/C2=O)=C)([H])[C@H]1O,"InChI=1S/C31H40O5/c1-19-14-15-24-25(30(24,5)6)17-20(2)29(34)31(36-22(4)32)18-21(3)27(33)26(31)28(19)35-16-10-13-23-11-8-7-9-12-23/h7-13,17,21,24-28,33H,1,14-16,18H2,2-6H3/b13-10+,20-17+/t21-,24-,25+,26+,27-,28-,31+/m0/s1",YGVYDDLGDMKMHD-VPUWUYLHSA-N,З§ҪрЧУ
QJZ-047,ҙукӘТтЧУL32,Euphorbia factor L32,/,480.25,C29H36O6,,ЭЖАа,C[C@H]1C[C@@]2(OC(C)=O)[C@]([C@@H](O)C(CC[C@@](C3(C)C)([H])[C@@]3([H])/C=C(C)/C2=O)=C)([H])[C@H]1OC(C4=CC=CC=C4)=O,"InChI=1S/C29H36O6/c1-16-12-13-21-22(28(21,5)6)14-17(2)26(32)29(35-19(4)30)15-18(3)25(23(29)24(16)31)34-27(33)20-10-8-7-9-11-20/h7-11,14,18,21-25,31H,1,12-13,15H2,2-6H3/b17-14+/t18-,21-,22+,23-,24-,25-,29+/m0/s1",IHPZYRVWPGGSOB-LYYBVIAXSA-N,З§ҪрЧУ
QJZ-048,ҙукӘТтЧУL33,Euphorbia factor L33,/,494.27,C30H38O6,,ЭЖАа,C[C@H]1C[C@@]2(OC(C)=O)[C@]([C@@H](O)C(CC[C@@](C3(C)C)([H])[C@@]3([H])/C=C(C)/C2=O)=C)([H])[C@H]1OC(CC4=CC=CC=C4)=O,"InChI=1S/C30H38O6/c1-17-12-13-22-23(29(22,5)6)14-18(2)28(34)30(36-20(4)31)16-19(3)27(25(30)26(17)33)35-24(32)15-21-10-8-7-9-11-21/h7-11,14,19,22-23,25-27,33H,1,12-13,15-16H2,2-6H3/b18-14+/t19-,22-,23+,25-,26-,27-,30+/m0/s1",IXHWJEMYZOYEDA-FLWHKQKLSA-N,З§ҪрЧУ
QJZ-049,ҙукӘТтЧУL34,Euphorbia factor L34,/,506.27,C31H38O6,,ЭЖАа,C[C@H]1C[C@@]2(OC(C)=O)[C@]([C@@H](OC(/C=C/C3=CC=CC=C3)=O)C(CC[C@@](C4(C)C)([H])[C@@]4([H])/C=C(C)/C2=O)=C)([H])[C@H]1O,"InChI=1S/C31H38O6/c1-18-12-14-23-24(30(23,5)6)16-19(2)29(35)31(37-21(4)32)17-20(3)27(34)26(31)28(18)36-25(33)15-13-22-10-8-7-9-11-22/h7-11,13,15-16,20,23-24,26-28,34H,1,12,14,17H2,2-6H3/b15-13+,19-16+/t20-,23-,24+,26+,27-,28-,31+/m0/s1",TWLIYQFGXFJGBQ-YTOYFHMSSA-N,З§ҪрЧУ
QJZ-050,ҙу»·¶юЭЖЗ§ҪрЧУ A,Euphorbia layhyris A,/,644.3,C38H44O9,,ЭЖАа,C[C@H]1C[C@@]2(OC(C)=O)[C@]([C@@H](OC(C)=O)C([C@@H](OC(C3=CC=CC=C3)=O)C[C@@](C4(C)C)([H])[C@@]4([H])CC(C)C2=O)=C)([H])[C@H]1OC(C5=CC=CC=C5)=O,"InChI=1S/C38H44O9/c1-21-18-28-29(37(28,6)7)19-30(45-35(42)26-14-10-8-11-15-26)23(3)33(44-24(4)39)31-32(46-36(43)27-16-12-9-13-17-27)22(2)20-38(31,34(21)41)47-25(5)40/h8-17,21-22,28-33H,3,18-20H2,1-2,4-7H3/t21?,22-,28+,29-,30-,31+,32-,33-,38+/m0/s1",PFFCQIVCVJARDE-YMMLTCIJSA-N,З§ҪрЧУ
QJZ-051,"(2S,3S,4R,5R,9S,11R,15R)-5,17-diacetoxy-3-benzoyloxy-15hydroxy-14-oxolathyra-6E,12E-diene",/,/,538.26,C31H38O8,,ЭЖАа,C[C@H]1C[C@@]2(O)[C@]([C@@H](OC(C)=O)/C(COC(C)=O)=C/C[C@@](C3(C)C)([H])[C@@]3([H])/C=C(C)/C2=O)([H])[C@H]1OC(C4=CC=CC=C4)=O,"InChI=1S/C31H38O8/c1-17-14-24-23(30(24,5)6)13-12-22(16-37-19(3)32)27(38-20(4)33)25-26(18(2)15-31(25,36)28(17)34)39-29(35)21-10-8-7-9-11-21/h7-12,14,18,23-27,36H,13,15-16H2,1-6H3/b17-14+,22-12+/t18-,23-,24+,25+,26-,27-,31+/m0/s1",SXSHJOSQALDWIG-IHERWWFXSA-N,З§ҪрЧУ
QJZ-052,/,lathyranoic acid A,850560-44-0,494.23,C29H34O7,,·УЛб,C[C@H]1C[C@@]2(O)[C@]([C@@H](OC(C)=O)/C(COC(C)=O)=C/C[C@@](C3(C)C)([H])[C@@]3([H])/C=C(C)/C2=O)([H])[C@H]1OC(C4=CC=CC=C4)=O,"InChI=1S/C31H38O8/c1-17-14-24-23(30(24,5)6)13-12-22(16-37-19(3)32)27(38-20(4)33)25-26(18(2)15-31(25,36)28(17)34)39-29(35)21-10-8-7-9-11-21/h7-12,14,18,23-27,36H,13,15-16H2,1-6H3/b17-14+,22-12+/t18-,23-,24+,25+,26-,27-,31+/m0/s1",SXSHJOSQALDWIG-IHERWWFXSA-N,З§ҪрЧУ
QJZ-053,/,Lathyranone A,/,600.27,C36H40O8,,ЭЖАа,C/C([C@](C[C@H](C)[C@H](OC(C1=CC=CC=C1)=O)[C@]2([H])[C@H]3OC(C)=O)(O)C2=O)=C\[C@]4([H])[C@](C4(C)C)([H])C[C@H](OC(C5=CC=CC=C5)=O)C3=C,"InChI=1S/C36H40O8/c1-20-19-36(41)21(2)17-26-27(35(26,5)6)18-28(43-33(39)24-13-9-7-10-14-24)22(3)31(42-23(4)37)29(32(36)38)30(20)44-34(40)25-15-11-8-12-16-25/h7-17,20,26-31,41H,3,18-19H2,1-2,4-6H3/b21-17+/t20-,26+,27-,28-,29+,30-,31-,36-/m0/s1",ITAIFBKXEBXGAQ-XESDVCCISA-N,З§ҪрЧУ
QJZ-054,/,premylanin,/,538.29,C32H42O7,,ЭЖАа,CC1(C)[C@@]([C@@]21[H])([H])CC[C@@]([C@]2([H])[C@]3(OC)C)(C)[C@H](O)[C@]4([H])[C@@](C[C@H](C)[C@@H]4OC(/C=C/C5=CC=CC=C5)=O)(OC(C)=O)C3=O,"InChI=1S/C32H42O7/c1-18-17-32(39-19(2)33)24(25(18)38-22(34)14-13-20-11-9-8-10-12-20)27(35)30(5)16-15-21-23(29(21,3)4)26(30)31(6,37-7)28(32)36/h8-14,18,21,23-27,35H,15-17H2,1-7H3/b14-13+/t18-,21-,23-,24+,25-,26+,27+,30+,31+,32+/m0/s1",XHZXGBCAZOSBEX-HRHJPESXSA-N,З§ҪрЧУ
QJZ-055,ЗаЭпНӨ,artemetin,/,388.12,C20H20O8,,ЭЖАа,OC1=C2C(OC(C3=CC(OC)=C(OC)C=C3)=C(OC)C2=O)=CC(OC)=C1OC,"InChI=1S/C20H20O8/c1-23-11-7-6-10(8-12(11)24-2)18-20(27-5)17(22)15-13(28-18)9-14(25-3)19(26-4)16(15)21/h6-9,21H,1-5H3",RIGYMJVFEJNCKD-UHFFFAOYSA-N,З§ҪрЧУ
QJZ-056,ВыҫЈЧУ»ЖНӘ,vitexicarpin,479-91-4,374.1,C19H18O8,,»ЖНӘ,OC1=C2C(OC(C3=CC(O)=C(OC)C=C3)=C(OC)C2=O)=CC(OC)=C1OC,"InChI=1S/C19H18O8/c1-23-11-6-5-9(7-10(11)20)17-19(26-4)16(22)14-12(27-17)8-13(24-2)18(25-3)15(14)21/h5-8,20-21H,1-4H3",PJQLSMYMOKWUJG-UHFFFAOYSA-N,З§ҪрЧУ
QJZ-057,ЙҪиН·У-3-ЖПМСМЗИ©ЛбЬХ,kaempferol-3-glucuronide,/,462.08,C21H18O12,,»ЖНӘ,OC1=C(C(C(O[C@H]2[C@H](O)[C@@H](O)[C@H](O)[C@@H](C(O)=O)O2)=C(C3=CC=C(O)C=C3)O4)=O)C4=CC(O)=C1,"InChI=1S/C21H18O12/c22-8-3-1-7(2-4-8)17-18(13(25)12-10(24)5-9(23)6-11(12)31-17)32-21-16(28)14(26)15(27)19(33-21)20(29)30/h1-6,14-16,19,21-24,26-28H,(H,29,30)/t14-,15-,16+,19-,21+/m0/s1",FNTJVYCFNVUBOL-ZUGPOPFOSA-N,З§ҪрЧУ
QJZ-058,йОЖӨЛШ-3-ЖПМСМЗИ©ЛбЬХ,quercetin-3-glucuronide,22688-79-5,478.07,C21H18O13,,»ЖНӘ,O=C1C2=C(O)C=C(O)C=C2OC(C3=CC(O)=C(O)C=C3)=C1O[C@H]4[C@H](O)[C@@H](O)[C@H](O)[C@@H](C(O)=O)O4,"InChI=1S/C21H18O13/c22-7-4-10(25)12-11(5-7)32-17(6-1-2-8(23)9(24)3-6)18(13(12)26)33-21-16(29)14(27)15(28)19(34-21)20(30)31/h1-5,14-16,19,21-25,27-29H,(H,30,31)/t14-,15-,16+,19-,21+/m0/s1",DUBCCGAQYVUYEU-ZUGPOPFOSA-N,З§ҪрЧУ
QJZ-059,»ЖЬЛЛШ,baicalein,491-67-8,270.05,C15H10O5,,»ЖНӘ,OC1=C(O)C=C(OC(C2=CC=CC=C2)=CC3=O)C3=C1O,"InChI=1S/C15H10O5/c16-9-6-11(8-4-2-1-3-5-8)20-12-7-10(17)14(18)15(19)13(9)12/h1-7,17-19H",FXNFHKRTJBSTCS-UHFFFAOYSA-N,З§ҪрЧУ
QJZ-060,ЙҪиН·У,kaempferol,520-18-3,286.05,C15H10O6,,»ЖНӘ,OC1=CC(O)=C2C(OC(C3=CC=C(O)C=C3)=C(O)C2=O)=C1,"InChI=1S/C15H10O6/c16-8-3-1-7(2-4-8)15-14(20)13(19)12-10(18)5-9(17)6-11(12)21-15/h1-6,16-18,20H",IYRMWMYZSQPJKC-UHFFFAOYSA-N,З§ҪрЧУ
QJZ-061,йОЖӨЛШ,quercetin,117-39-5,302.04,C15H10O7,,»ЖНӘ,OC1=CC(O)=C2C(OC(C3=CC(O)=C(O)C=C3)=C(O)C2=O)=C1,"InChI=1S/C15H10O7/c16-7-4-10(19)12-11(5-7)22-15(14(21)13(12)20)6-1-2-8(17)9(18)3-6/h1-5,16-19,21H",REFJWTPEDVJJIY-UHFFFAOYSA-N,З§ҪрЧУ
QJZ-062,әә»ЖЬЛЛШ,wogonin,632-85-9,284.07,C16H12O5,,»ЖНӘ,OC1=CC(O)=C2C(OC(C3=CC=CC=C3)=CC2=O)=C1OC,"InChI=1S/C16H12O5/c1-20-15-12(19)7-10(17)14-11(18)8-13(21-16(14)15)9-5-3-2-4-6-9/h2-8,17,19H,1H3",XLTFNNCXVBYBSX-UHFFFAOYSA-N,З§ҪрЧУ
QJZ-063,В«¶Ў,rutin,153-18-4,610.15,C27H30O16,,»ЖНӘ,O=C1C2=C(O)C=C(O)C=C2OC(C3=CC(O)=C(O)C=C3)=C1O[C@H]4[C@H](O)[C@@H](O)[C@H](O)[C@@H](CO[C@@H]5O[C@@H](C)[C@H](O)[C@@H](O)[C@H]5O)O4,"InChI=1S/C27H30O16/c1-8-17(32)20(35)22(37)26(40-8)39-7-15-18(33)21(36)23(38)27(42-15)43-25-19(34)16-13(31)5-10(28)6-14(16)41-24(25)9-2-3-11(29)12(30)4-9/h2-6,8,15,17-18,20-23,26-33,35-38H,7H2,1H3/t8-,15+,17-,18+,20+,21-,22+,23+,26+,27-/m0/s1",IKGXIBQEEMLURG-NVPNHPEKSA-N,З§ҪрЧУ
QJZ-064,ЖЯТ¶ДЪхҘ/ЗШЖӨТТЛШ,aesculetin,305-01-1,178.03,C9H6O4,,Пг¶№ЛШ,O=C1C=CC2=CC(O)=C(O)C=C2O1,"InChI=1S/C9H6O4/c10-6-3-5-1-2-9(12)13-8(5)4-7(6)11/h1-4,10-11H",ILEDWLMCKZNDJK-UHFFFAOYSA-N,З§ҪрЧУ
QJZ-065,Л«ЖЯТ¶ДЪхҘ,euphorbetin,/,354.04,C18H10O8,,Пг¶№ЛШ,O=C1C=CC(C(C2=C(O)C(O)=CC3=C2C=CC(O3)=O)=C(O)C(O)=C4)=C4O1,"InChI=1S/C18H10O8/c19-9-5-11-7(1-3-13(21)25-11)15(17(9)23)16-8-2-4-14(22)26-12(8)6-10(20)18(16)24/h1-6,19-20,23-24H",MFAPGDLENWJYSK-UHFFFAOYSA-N,З§ҪрЧУ
QJZ-066,ТмЛ«ЖЯТ¶ДЪхҘ,isoeuphorbetin,50677-55-9,354.04,C18H10O8,,Пг¶№ЛШ,O=C1C=CC2=CC(O)=C(O)C(C3=C(O)C(O)=CC4=C3C=CC(O4)=O)=C2O1,"InChI=1S/C18H10O8/c19-9-5-7-1-3-13(22)26-18(7)15(17(9)24)14-8-2-4-12(21)25-11(8)6-10(20)16(14)23/h1-6,19-20,23-24H",MCLQXBHUUFURBK-UHFFFAOYSA-N,З§ҪрЧУ
QJZ-067,ИрПгЛШ,daphnetin,486-35-1,178.03,C9H6O4,,Пг¶№ЛШ,O=C(O1)C=CC2=C1C(O)=C(O)C=C2,"InChI=1S/C9H6O4/c10-6-3-1-5-2-4-7(11)13-9(5)8(6)12/h1-4,10,12H",ATEFPOUAMCWAQS-UHFFFAOYSA-N,З§ҪрЧУ
QJZ-068,ЖЯТ¶КчЬХ,esculin,305-01-1,340.08,C15H16O9,,Пг¶№ЛШ,O=C1C=CC2=CC(O[C@H]3[C@H](O)[C@@H](O)[C@H](O)[C@@H](CO)O3)=C(O)C=C2O1,"InChI=1S/C15H16O9/c16-5-10-12(19)13(20)14(21)15(24-10)23-9-3-6-1-2-11(18)22-8(6)4-7(9)17/h1-4,10,12-17,19-21H,5H2/t10-,12-,13+,14-,15-/m1/s1",XHCADAYNFIFUHF-TVKJYDDYSA-N,З§ҪрЧУ
QJZ-069,ЗШЖӨаӨ,fraxidin,525-21-3,222.05,C11H10O5,,Пг¶№ЛШ,COC1=C(OC)C(O)=C2C(C=CC(O2)=O)=C1,"InChI=1S/C11H10O5/c1-14-7-5-6-3-4-8(12)16-10(6)9(13)11(7)15-2/h3-5,13H,1-2H3",QNFBKOHHLAWWTC-UHFFFAOYSA-N,З§ҪрЧУ
QJZ-070,6-јЧСх»щ-7-фЗ»щПг¶№ЛШ,scopoletin,92-61-5,192.04,C10H8O4,,Пг¶№ЛШ,COC1=C(O)C=C2C(C=CC(O2)=O)=C1,"InChI=1S/C10H8O4/c1-13-9-4-6-2-3-10(12)14-8(6)5-7(9)11/h2-5,11H,1H3",RODXRVNMMDRFIK-UHFFFAOYSA-N,З§ҪрЧУ
QJZ-071,ҰВ-№ИзЮҙј,ҰВ-sitosterol,83-46-5,414.39,C29H50O,,зЮМе,CC[C@@H](C(C)C)CC[C@H]([C@H]1CC[C@@H]2[C@]1(C)CC[C@H]3[C@H]2CC=C4[C@]3(C)CC[C@H](O)C4)C,"InChI=1S/C29H50O/c1-7-21(19(2)3)9-8-20(4)25-12-13-26-24-11-10-22-18-23(30)14-16-28(22,5)27(24)15-17-29(25,26)6/h10,19-21,23-27,30H,7-9,11-18H2,1-6H3/t20-,21-,23+,24+,25-,26+,27+,28+,29-/m1/s1",KZJWDPNRJALLNS-VJSFXXLFSA-N,З§ҪрЧУ
QJZ-072,әъВЬІ·ЬХ,daucosterol,474-58-8,576.44,C35H60O6,,зЮМе,CC[C@@H](C(C)C)CC[C@H]([C@H]1CC[C@@H]2[C@]1(C)CC[C@H]3[C@H]2CC=C4[C@]3(C)CC[C@H](O[C@H]5[C@H](O)[C@@H](O)[C@H](O)[C@@H](CO)O5)C4)C,"InChI=1S/C35H60O6/c1-7-22(20(2)3)9-8-21(4)26-12-13-27-25-11-10-23-18-24(14-16-34(23,5)28(25)15-17-35(26,27)6)40-33-32(39)31(38)30(37)29(19-36)41-33/h10,20-22,24-33,36-39H,7-9,11-19H2,1-6H3/t21-,22-,24+,25+,26-,27+,28+,29-,30-,31+,32-,33-,34+,35-/m1/s1",NPJICTMALKLTFW-OFUAXYCQSA-N,З§ҪрЧУ
QJZ-073,ЖС№«УўзЮҙј,taraxerol,1059-14-9,426.39,C30H50O,,зЮМе,C[C@H]1[C@@H]2[C@H]3CC[C@@H]4[C@@]5(C)CC[C@H](O)C(C)(C)[C@@H]5CC[C@@]4(C)[C@]3(C)CC[C@@]2(C)CCC1=C,"InChI=1S/C30H50O/c1-19-11-14-27(5)17-18-29(7)21(25(27)20(19)2)9-10-23-28(6)15-13-24(31)26(3,4)22(28)12-16-30(23,29)8/h20-25,31H,1,9-18H2,2-8H3/t20-,21-,22+,23-,24+,25-,27-,28+,29-,30-/m1/s1",XWMMEBCFHUKHEX-ZJJHUPNDSA-N,З§ҪрЧУ
QJZ-074,ЖС№«УўзЮНӘ,taraxerone,6786-16-9,424.37,C30H48O,,зЮМе,C[C@]12CCC(C)(C)C[C@H]1[C@]3(C)CC[C@@H]4[C@@]5(C)CCC(C(C)(C)[C@@H]5CC[C@@]4(C)C3=CC2)=O,"InChI=1S/C30H48O/c1-25(2)17-18-27(5)13-9-21-29(7)14-10-20-26(3,4)24(31)12-16-28(20,6)22(29)11-15-30(21,8)23(27)19-25/h9,20,22-23H,10-19H2,1-8H3/t20-,22+,23+,27-,28-,29-,30+/m0/s1",DBCAVZSSFGIHQZ-YLAYQGCQSA-N,З§ҪрЧУ
QJZ-075,УрЙИТ¶ҙј,lupeol,545-47-1,426.39,C30H50O,,ИэЭЖ,CC([C@@H]1CC[C@@]2(C)[C@H]1[C@H]3CC[C@@H]4[C@@]5(C)CC[C@H](O)C(C)(C)[C@@H]5CC[C@@]4(C)[C@]3(C)CC2)=C,"InChI=1S/C30H50O/c1-19(2)20-11-14-27(5)17-18-29(7)21(25(20)27)9-10-23-28(6)15-13-24(31)26(3,4)22(28)12-16-30(23,29)8/h20-25,31H,1,9-18H2,2-8H3/t20-,21+,22-,23+,24-,25+,27+,28-,29+,30+/m0/s1",MQYXUWHLBZFQQO-QGTGJCAVSA-N,З§ҪрЧУ
QJZ-076,СтіЭП©ҙј,fernenol,/,426.39,C30H50O,,ИэЭЖ,CC([C@H]1CC[C@@H]2[C@]1(C)CC[C@@]3(C)[C@@]2(C)CC=C4[C@@H]3CC[C@@H]5[C@]4(C)CC[C@H](O)C5(C)C)C,"InChI=1S/C30H50O/c1-19(2)20-9-12-24-28(20,6)17-18-29(7)22-10-11-23-26(3,4)25(31)14-15-27(23,5)21(22)13-16-30(24,29)8/h13,19-20,22-25,31H,9-12,14-18H2,1-8H3/t20-,22+,23+,24-,25+,27-,28-,29-,30+/m1/s1",VWYANPOOORUCFJ-YHEBVWOXSA-N,З§ҪрЧУ
QJZ-077,УрЙИП©НӘ,lupenone,1617-70-5,424.37,C30H48O,,ИэЭЖ,CC([C@@H]1CC[C@@]2(C)[C@H]1[C@H]3CC[C@@H]4[C@@]5(C)CCC(C(C)(C)[C@@H]5CC[C@@]4(C)[C@]3(C)CC2)=O)=C,"InChI=1S/C30H48O/c1-19(2)20-11-14-27(5)17-18-29(7)21(25(20)27)9-10-23-28(6)15-13-24(31)26(3,4)22(28)12-16-30(23,29)8/h20-23,25H,1,9-18H2,2-8H3/t20-,21+,22-,23+,25+,27+,28-,29+,30+/m0/s1",GRBHNQFQFHLCHO-BHMAJAPKSA-N,З§ҪрЧУ
QJZ-078,ҰВ-ПгКчЦ¬ҙј,ҰВ-Amyrin,559-70-6,426.39,C30H50O,,ИэЭЖ,C[C@@]12CC[C@]3(C)C([C@@H]1CC(C)(C)CC2)=CC[C@H]4[C@@]3(C)CC[C@@H]5[C@]4(C)CC[C@H](O)C5(C)C,"InChI=1S/C30H50O/c1-25(2)15-16-27(5)17-18-29(7)20(21(27)19-25)9-10-23-28(6)13-12-24(31)26(3,4)22(28)11-14-30(23,29)8/h9,21-24,31H,10-19H2,1-8H3/t21-,22-,23+,24-,27+,28-,29+,30+/m0/s1",JFSHUTJDVKUMTJ-QHPUVITPSA-N,З§ҪрЧУ
QJZ-079,»·ДҫІӨВЬП©ҙј,cycloartenol,469-38-5,426.39,C30H50O,,ИэЭЖ,C[C@@H]([C@H]1CC[C@]2(C)[C@]1(C)CC[C@]34[C@H]2CC[C@@H]5[C@@]3(CC[C@H](O)C5(C)C)C4)CC/C=C(C)\C,"InChI=1S/C30H50O/c1-20(2)9-8-10-21(3)22-13-15-28(7)24-12-11-23-26(4,5)25(31)14-16-29(23)19-30(24,29)18-17-27(22,28)6/h9,21-25,31H,8,10-19H2,1-7H3/t21-,22-,23+,24+,25+,27-,28+,29-,30+/m1/s1",ONQRKEUAIJMULO-YBXTVTTCSA-N,З§ҪрЧУ
QJZ-080,24-СЗјЧ»щ»·ДҫІӨВЬНйҙј,24-methylene cycloartanol,1449-09-8,440.4,C31H52O,,ИэЭЖ,C[C@@H]([C@H]1CC[C@]2(C)[C@]1(C)CC[C@]34[C@H]2CC[C@@H]5[C@@]3(CC[C@H](O)C5(C)C)C4)CCC(C(C)C)=C,"InChI=1S/C31H52O/c1-20(2)21(3)9-10-22(4)23-13-15-29(8)25-12-11-24-27(5,6)26(32)14-16-30(24)19-31(25,30)18-17-28(23,29)7/h20,22-26,32H,3,9-19H2,1-2,4-8H3/t22-,23-,24+,25+,26+,28-,29+,30-,31+/m1/s1",BDHQMRXFDYJGII-UEBIAWITSA-N,З§ҪрЧУ
