编号,化合物名称,英文名称,CAS号,分子量,分子式,2D图,类别,smiles,inchi,inchikey,药材名称
PECH-001,山奈酚-3-O-阿拉伯糖苷,Kaempferol-3-O-arabinoside,5041-67-8,418.3540,C20H18O10,,黄酮,O=C1C2=C(O)C=C(O)C=C2OC(C3=CC=C(O)C=C3)=C1O[C@H]4[C@H](O)[C@@H](O)[C@H](CO)O4,"InChI=1S/C20H18O10/c21-7-13-15(25)17(27)20(29-13)30-19-16(26)14-11(24)5-10(23)6-12(14)28-18(19)8-1-3-9(22)4-2-8/h1-6,13,15,17,20-25,27H,7H2/t13-,15-,17+,20-/m0/s1",POQICXMTUPVZMX-UXYNSRGZSA-N,赶黄草
PECH-002,槲皮素,Quercetin,117-39-5,302.2380,C15H10O7,,黄酮,OC(C(O)=C1)=CC=C1C2=C(O)C(C3=C(O)C=C(O)C=C3O2)=O,"InChI=1S/C15H10O7/c16-7-4-10(19)12-11(5-7)22-15(14(21)13(12)20)6-1-2-8(17)9(18)3-6/h1-5,16-19,21H",REFJWTPEDVJJIY-UHFFFAOYSA-N,赶黄草
PECH-003,槲皮素-3-O-阿拉伯糖苷,Avicularin,572-30-5,434.3530,C20H18O11,,黄酮,O=C1C2=C(O)C=C(O)C=C2OC(C3=CC=C(O)C(O)=C3)=C1O[C@H]4[C@H](O)[C@@H](O)[C@H](CO)O4,"InChI=1S/C20H18O11/c21-6-13-15(26)17(28)20(30-13)31-19-16(27)14-11(25)4-8(22)5-12(14)29-18(19)7-1-2-9(23)10(24)3-7/h1-5,13,15,17,20-26,28H,6H2/t13-,15-,17+,20-/m0/s1",BDCDNTVZSILEOY-UXYNSRGZSA-N,赶黄草
PECH-004,槲皮素-3-O-α-L-鼠李糖苷,Quercitrin,522-12-3,448.3800,C21H20O11,,黄酮,O=C1C2=C(O)C=C(O)C=C2OC(C3=CC=C(O)C(O)=C3)=C1O[C@H]4[C@H](O)[C@H](O)[C@@H](O)[C@H](C)O4,"InChI=1S/C21H20O11/c1-7-15(26)17(28)18(29)21(30-7)32-20-16(27)14-12(25)5-9(22)6-13(14)31-19(20)8-2-3-10(23)11(24)4-8/h2-7,15,17-18,21-26,28-29H,1H3/t7-,15-,17+,18+,21-/m0/s1",OXGUCUVFOIWWQJ-HQBVPOQASA-N,赶黄草
PECH-005,"3-Phenyl-1-(2′,6′-dihydroxyphenyl-4′-O-β-D-glucopyranosyl)-1-propanone","3-Phenyl-1-(2′,6′-dihydroxyphenyl-4′-O-β-D-glucopyranosyl)-1-propanone",73519-16-1,420.4140,C21H24O9,,黄酮,OC1=CC(O[C@H]2[C@H](O)[C@@H](O)[C@H](O)[C@@H](CO)O2)=CC(O)=C1C(CCC3=CC=CC=C3)=O,"InChI=1S/C21H24O9/c22-10-16-18(26)19(27)20(28)21(30-16)29-12-8-14(24)17(15(25)9-12)13(23)7-6-11-4-2-1-3-5-11/h1-5,8-9,16,18-22,24-28H,6-7,10H2/t16-,18-,19+,20-,21-/m1/s1",PDEJQNUGODFPTR-QNDFHXLGSA-N,赶黄草
PECH-006,"2′,6′-Dihydroxydihydro-chalcone-4′-O-[3′′-O-galloyl]-β-D-glucopyranoside","2′,6′-Dihydroxydihydro-chalcone-4′-O-[3′′-O-galloyl]-β-D-glucopyranoside",1885097-49-3,572.5190,C28H28O13,,黄酮,OC1=CC(OC2[C@@H](O)[C@H](OC(C3=CC(O)=C(O)C(O)=C3)=O)C(O)[C@@H](CO)O2)=CC(O)=C1C(CCC4=CC=CC=C4)=O,"InChI=1S/C28H28O13/c29-12-21-24(36)26(41-27(38)14-8-19(33)23(35)20(34)9-14)25(37)28(40-21)39-15-10-17(31)22(18(32)11-15)16(30)7-6-13-4-2-1-3-5-13/h1-5,8-11,21,24-26,28-29,31-37H,6-7,12H2/t21-,24?,25+,26-,28?/m1/s1",CEPQQERKIVVLGP-QUOSWKDLSA-N,赶黄草
PECH-007,6′-羟基-2′-甲氧基二氢查耳酮-4′-O-β-D-吡喃葡 萄糖苷,6'-hydroxy-2'-methoxy-dihydrochalcone-4'-β-D-glucopyranoside,/,434.4410,C22H26O9,,黄酮,O=C(CCC1=CC=CC=C1)C2=C(OC)C=C(O[C@H]3[C@H](O)[C@@H](O)[C@H](O)[C@@H](CO)O3)C=C2O,"InChI=1S/C22H26O9/c1-29-16-10-13(30-22-21(28)20(27)19(26)17(11-23)31-22)9-15(25)18(16)14(24)8-7-12-5-3-2-4-6-12/h2-6,9-10,17,19-23,25-28H,7-8,11H2,1H3/t17-,19-,20+,21-,22-/m1/s1",OKUDOZQZDZDXJA-MIUGBVLSSA-N,赶黄草
PECH-008,4-O-β-D-Glucopyranosyl-6-hydroxy-2-methoxychalcone,4-O-β-D-Glucopyranosyl-6-hydroxy-2-methoxychalcone,1375457-41-2,432.4250,C22H24O9,,黄酮,OC1=CC(O[C@H]2[C@H](O)[C@@H](O)[C@H](O)[C@@H](CO)O2)=CC(OC)=C1C(/C=C/C3=CC=CC=C3)=O,"InChI=1S/C22H24O9/c1-29-16-10-13(30-22-21(28)20(27)19(26)17(11-23)31-22)9-15(25)18(16)14(24)8-7-12-5-3-2-4-6-12/h2-10,17,19-23,25-28H,11H2,1H3/b8-7+/t17-,19-,20+,21-,22-/m1/s1",BOZCHAAEPGTZKL-XBYYYFBSSA-N,赶黄草
PECH-009,(2S)-乔松素,(+)-Pinocembrin,480-39-7,256.2570,C15H12O4,,黄酮,O=C1C2=C(O)C=C(O)C=C2OC(C3=CC=CC=C3)C1,"InChI=1S/C15H12O4/c16-10-6-11(17)15-12(18)8-13(19-14(15)7-10)9-4-2-1-3-5-9/h1-7,13,16-17H,8H2",URFCJEUYXNAHFI-UHFFFAOYSA-N,赶黄草
PECH-010,(2R/2S)-乔松素-7-O-β-D-葡萄糖苷,Pinocembrin-7-O-β-D-glucopyranoside,75829-43-5,418.3980,C21H22O9,,黄酮,O=C1C2=C(O)C=C(O[C@H]3[C@H](O)[C@@H](O)[C@H](O)[C@@H](CO)O3)C=C2OC(C4=CC=CC=C4)C1,"InChI=1S/C21H22O9/c22-9-16-18(25)19(26)20(27)21(30-16)28-11-6-12(23)17-13(24)8-14(29-15(17)7-11)10-4-2-1-3-5-10/h1-7,14,16,18-23,25-27H,8-9H2/t14?,16-,18-,19+,20-,21-/m1/s1",GPGFGFUBECSNTG-RGHIGTIISA-N,赶黄草
PECH-011,Penthorumside A,Penthorumside A,2379667-92-0,570.5030,C28H26O13,,黄酮,OC1=C(C(C[C@@H](O2)C3=CC=CC=C3)=O)C2=CC(OC4[C@@H](O)[C@H](OC(C5=CC(O)=C(O)C(O)=C5)=O)C(O)[C@@H](CO)O4)=C1,"InChI=1S/C28H26O13/c29-11-21-24(35)26(41-27(37)13-6-17(32)23(34)18(33)7-13)25(36)28(40-21)38-14-8-15(30)22-16(31)10-19(39-20(22)9-14)12-4-2-1-3-5-12/h1-9,19,21,24-26,28-30,32-36H,10-11H2/t19-,21-,24?,25+,26-,28?/m1/s1",UYYHAWXQHKSXSJ-XOLPKNDSSA-N,赶黄草
PECH-012,(2R/2S)-山姜素-7-O-β-D-吡喃葡萄糖苷,(2R/2S)-alpinetin-7-O-β-D-glucopyranoside,1450878-89-3,432.4250,C22H24O9,,黄酮,O=C1C2=C(OC)C=C(O[C@H]3[C@H](O)[C@@H](O)[C@H](O)[C@@H](CO)O3)C=C2OC(C4=CC=CC=C4)C1,"InChI=1S/C22H24O9/c1-28-15-7-12(29-22-21(27)20(26)19(25)17(10-23)31-22)8-16-18(15)13(24)9-14(30-16)11-5-3-2-4-6-11/h2-8,14,17,19-23,25-27H,9-10H2,1H3/t14?,17-,19-,20+,21-,22-/m1/s1",RRNVUIVTKIOLBO-WVJHHYEUSA-N,赶黄草
PECH-013,(2R)-柚皮素,Naringenin,480-41-1,272.0684,C15H12O5,,黄酮,O=C1CC(C2=CC=C(O)C=C2)OC3=C1C(O)=CC(O)=C3,"InChI=1S/C15H12O5/c16-9-3-1-8(2-4-9)13-7-12(19)15-11(18)5-10(17)6-14(15)20-13/h1-6,13,16-18H,7H2",FTVWIRXFELQLPI-UHFFFAOYSA-N,赶黄草
PECH-014,(2R/2S)-Naringenin-7-O-β-D-glucoside,(2R/2S)-Naringenin-7-O-β-D-glucoside,221362-75-0,434.3970,C21H22O10,,黄酮,O=C1C2=C(O)C=C(O[C@H]3[C@H](O)[C@@H](O)[C@H](O)[C@@H](CO)O3)C=C2OC(C4=CC=C(O)C=C4)C1,"InChI=1S/C21H22O10/c22-8-16-18(26)19(27)20(28)21(31-16)29-11-5-12(24)17-13(25)7-14(30-15(17)6-11)9-1-3-10(23)4-2-9/h1-6,14,16,18-24,26-28H,7-8H2/t14?,16-,18-,19+,20-,21-/m1/s1",DLIKSSGEMUFQOK-RGHIGTIISA-N,赶黄草
PECH-015,(2S/2R)-圣草酚,Eriodictyol,552-58-9,288.2550,C15H12O6,,黄酮,O=C1CC(C2=CC=C(O)C(O)=C2)OC3=C1C(O)=CC(O)=C3,"InChI=1S/C15H12O6/c16-8-4-11(19)15-12(20)6-13(21-14(15)5-8)7-1-2-9(17)10(18)3-7/h1-5,13,16-19H,6H2",SBHXYTNGIZCORC-UHFFFAOYSA-N,赶黄草
PECH-016,"Pinocembrin-7-O-[4′′,6′′-(S)-hexahydroxydiphenoyl]-β-D-glucose","Pinocembrin-7-O-[4′′,6′′-(S)-hexahydroxydiphenoyl]-β-D-glucose",1825287-22-6,720.5920,C35H28O17,,酚酸,O=C(OC1[C@H](O)[C@H](O)[C@H](OC2=CC(O)=C(C(CC(C3=CC=CC=C3)O4)=O)C4=C2)O[C@@H]1COC5=O)C6=CC(O)=C(O)C(O)=C6C7=C5C=C(O)C(O)=C7O,"InChI=1S/C35H28O17/c36-16-6-13(7-21-25(16)17(37)10-20(50-21)12-4-2-1-3-5-12)49-35-31(45)30(44)32-22(51-35)11-48-33(46)14-8-18(38)26(40)28(42)23(14)24-15(34(47)52-32)9-19(39)27(41)29(24)43/h1-9,20,22,30-32,35-36,38-45H,10-11H2/t20?,22-,30-,31+,32?,35-/m1/s1",SHBQSNYBINOTIL-UMAACULISA-N,赶黄草
PECH-017,"Pinocembrin 7-O-[3′′-O-galloyl-4′′,6′′-(S)-hexahydroxydiphenoyl]-β-D-glucoside","Pinocembrin 7-O-[3′′-O-galloyl-4′′,6′′-(S)-hexahydroxydiphenoyl]-β-D-glucoside",205370-59-8,872.6970,C42H32O21,,酚酸,O=C(OC1[C@H](OC(C2=CC(O)=C(O)C(O)=C2)=O)[C@H](O)[C@H](OC3=CC(O)=C(C(CC(C4=CC=CC=C4)O5)=O)C5=C3)O[C@@H]1COC6=O)C7=CC(O)=C(O)C(O)=C7C8=C6C=C(O)C(O)=C8O,"InChI=1S/C42H32O21/c43-19-8-16(9-26-30(19)20(44)12-25(60-26)14-4-2-1-3-5-14)59-42-36(54)38(63-39(55)15-6-21(45)31(49)22(46)7-15)37-27(61-42)13-58-40(56)17-10-23(47)32(50)34(52)28(17)29-18(41(57)62-37)11-24(48)33(51)35(29)53/h1-11,25,27,36-38,42-43,45-54H,12-13H2/t25?,27-,36+,37?,38-,42-/m1/s1",HJEXOQUMFMERIM-HPNBGKGUSA-N,赶黄草
PECH-018,Thonningianin A,Thonningianin A,271579-11-4,874.7130,C42H34O21,,酚酸,O=C(OC1[C@H](OC(C2=CC(O)=C(O)C(O)=C2)=O)[C@H](O)[C@H](OC3=CC(O)=C(C(CCC4=CC=CC=C4)=O)C(O)=C3)O[C@@H]1COC5=O)C6=CC(O)=C(O)C(O)=C6C7=C5C=C(O)C(O)=C7O,"InChI=1S/C42H34O21/c43-20(7-6-15-4-2-1-3-5-15)30-21(44)10-17(11-22(30)45)60-42-36(55)38(63-39(56)16-8-23(46)31(50)24(47)9-16)37-27(61-42)14-59-40(57)18-12-25(48)32(51)34(53)28(18)29-19(41(58)62-37)13-26(49)33(52)35(29)54/h1-5,8-13,27,36-38,42,44-55H,6-7,14H2/t27-,36+,37?,38-,42-/m1/s1",XQVKQEFQGYTUAR-IAIFDNKZSA-N,赶黄草
PECH-019,"2′,4′,6′-Trihydroxyacetophenone 4′-O-[4,6-(S)-HHDP]-β-D-glucoside","2′,4′,6′-Trihydroxyacetophenone 4′-O-[4,6-(S)-HHDP]-β-D-glucoside",1781226-44-5,632.4830,C28H24O17,,酚酸,O=C(OC1[C@H](O)[C@H](O)[C@H](OC2=CC(O)=C(C(C)=O)C(O)=C2)O[C@@H]1CO3)C4=CC(O)=C(O)C(O)=C4C5=C(O)C(O)=C(O)C=C5C3=O,"InChI=1S/C28H24O17/c1-7(29)16-11(30)2-8(3-12(16)31)43-28-24(39)23(38)25-15(44-28)6-42-26(40)9-4-13(32)19(34)21(36)17(9)18-10(27(41)45-25)5-14(33)20(35)22(18)37/h2-5,15,23-25,28,30-39H,6H2,1H3/t15-,23-,24+,25?,28-/m1/s1",PFJCKKBMOOGJSX-XVZQCIKMSA-N,赶黄草
PECH-020,"(7'E,8R)-3,4-dihydroxy-2,4'-epoxy-8,3'-neolign-7'-en-7-one","(7'E,8R)-3,4-dihydroxy-2,4'-epoxy-8,3'-neolign-7'-en-7-one",/,296.3220,C18H16O4,,酚酸,OC1=CC=C2C(OC(C=CC(/C=C/C)=C3)=C3[C@@H](C)C2=O)=C1O,"InChI=1S/C18H16O4/c1-3-4-11-5-8-15-13(9-11)10(2)16(20)12-6-7-14(19)17(21)18(12)22-15/h3-10,19,21H,1-2H3/b4-3+/t10-/m1/s1",FMROJCGHWCVHEM-HMDXOVGESA-N,赶黄草
PECH-021,(+)-丁香脂素,(+)-Syringaresinol,21453-69-0,418.4420,C22H26O8,,苯丙素,OC(C(OC)=C1)=C(OC)C=C1[C@@H]2[C@]3([H])[C@]([C@@H](C4=CC(OC)=C(O)C(OC)=C4)OC3)([H])CO2,"InChI=1S/C22H26O8/c1-25-15-5-11(6-16(26-2)19(15)23)21-13-9-30-22(14(13)10-29-21)12-7-17(27-3)20(24)18(8-12)28-4/h5-8,13-14,21-24H,9-10H2,1-4H3/t13-,14-,21+,22+/m0/s1",KOWMJRJXZMEZLD-HCIHMXRSSA-N,赶黄草
PECH-022,Glochidiobioside,Glochidiobioside,220745-70-0,522.5470,C26H34O11,,苯丙素,OC[C@@H]1[C@@H](C2=CC(OC)=C(O)C=C2)OC3=C1C=C(CCCO[C@H]4[C@H](O)[C@@H](O)[C@H](O)[C@@H](CO)O4)C=C3OC,"InChI=1S/C26H34O11/c1-33-18-10-14(5-6-17(18)29)24-16(11-27)15-8-13(9-19(34-2)25(15)37-24)4-3-7-35-26-23(32)22(31)21(30)20(12-28)36-26/h5-6,8-10,16,20-24,26-32H,3-4,7,11-12H2,1-2H3/t16-,20+,21+,22-,23+,24+,26+/m0/s1",DVWKMCPPEMUHBE-KUCLMONLSA-N,赶黄草
PECH-023,Hanultarin,Hanultarin,1067247-32-8,538.5930,C30H34O9,,苯丙素,O=C(OC[C@@H]([C@@H](CC1=CC(OC)=C(O)C=C1)CO)CC2=CC=C(O)C(OC)=C2)/C=C/C3=CC(OC)=C(O)C=C3,"InChI=1S/C30H34O9/c1-36-27-14-19(4-8-24(27)32)7-11-30(35)39-18-23(13-21-6-10-26(34)29(16-21)38-3)22(17-31)12-20-5-9-25(33)28(15-20)37-2/h4-11,14-16,22-23,31-34H,12-13,17-18H2,1-3H3/b11-7+/t22-,23-/m0/s1",YXLRFCDMMBITIW-ZDRWSHPDSA-N,赶黄草
PECH-024,"9,9′-O-Di-feruloyl-(-)-secoisolariciresinol","9,9′-O-Di-feruloyl-(-)-secoisolariciresinol",56973-66-1,714.7640,C40H42O12,,苯丙素,O=C(OC[C@@H]([C@H](COC(/C=C/C1=CC(OC)=C(O)C=C1)=O)CC2=CC=C(O)C(OC)=C2)CC3=CC=C(O)C(OC)=C3)/C=C/C4=CC(OC)=C(O)C=C4,"InChI=1S/C40H42O12/c1-47-35-19-25(5-11-31(35)41)9-15-39(45)51-23-29(17-27-7-13-33(43)37(21-27)49-3)30(18-28-8-14-34(44)38(22-28)50-4)24-52-40(46)16-10-26-6-12-32(42)36(20-26)48-2/h5-16,19-22,29-30,41-44H,17-18,23-24H2,1-4H3/b15-9+,16-10+/t29-,30-/m0/s1",MOFDLYLEJWQRHD-KYHQCPCQSA-N,赶黄草
PECH-025,东莨菪亭,Scopoletin,92-61-5,192.1700,C10H8O4,,苯丙素,O=C1OC2=CC(O)=C(OC)C=C2C=C1,"InChI=1S/C10H8O4/c1-13-9-4-6-2-3-10(12)14-8(6)5-7(9)11/h2-5,11H,1H3",RODXRVNMMDRFIK-UHFFFAOYSA-N,赶黄草
PECH-026,滨蒿内酯,Scoparone,120-08-1,206.1970,C11H10O4,,苯丙素,O=C1OC2=CC(OC)=C(OC)C=C2C=C1,"InChI=1S/C11H10O4/c1-13-9-5-7-3-4-11(12)15-8(7)6-10(9)14-2/h3-6H,1-2H3",GUAFOGOEJLSQBT-UHFFFAOYSA-N,赶黄草
PECH-027,东莨菪苷,Scopolin,531-44-2,354.3110,C16H18O9,,苯丙素,O=C1OC2=CC(O[C@H]3[C@H](O)[C@@H](O)[C@H](O)[C@@H](CO)O3)=C(OC)C=C2C=C1,"InChI=1S/C16H18O9/c1-22-9-4-7-2-3-12(18)23-8(7)5-10(9)24-16-15(21)14(20)13(19)11(6-17)25-16/h2-5,11,13-17,19-21H,6H2,1H3/t11-,13-,14+,15-,16-/m1/s1",SGTCGCCQZOUMJJ-YMILTQATSA-N,赶黄草
PECH-028,O-Methylmellein,O-Methylmellein,76985-75-6,192.2140,C11H12O3,,酚酸,O=C1C2=C(OC)C=CCOC1=C(O)C=C(C(OC2=C3C(C(O)=O)CC2=O)=O)C3=C1O=C2C[C@@H](C)O1,"InChI=1S/C11H12O3/c1-7-6-8-4-3-5-9(13-2)10(8)11(12)14-7/h3-5,7H,6H2,1-2H3/t7-/m1/s1",AYIDXPPINFIJKW-SSDOTTSWSA-N,赶黄草
PECH-029,短叶苏木酚酸,Brevifolincarboxylic acid,18490-95-4,292.1990,C13H8O8,,酚酸,OC1=C(O)C=C(C(OC2=C3C(C(O)=O)CC2=O)=O)C3=C1O,"InChI=1S/C13H8O8/c14-5-2-4-7(10(17)9(5)16)8-3(12(18)19)1-6(15)11(8)21-13(4)20/h2-3,14,16-17H,1H2,(H,18,19)",JFJWMFPFMLRLMI-UHFFFAOYSA-N,赶黄草
PECH-030,短叶苏木酚酸甲酯,Methyl brevifolincarboxylate,154702-76-8,306.2260,C14H10O8,,酚酸,OC1=C(O)C=C(C(OC2=C3C(C(OC)=O)CC2=O)=O)C3=C1O,"InChI=1S/C14H10O8/c1-21-13(19)5-3-7(16)12-9(5)8-4(14(20)22-12)2-6(15)10(17)11(8)18/h2,5,15,17-18H,3H2,1H3",JNWDNAASYHRXMG-UHFFFAOYSA-N,赶黄草
PECH-031,短叶苏木酚酸乙酯,Ethyl brevifolin carbosylate,107646-82-2,320.2530,C15H12O8,,酚酸,OC1=C(O)C=C(C(OC2=C3C(C(OCC)=O)CC2=O)=O)C3=C1O,"InChI=1S/C15H12O8/c1-2-22-14(20)6-4-8(17)13-10(6)9-5(15(21)23-13)3-7(16)11(18)12(9)19/h3,6,16,18-19H,2,4H2,1H3",JSEPSLOCPQODTM-UHFFFAOYSA-N,赶黄草
PECH-032,C-Veratroylglycol,C-Veratroylglycol,168293-10-5,212.2010,C10H12O5,,酚酸,OC1=CC=C(C(C(CO)O)=O)C=C1OC,"InChI=1S/C10H12O5/c1-15-9-4-6(2-3-7(9)12)10(14)8(13)5-11/h2-4,8,11-13H,5H2,1H3",UTXNRISXYKZJTH-UHFFFAOYSA-N,赶黄草
PECH-033,Coumaric acid 4-O-β-D-glucopyranoside,Coumaric acid 4-O-β-D-glucopyranoside,117405-49-9,326.3010,C15H18O8,,酚酸,O=C(O)/C=C/C1=CC=C(O[C@H]2[C@H](O)[C@@H](O)[C@H](O)[C@@H](CO)O2)C=C1,"InChI=1S/C15H18O8/c16-7-10-12(19)13(20)14(21)15(23-10)22-9-4-1-8(2-5-9)3-6-11(17)18/h1-6,10,12-16,19-21H,7H2,(H,17,18)/b6-3+/t10-,12-,13+,14-,15-/m1/s1",LJFYQZQUAULRDF-FDGSXQGBSA-N,赶黄草
PECH-034,"2,6-Dihydroxyacetophenon-4-O-β-D-glucoside","2,6-Dihydroxyacetophenon-4-O-β-D-glucoside",5027-30-5,330.2890,C14H18O9,,酚酸,CC(C1=C(O)C=C(O[C@H]2[C@H](O)[C@@H](O)[C@H](O)[C@@H](CO)O2)C=C1O)=O,"InChI=1S/C14H18O9/c1-5(16)10-7(17)2-6(3-8(10)18)22-14-13(21)12(20)11(19)9(4-15)23-14/h2-3,9,11-15,17-21H,4H2,1H3/t9-,11-,12+,13-,14-/m1/s1",ARYSAKCPIBLSDO-RGCYKPLRSA-N,赶黄草
PECH-035,苄基葡萄糖苷,Benzyl β-D-glucopyranoside,878383,270.2810,C13H18O6,,酚酸,O[C@@H]1[C@@H](O)[C@H](O)[C@@H](CO)O[C@H]1OCC2=CC=CC=C2,"InChI=1S/C13H18O6/c14-6-9-10(15)11(16)12(17)13(19-9)18-7-8-4-2-1-3-5-8/h1-5,9-17H,6-7H2/t9-,10-,11+,12-,13-/m1/s1",GKHCBYYBLTXYEV-UJPOAAIJSA-N,赶黄草
PECH-036,原儿茶酸,Protocatechuic acid,99-50-3,154.1210,C7H6O4,,酚酸,OC1=C(O)C=C(C(O)=O)C=C1,"InChI=1S/C7H6O4/c8-5-2-1-4(7(10)11)3-6(5)9/h1-3,8-9H,(H,10,11)",YQUVCSBJEUQKSH-UHFFFAOYSA-N,赶黄草
PECH-037,丁香醛,Syringaldehyde,134-96-3,182.1750,C9H10O4,,酚酸,OC1=C(OC)C=C(C([H])=O)C=C1OC,"InChI=1S/C9H10O4/c1-12-7-3-6(5-10)4-8(13-2)9(7)11/h3-5,11H,1-2H3",KCDXJAYRVLXPFO-UHFFFAOYSA-N,赶黄草
PECH-038,没食子酸,Gallic acid,149-91-7,170.1200,C7H6O5,,酚酸,OC1=C(O)C=C(C(O)=O)C=C1O,"InChI=1S/C7H6O5/c8-4-1-3(7(11)12)2-5(9)6(4)10/h1-2,8-10H,(H,11,12)",LNTHITQWFMADLM-UHFFFAOYSA-N,赶黄草
PECH-039,丁香酸,Syringic acid,530-57-4,198.1740,C9H10O5,,酚酸,OC1=C(OC)C=C(C(O)=O)C=C1OC,"InChI=1S/C9H10O5/c1-13-6-3-5(9(11)12)4-7(14-2)8(6)10/h3-4,10H,1-2H3,(H,11,12)",JMSVCTWVEWCHDZ-UHFFFAOYSA-N,赶黄草
PECH-040,灯盏花苷 C,Erigeside C,112667-09-1,360.3150,C15H20O10,,酚酸,OC1=C(OC)C=C(C(O[C@H]2[C@H](O)[C@@H](O)[C@H](O)[C@@H](CO)O2)=O)C=C1OC,"InChI=1S/C15H20O10/c1-22-7-3-6(4-8(23-2)10(7)17)14(21)25-15-13(20)12(19)11(18)9(5-16)24-15/h3-4,9,11-13,15-20H,5H2,1-2H3/t9-,11-,12+,13-,15+/m1/s1",CIYLTHWUJCCASO-APACUCGBSA-N,赶黄草
PECH-041,邻苯二甲酸二丁酯,Dibutyl phthalate,84-74-2,278.3480,C16H22O4,,其他,O=C(OCCCC)C1=C(C(OCCCC)=O)C=CC=C1,"InChI=1S/C16H22O4/c1-3-5-11-19-15(17)13-9-7-8-10-14(13)16(18)20-12-6-4-2/h7-10H,3-6,11-12H2,1-2H3",DOIRQSBPFJWKBE-UHFFFAOYSA-N,赶黄草
PECH-042,Penchinone A,Penchinone A,2043024-05-9,342.3470,C19H18O6,,酚酸,OC1=C(OC)C(O)=CC=C1C(C2=CC(O)=C(/C=C/C)C=C2C(C)=O)=O,"InChI=1S/C19H18O6/c1-4-5-11-8-13(10(2)20)14(9-16(11)22)17(23)12-6-7-15(21)19(25-3)18(12)24/h4-9,21-22,24H,1-3H3/b5-4+",WATDGXVTUFFFRW-SNAWJCMRSA-N,赶黄草
PECH-043,Penchinone B,Penchinone B,2043024-06-0,342.3470,C19H18O6,,酚酸,OC1=C(OC)C(O)=CC=C1C(C2=CC(O)=C(/C=C\C)C=C2C(C)=O)=O,"InChI=1S/C19H18O6/c1-4-5-11-8-13(10(2)20)14(9-16(11)22)17(23)12-6-7-15(21)19(25-3)18(12)24/h4-9,21-22,24H,1-3H3/b5-4-",WATDGXVTUFFFRW-PLNGDYQASA-N,赶黄草
PECH-044,"(4'E)-2,4-Dihydroxy-3-methoxy-6'-methanone-benzophenone -3'-O-β-D-glucopyranoside","(4'E)-2,4-Dihydroxy-3-methoxy-6'-methanone-benzophenone -3'-O-β-D-glucopyranoside",2803716-49-4,504.4880,C25H28O11,,酚酸,OC1=C(OC)C(O)=CC=C1C(C2=CC(O[C@H]3[C@H](O)[C@@H](O)[C@H](O)[C@@H](CO)O3)=C(/C=C/C)C=C2C(C)=O)=O,"InChI=1S/C25H28O11/c1-4-5-12-8-14(11(2)27)15(19(29)13-6-7-16(28)24(34-3)20(13)30)9-17(12)35-25-23(33)22(32)21(31)18(10-26)36-25/h4-9,18,21-23,25-26,28,30-33H,10H2,1-3H3/b5-4+/t18-,21-,22+,23-,25-/m1/s1",RTKOBRNMPTVMPC-NYHFPGAVSA-N,赶黄草
PECH-045,大黄素,Emodin,518-82-1,270.2400,C15H10O5,,黄酮,CC1=CC2=C(C(O)=C1)C(C3=C(O)C=C(O)C=C3C2=O)=O,"InChI=1S/C15H10O5/c1-6-2-8-12(10(17)3-6)15(20)13-9(14(8)19)4-7(16)5-11(13)18/h2-5,16-18H,1H3",RHMXXJGYXNZAPX-UHFFFAOYSA-N,赶黄草
PECH-046,反丁烯二酸,Fumaric acid,110-17-8,116.0720,C4H4O4,,脂肪酸,OC(/C=C/C(O)=O)=O,"InChI=1S/C4H4O4/c5-3(6)1-2-4(7)8/h1-2H,(H,5,6)(H,7,8)/b2-1+",VZCYOOQTPOCHFL-OWOJBTEDSA-N,赶黄草
PECH-047,新海胆灵A,Neoechinulin A,51551-29-2,323.3960,C19H21N3O2,,生物碱,C=CC(C)(C)C1=C(/C=C2NC([C@@H](C)NC\2=O)=O)C3=CC=CC=C3N1,"InChI=1S/C19H21N3O2/c1-5-19(3,4)16-13(12-8-6-7-9-14(12)21-16)10-15-18(24)20-11(2)17(23)22-15/h5-11,21H,1H2,2-4H3,(H,20,24)(H,22,23)/b15-10-/t11-/m1/s1",MYRPIYZIAHOECW-MKVLZVNKSA-N,赶黄草
PECH-048,白杨素-7-葡萄糖苷,Chrysin 7-glucoside,31025-53-3,416.3820,C21H20O9,,黄酮,O=C1C2=C(O)C=C(O[C@H]3[C@H](O)[C@@H](O)[C@H](O)[C@@H](CO)O3)C=C2OC(C4=CC=CC=C4)=C1,"InChI=1S/C21H20O9/c22-9-16-18(25)19(26)20(27)21(30-16)28-11-6-12(23)17-13(24)8-14(29-15(17)7-11)10-4-2-1-3-5-10/h1-8,16,18-23,25-27H,9H2/t16-,18-,19+,20-,21-/m1/s1",PIJHQWMTZXDYER-QNDFHXLGSA-N,赶黄草
PECH-049,芹菜素,Apigenin,520-36-5,270.2400,C15H10O5,,黄酮,O=C1C2=C(O)C=C(O)C=C2OC(C3=CC=C(O)C=C3)=C1,"InChI=1S/C15H10O5/c16-9-3-1-8(2-4-9)13-7-12(19)15-11(18)5-10(17)6-14(15)20-13/h1-7,16-18H",KZNIFHPLKGYRTM-UHFFFAOYSA-N,赶黄草
PECH-050,芹菜苷,Apiin,26544-34-3,564.4960,C26H28O14,,黄酮,O=C1C2=C(O)C=C(O[C@H]3[C@H](O[C@H]4[C@H](O)[C@](CO)(O)CO4)[C@@H](O)[C@H](O)[C@@H](CO)O3)C=C2OC(C5=CC=C(O)C=C5)=C1,"InChI=1S/C26H28O14/c27-8-18-20(32)21(33)22(40-25-23(34)26(35,9-28)10-36-25)24(39-18)37-13-5-14(30)19-15(31)7-16(38-17(19)6-13)11-1-3-12(29)4-2-11/h1-7,18,20-25,27-30,32-35H,8-10H2/t18-,20-,21+,22-,23+,24-,25+,26-/m1/s1",NTDLXWMIWOECHG-YRCFQSNFSA-N,赶黄草
PECH-051,珍珠梅苷,Sorbarin,24512-68-3,432.3810,C21H20O10,,黄酮,O=C1C2=C(O)C(O)=C([O])C=C2OC(C3=CC=C(O)C=C3)=C1.O[C@@H]4[C@H](O)[C@@H](O)[C@H](C)OC4,"InChI=1S/C15H9O6.C6H12O4/c16-8-3-1-7(2-4-8)11-5-9(17)13-12(21-11)6-10(18)14(19)15(13)20;1-3-5(8)6(9)4(7)2-10-3/h1-6,16,19-20H;3-9H,2H2,1H3/t;3-,4-,5-,6-/m.0/s1",GIZXENKKDKEFCX-KOUUCGNVSA-N,赶黄草
PECH-052,木犀草素,Luteolin,491-70-3,286.2390,C15H10O6,,黄酮,O=C1C2=C(O)C=C(O)C=C2OC(C3=CC=C(O)C(O)=C3)=C1,"InChI=1S/C15H10O6/c16-8-4-11(19)15-12(20)6-13(21-14(15)5-8)7-1-2-9(17)10(18)3-7/h1-6,16-19H",IQPNAANSBPBGFQ-UHFFFAOYSA-N,赶黄草
PECH-053,高车前素-7-(6-E-香豆酰基-β-D-葡萄糖苷),Hispidulin 7-(6-E-p-coumaroyl-β-D-glucopyranoside),487040-42-6,608.5520,C31H28O13,,黄酮,O[C@@H]1[C@@H](O)[C@H](O)[C@@H](COC(/C=C/C2=CC=C(O)C=C2)=O)OC1.O=C3C4=C(O)C([OH3]C)=C([O])C=C4OC(C5=CC=C(O)C=C5)=C3,"InChI=1S/C16H14O6.C15H18O7/c1-21-16-11(19)7-13-14(15(16)20)10(18)6-12(22-13)8-2-4-9(17)5-3-8;16-10-4-1-9(2-5-10)3-6-13(18)22-8-12-15(20)14(19)11(17)7-21-12/h2-7,17,20H,1,21H3;1-6,11-12,14-17,19-20H,7-8H2/b;6-3+/t;11-,12+,14+,15+/m.0/s1",RUJQADYSXRBQNX-AVXGAUCKSA-N,赶黄草
PECH-054,山奈酚,Kaempferol,520-18-3,286.2390,C15H10O6,,黄酮,O=C1C2=C(O)C=C(O)C=C2OC(C3=CC=C(O)C=C3)=C1O,"InChI=1S/C15H10O6/c16-8-3-1-7(2-4-8)15-14(20)13(19)12-10(18)5-9(17)6-11(12)21-15/h1-6,16-18,20H",IYRMWMYZSQPJKC-UHFFFAOYSA-N,赶黄草
PECH-055,阿福豆苷,Afzelin,482-39-3,432.3810,C21H20O10,,黄酮,O=C1C2=C(O)C=C(O)C=C2OC(C3=CC=C(O)C=C3)=C1O[C@H]4[C@H](O)[C@H](O)[C@@H](O)[C@H](C)O4,"InChI=1S/C21H20O10/c1-8-15(25)17(27)18(28)21(29-8)31-20-16(26)14-12(24)6-11(23)7-13(14)30-19(20)9-2-4-10(22)5-3-9/h2-8,15,17-18,21-25,27-28H,1H3/t8-,15-,17+,18+,21-/m0/s1",SOSLMHZOJATCCP-AEIZVZFYSA-N,赶黄草
PECH-056,胡桃苷,Juglanin,5041-67-8,418.3540,C20H18O10,,黄酮,O=C1C2=C(O)C=C(O)C=C2OC(C3=CC=C(O)C=C3)=C1O[C@H]4[C@H](O)[C@@H](O)[C@H](CO)O4,"InChI=1S/C20H18O10/c21-7-13-15(25)17(27)20(29-13)30-19-16(26)14-11(24)5-10(23)6-12(14)28-18(19)8-1-3-9(22)4-2-8/h1-6,13,15,17,20-25,27H,7H2/t13-,15-,17+,20-/m0/s1",POQICXMTUPVZMX-UXYNSRGZSA-N,赶黄草
PECH-057,山奈酚-3-O-芸香糖苷,Kaempferol 3-O-rutinoside,17650-84-9,594.5220,C27H30O15,,黄酮,O=C1C2=C(O)C=C(O)C=C2OC(C3=CC=C(O)C=C3)=C1O[C@H]4[C@H](O)[C@@H](O)[C@H](O)[C@@H](CO[C@H]5[C@H](O)[C@H](O)[C@@H](O)[C@H](C)O5)O4,"InChI=1S/C27H30O15/c1-9-17(31)20(34)22(36)26(39-9)38-8-15-18(32)21(35)23(37)27(41-15)42-25-19(33)16-13(30)6-12(29)7-14(16)40-24(25)10-2-4-11(28)5-3-10/h2-7,9,15,17-18,20-23,26-32,34-37H,8H2,1H3/t9-,15+,17-,18+,20+,21-,22+,23+,26+,27-/m0/s1",RTATXGUCZHCSNG-QHWHWDPRSA-N,赶黄草
PECH-058,异槲皮苷,Isoquercetrin,482-35-9,464.3790,C21H20O12,,黄酮,O=C1C2=C(O)C=C(O)C=C2OC(C3=CC=C(O)C(O)=C3)=C1O[C@H]4[C@H](O)[C@@H](O)[C@H](O)[C@@H](CO)O4,"InChI=1S/C21H20O12/c22-6-13-15(27)17(29)18(30)21(32-13)33-20-16(28)14-11(26)4-8(23)5-12(14)31-19(20)7-1-2-9(24)10(25)3-7/h1-5,13,15,17-18,21-27,29-30H,6H2/t13-,15-,17+,18-,21+/m1/s1",OVSQVDMCBVZWGM-QSOFNFLRSA-N,赶黄草
PECH-059,瑞诺苷,Reynoutrin,549-32-6,434.3530,C20H18O11,,黄酮,O=C1C2=C(O)C=C(O)C=C2OC(C3=CC=C(O)C(O)=C3)=C1O[C@H]4[C@H](O)[C@@H](O)[C@H](O)CO4,"InChI=1S/C20H18O11/c21-8-4-11(24)14-13(5-8)30-18(7-1-2-9(22)10(23)3-7)19(16(14)27)31-20-17(28)15(26)12(25)6-29-20/h1-5,12,15,17,20-26,28H,6H2/t12-,15+,17-,20+/m1/s1",PZZRDJXEMZMZFD-BWYUNELBSA-N,赶黄草
PECH-060,芦丁,Rutin,153-18-4,610.5210,C27H30O16,,黄酮,O=C1C2=C(O)C=C(O)C=C2OC(C3=CC=C(O)C(O)=C3)=C1O[C@H]4[C@H](O)[C@@H](O)[C@H](O)[C@@H](CO[C@H]5[C@H](O)[C@H](O)[C@@H](O)[C@H](C)O5)O4,"InChI=1S/C27H30O16/c1-8-17(32)20(35)22(37)26(40-8)39-7-15-18(33)21(36)23(38)27(42-15)43-25-19(34)16-13(31)5-10(28)6-14(16)41-24(25)9-2-3-11(29)12(30)4-9/h2-6,8,15,17-18,20-23,26-33,35-38H,7H2,1H3/t8-,15+,17-,18+,20+,21-,22+,23+,26+,27-/m0/s1",IKGXIBQEEMLURG-NVPNHPEKSA-N,赶黄草
PECH-061,槲皮素-3-O-β-D-木糖-(1→2)-β-D-半乳糖苷,Quercetin-3-O-β-D-xylopyranosyl-(1→2)-O-β-D-galactopyranoside,83144-69-8,596.4940,C26H28O16,,黄酮,O=C1C2=C(O)C=C(O)C=C2OC(C3=CC=C(O)C(O)=C3)=C1O[C@H]4[C@H](O[C@H]5[C@H](O)[C@@H](O)[C@H](O)CO5)[C@@H](O)[C@@H](O)[C@@H](CO)O4,"InChI=1S/C26H28O16/c27-6-15-18(34)20(36)24(42-25-21(37)17(33)13(32)7-38-25)26(40-15)41-23-19(35)16-12(31)4-9(28)5-14(16)39-22(23)8-1-2-10(29)11(30)3-8/h1-5,13,15,17-18,20-21,24-34,36-37H,6-7H2/t13-,15-,17+,18+,20+,21-,24-,25+,26+/m1/s1",NKFZLEYLWAFYEH-IHPAPMAYSA-N,赶黄草
PECH-062,绣线菊苷,Spiraeoside,20229-56-5,464.3790,C21H20O12,,黄酮,O=C1C2=C(O)C=C(O)C=C2OC(C3=CC=C(O[C@H]4[C@H](O)[C@@H](O)[C@H](O)[C@@H](CO)O4)C(O)=C3)=C1O,"InChI=1S/C21H20O12/c22-6-13-15(26)17(28)19(30)21(33-13)32-11-2-1-7(3-9(11)24)20-18(29)16(27)14-10(25)4-8(23)5-12(14)31-20/h1-5,13,15,17,19,21-26,28-30H,6H2/t13-,15-,17+,19-,21-/m1/s1",OIUBYZLTFSLSBY-HMGRVEAOSA-N,赶黄草
PECH-063,槲皮素-3'-O-鼠李糖苷,Quercetin-3'-O-rhamnoside,1198356-96-5,448.3800,C21H20O11,,黄酮,O[C@@H]1[C@H](O)[C@@H](O)[C@H](C)OC1.O=C2C3=C(O)C=C(O)C=C3OC(C4=CC=C(O)C([O])=C4)=C2O,"InChI=1S/C15H9O7.C6H12O4/c16-7-4-10(19)12-11(5-7)22-15(14(21)13(12)20)6-1-2-8(17)9(18)3-6;1-3-5(8)6(9)4(7)2-10-3/h1-5,16-17,19,21H;3-9H,2H2,1H3/t;3-,4-,5-,6-/m.0/s1",HQUZJADUOHGUMT-KOUUCGNVSA-N,赶黄草
PECH-064,"槲皮素-5,7-O-二葡萄糖苷",Quercetin di-O-glycoside, 1383436-81-4,626.5200,C27H30O17,,黄酮,O=C1C2=C(O[C@H]3[C@H](O)[C@@H](O)[C@H](O)[C@@H](CO)O3)C=C([O])C=C2OC(C4=CC=C(O)C(O)=C4)=C1O.O[C@@H]5[C@@H](O)[C@H](O)[C@@H](CO)OC5,"InChI=1S/C21H19O12.C6H12O5/c22-6-13-15(26)17(28)19(30)21(33-13)32-12-5-8(23)4-11-14(12)16(27)18(29)20(31-11)7-1-2-9(24)10(25)3-7;7-1-4-6(10)5(9)3(8)2-11-4/h1-5,13,15,17,19,21-22,24-26,28-30H,6H2;3-10H,1-2H2/t13-,15-,17+,19-,21-;3-,4+,5+,6+/m10/s1",NGUUUHIXOROBDS-RKBWIFTLSA-N,赶黄草
PECH-065,金粉蕨素,Onychin,13241-31-1,564.5400,C27H32O13,,黄酮,O=C1C2=C(O)C=C(O[C@H]3[C@H](O[C@H]4[C@H](O)[C@H](O)[C@@H](O)[C@H](C)O4)[C@@H](O)[C@H](O)[C@@H](CO)O3)C=C2OC(C5=CC=CC=C5)C1,"InChI=1S/C27H32O13/c1-11-20(31)22(33)24(35)26(36-11)40-25-23(34)21(32)18(10-28)39-27(25)37-13-7-14(29)19-15(30)9-16(38-17(19)8-13)12-5-3-2-4-6-12/h2-8,11,16,18,20-29,31-35H,9-10H2,1H3/t11-,16?,18+,20-,21+,22+,23-,24+,25+,26-,27+/m0/s1",UVPBNPUZWAOBQX-IMOYXIHQSA-N,赶黄草
PECH-066,球松素,Pinostrobin,75291-74-6,270.2840,C16H14O4,,黄酮,O=C1C2=C(O)C=C([OH3]C)C=C2OC(C3=CC=CC=C3)C1,"InChI=1S/C16H17O4/c1-19-11-7-12(17)16-13(18)9-14(20-15(16)8-11)10-5-3-2-4-6-10/h2-8,14,17H,9H2,1,19H3",PFRJXJZYDZTNLT-UHFFFAOYSA-N,赶黄草
PECH-067,表儿茶素,Epicatechin,490-46-0,290.2710,C15H14O6,,黄酮,OC1=CC(O)=C(C[C@@H](O)[C@H]2C3=CC=C(O)C(O)=C3)C(O2)=C1,"InChI=1S/C15H14O6/c16-8-4-11(18)9-6-13(20)15(21-14(9)5-8)7-1-2-10(17)12(19)3-7/h1-5,13,15-20H,6H2/t13-,15-/m1/s1",PFTAWBLQPZVEMU-UKRRQHHQSA-N,赶黄草
PECH-068,儿茶素,Catechin,154-23-4,290.2710,C15H14O6,,黄酮,OC1=CC(O)=C(C[C@H](O)[C@H]2C3=CC=C(O)C(O)=C3)C(O2)=C1,"InChI=1S/C15H14O6/c16-8-4-11(18)9-6-13(20)15(21-14(9)5-8)7-1-2-10(17)12(19)3-7/h1-5,13,15-20H,6H2/t13-,15+/m0/s1",PFTAWBLQPZVEMU-DZGCQCFKSA-N,赶黄草
PECH-069,大豆苷元,Daidzein,486-66-8,254.2410,C15H10O4,,黄酮,O=C1C2=CC=C(O)C=C2OC=C1C3=CC=C(O)C=C3,"InChI=1S/C15H10O4/c16-10-3-1-9(2-4-10)13-8-19-14-7-11(17)5-6-12(14)15(13)18/h1-8,16-17H",ZQSIJRDFPHDXIC-UHFFFAOYSA-N,赶黄草
PECH-070,乔松素查尔酮,Pinocembrin chalcone,82451-30-7,256.2570,C15H12O4,,黄酮,OC1=CC(O)=CC(O)=C1C(/C=C/C2=CC=CC=C2)=O,"InChI=1S/C15H12O4/c16-11-8-13(18)15(14(19)9-11)12(17)7-6-10-4-2-1-3-5-10/h1-9,16,18-19H/b7-6+",LOYXTWZXLWHMBX-VOTSOKGWSA-N,赶黄草
PECH-071,球松素查尔酮,Pinostrobin chalcone,18956-15-5,270.2840,C16H14O4,,黄酮,OC1=CC([OH3]C)=CC(O)=C1C(/C=C/C2=CC=CC=C2)=O,"InChI=1S/C16H17O4/c1-20-12-9-14(18)16(15(19)10-12)13(17)8-7-11-5-3-2-4-6-11/h2-10,18-19H,1,20H3/b8-7+",SWDBZTGIRIZDLL-BQYQJAHWSA-N,赶黄草
PECH-072,"2-Hydrocinnamoyl-3,5-dihydroxyphenyl β-D-glucopyranoside","2-Hydrocinnamoyl-3,5-dihydroxyphenyl β-D-glucopyranoside",31018-48-1,420.1420,C21H24O9,,黄酮,OC1=CC(O)=CC(O[C@H]2[C@H](O)[C@@H](O)[C@H](O)[C@@H](CO)O2)=C1C(CCC3=CC=CC=C3)=O,"InChI=1S/C21H24O9/c22-10-16-18(26)19(27)20(28)21(30-16)29-15-9-12(23)8-14(25)17(15)13(24)7-6-11-4-2-1-3-5-11/h1-5,8-9,16,18-23,25-28H,6-7,10H2/t16-,18-,19+,20-,21-/m1/s1",NLGUKXQDDTZCDG-QNDFHXLGSA-N,赶黄草
PECH-073,"(7'E)-3,4,8-Trihydroxy-2,4'-epoxy-8,3'-neolign-7'-en-7-one","(7'E)-3,4,8-Trihydroxy-2,4'-epoxy-8,3'-neolign-7'-en-7-one",/,312.3210,C18H16O5,,酚酸,OC1=CC=C2C(OC(C=CC(/C=C/C)=C3)=C3C(C)(O)C2=O)=C1O,"InChI=1S/C18H16O5/c1-3-4-10-5-8-14-12(9-10)18(2,22)17(21)11-6-7-13(19)15(20)16(11)23-14/h3-9,19-20,22H,1-2H3/b4-3+",PCBLLTRKTJJIMN-ONEGZZNKSA-N,赶黄草
PECH-074,"(7'E)-2',3,4-Trihydroxy-2,4'-epoxy-8,5'-neolign-7'-en-7-one","(7'E)-2',3,4-Trihydroxy-2,4'-epoxy-8,5'-neolign-7'-en-7-one",/,312.3210,C18H16O5,,苯丙素,OC1=CC=C2C(OC(C=C(O)C(/C=C/C)=C3)=C3C(C)C2=O)=C1O,"InChI=1S/C18H16O5/c1-3-4-10-7-12-9(2)16(21)11-5-6-13(19)17(22)18(11)23-15(12)8-14(10)20/h3-9,19-20,22H,1-2H3/b4-3+",ACCFNQXNEOMMNE-ONEGZZNKSA-N,赶黄草
PECH-075,戊菊素B,Penthorin B,1829587-76-9,326.3480,C19H18O5,, 苯丙素,OC1=CC=C2C(OC(C=C(O)C(/C=C\C)=C3)=C3[C@H](C)C2=O)=C1OC,"InChI=1S/C19H18O5/c1-4-5-11-8-13-10(2)17(22)12-6-7-14(20)19(23-3)18(12)24-16(13)9-15(11)21/h4-10,20-21H,1-3H3/b5-4-/t10-/m0/s1",KDWBNSMFHCKUHJ-LWTINBJPSA-N,赶黄草
PECH-076,戊菊素A,Penthorin A,1832604-11-1,326.3480,C19H18O5,, 苯丙素,OC1=CC=C2C(OC(C=C(O)C(/C=C/C)=C3)=C3[C@H](C)C2=O)=C1OC,"InChI=1S/C19H18O5/c1-4-5-11-8-13-10(2)17(22)12-6-7-14(20)19(23-3)18(12)24-16(13)9-15(11)21/h4-10,20-21H,1-3H3/b5-4+/t10-/m0/s1",KDWBNSMFHCKUHJ-YEZKRMTDSA-N,赶黄草
PECH-077,"(7'Z,8S)-2',4-Dihydroxy-3-methoxy-2,4'-epoxy-8,5'-neolign-7'-ene-7-one","(7'Z,8S)-2',4-Dihydroxy-3-methoxy-2,4'-epoxy-8,5'-neolign-7'-ene-7-one",2292114-36-2,326.3480,C19H18O5,, 苯丙素,OC1=C(OC(C=C(O)C(/C=C\C)=C2)=C2[C@H](C)C3=O)C3=CC=C1[OH3]C,"InChI=1S/C19H21O5/c1-4-5-11-8-13-10(2)17(21)12-6-7-15(23-3)18(22)19(12)24-16(13)9-14(11)20/h4-10,20,22H,1-3,23H3/b5-4-/t10-/m0/s1",UAFKIUAOBUHTTN-LWTINBJPSA-N,赶黄草
PECH-078,"(7'Z,8R)-8-Hydroxy-3-methoxy-2',4'-epoxy-8,3'-neolign-7'-ene-7-one-4-O-β-D-glucopyranoside","(7'Z,8R)-8-Hydroxy-3-methoxy-2',4'-epoxy-8,3'-neolign-7'-ene-7-one-4-O-β-D-glucopyranoside",/,488.4890,C25H28O10,, 苯丙素,O=C1[C@](C)(O)C2=C(C=CC(/C=C\C)=C2)OC3=C(OC)C(O[C@H]4[C@H](O)[C@@H](O)[C@H](O)[C@@H](CO)O4)=CC=C31,"InChI=1S/C25H28O10/c1-4-5-12-6-8-15-14(10-12)25(2,31)23(30)13-7-9-16(22(32-3)21(13)33-15)34-24-20(29)19(28)18(27)17(11-26)35-24/h4-10,17-20,24,26-29,31H,11H2,1-3H3/b5-4-/t17-,18-,19+,20-,24-,25-/m1/s1",VELVOYCJCOWEJN-HYXZXWNJSA-N,赶黄草
PECH-079,"(7'E,8R)-8-Hydroxy-3-methoxy-2',4'-epoxy-8,3'-neolign-7'-ene-7-one-4-O-β-D-glucopyranoside","(7'E,8R)-8-Hydroxy-3-methoxy-2',4'-epoxy-8,3'-neolign-7'-ene-7-one-4-O-β-D-glucopyranoside",/,488.4890,C25H28O10,, 苯丙素,O=C1[C@](C)(O)C2=C(C=CC(/C=C/C)=C2)OC3=C(OC)C(O[C@H]4[C@H](O)[C@@H](O)[C@H](O)[C@@H](CO)O4)=CC=C31,"InChI=1S/C25H28O10/c1-4-5-12-6-8-15-14(10-12)25(2,31)23(30)13-7-9-16(22(32-3)21(13)33-15)34-24-20(29)19(28)18(27)17(11-26)35-24/h4-10,17-20,24,26-29,31H,11H2,1-3H3/b5-4+/t17-,18-,19+,20-,24-,25-/m1/s1",VELVOYCJCOWEJN-SUWHYESMSA-N,赶黄草
PECH-080,"(7'Z,8R)-2',4,8-Trihydroxy-3-methoxy-2,4'-epoxy-8',5-neolign-7'-ene-7-one","(7'Z,8R)-2',4,8-Trihydroxy-3-methoxy-2,4'-epoxy-8',5-neolign-7'-ene-7-one",2292113-33-6,342.3400,C19H18O6,, 苯丙素,OC1=CC=C2C(OC(C=C(O)C(/C=C\C)=C3)=C3[C@@](C)(O)C2=O)=C1OC,"InChI=1S/C19H18O6/c1-4-5-10-8-12-15(9-14(10)21)25-16-11(18(22)19(12,2)23)6-7-13(20)17(16)24-3/h4-9,20-21,23H,1-3H3/b5-4-/t19-/m1/s1",GJTLOIANDVRPRV-PHWHVTFISA-N,赶黄草
PECH-081,"(7'E,8S)-2',4,8-Trihydroxy-3-methoxy-2,4'-epoxy-8',5-neolign-7'-ene-7-one","(7'E,8S)-2',4,8-Trihydroxy-3-methoxy-2,4'-epoxy-8',5-neolign-7'-ene-7-one",/,342.3400,C19H18O6,, 苯丙素,OC1=CC=C2C(OC(C=C(O)C(/C=C/C)=C3)=C3[C@](C)(O)C2=O)=C1OC,"InChI=1S/C19H18O6/c1-4-5-10-8-12-15(9-14(10)21)25-16-11(18(22)19(12,2)23)6-7-13(20)17(16)24-3/h4-9,20-21,23H,1-3H3/b5-4+/t19-/m0/s1",GJTLOIANDVRPRV-PXPVJAHISA-N,赶黄草
PECH-082,"(7'Z,8S)-3,8-Dihydroxy-4-methoxy-2,4'-epoxy-8,5'-neolign-7'-en-7-one-2'-O-β-D-glucopyranose","(7'Z,8S)-3,8-Dihydroxy-4-methoxy-2,4'-epoxy-8,5'-neolign-7'-en-7-one-2'-O-β-D-glucopyranose",2306077-92-7,504.4880,C25H28O11,, 苯丙素,OC1=CC=C2C(OC(C=C(O[C@H]3[C@H](O)[C@@H](O)[C@H](O)[C@@H](CO)O3)C(/C=C\C)=C4)=C4[C@](C)(O)C2=O)=C1OC,"InChI=1S/C25H28O11/c1-4-5-11-8-13-16(9-15(11)35-24-20(30)19(29)18(28)17(10-26)36-24)34-21-12(23(31)25(13,2)32)6-7-14(27)22(21)33-3/h4-9,17-20,24,26-30,32H,10H2,1-3H3/b5-4-/t17-,18-,19+,20-,24-,25+/m1/s1",ZZJBGEPXLKGDME-MFHWHWLMSA-N,赶黄草
PECH-083,"(7'Z,8S)-4,8-Dihydroxy-3-methoxy-2,4'-epoxy-8,5'-neolign-7'-en-7-one-2'-O-β-D-glucopyranose","(7'Z,8S)-4,8-Dihydroxy-3-methoxy-2,4'-epoxy-8,5'-neolign-7'-en-7-one-2'-O-β-D-glucopyranose",2306077-90-5,504.4880,C25H28O12,, 苯丙素,OC1=C(OC(C=C(O[C@H]2[C@H](O)[C@@H](O)[C@H](O)[C@@H](CO)O2)C(/C=C\C)=C3)=C3[C@](C)(O)C4=O)C4=CC=C1[OH3]C,"InChI=1S/C25H31O11/c1-4-5-11-8-13-16(9-15(11)35-24-21(30)20(29)18(27)17(10-26)36-24)34-22-12(23(31)25(13,2)32)6-7-14(33-3)19(22)28/h4-9,17-18,20-21,24,26-30,32H,10H2,1-3,33H3/b5-4-/t17-,18-,20+,21-,24-,25+/m1/s1",QNSIHZOSCQJTCM-VSLCAEHPSA-N,赶黄草
PECH-084,赶黄草酮 C,Penchinone C,2043024-07-1,342.3470,C19H18O5,, 苯丙素,OC(C(/C=C/C)=C1)=C(O)C2=C1[C@@H](C(C)=O)C3=CC=C(O)C(OC)=C3O2,"InChI=1S/C19H18O6/c1-4-5-10-8-12-14(9(2)20)11-6-7-13(21)19(24-3)18(11)25-17(12)16(23)15(10)22/h4-8,14,21-23H,1-3H3/b5-4+/t14-/m0/s1",UESUZKGQOYIYDD-NNTXTVRGSA-N,赶黄草
PECH-085,赶黄草酮 D,Penchinone D,2043024-08-2,342.3470,C19H18O6,, 苯丙素,OC(C(/C=C\C)=C1)=C(O)C2=C1[C@@H](C(C)=O)C3=CC=C(O)C(OC)=C3O2,"InChI=1S/C19H18O6/c1-4-5-10-8-12-14(9(2)20)11-6-7-13(21)19(24-3)18(11)25-17(12)16(23)15(10)22/h4-8,14,21-23H,1-3H3/b5-4-/t14-/m0/s1",UESUZKGQOYIYDD-WSNITJDQSA-N,赶黄草
PECH-086,(+)-杜仲树脂酚,(+)-Pinoresinol,487-36-5,358.3900,C20H22O6,,酚酸,OC1=CC=C([C@@H]2[C@](CO[C@@H]3C4=CC(OC)=C(O)C=C4)([H])[C@]3([H])CO2)C=C1OC,"InChI=1S/C20H22O6/c1-23-17-7-11(3-5-15(17)21)19-13-9-26-20(14(13)10-25-19)12-4-6-16(22)18(8-12)24-2/h3-8,13-14,19-22H,9-10H2,1-2H3/t13-,14-,19+,20+/m0/s1",HGXBRUKMWQGOIE-AFHBHXEDSA-N,赶黄草
PECH-087,(+)-表松脂酚,(+)-Medioresinol,40957-99-1,388.4160,C21H24O7,,酚酸,OC1=C([OH3]C)C=C([C@@H]2[C@](CO[C@@H]3C4=CC(OC)=C(O)C=C4)([H])[C@]3([H])CO2)C=C1OC,"InChI=1S/C21H27O7/c1-24-16-6-11(4-5-15(16)22)20-13-9-28-21(14(13)10-27-20)12-7-17(25-2)19(23)18(8-12)26-3/h4-8,13-14,20-23H,9-10H2,1-3,25H3/t13-,14-,20+,21+/m0/s1",OSLFHJUVLITBSV-BMHXQBNDSA-N,赶黄草
PECH-088,(+)-表丁香脂素,(+)-Epipinoresinol,24404-50-0,358.3900,C20H22O6,,酚酸,OC1=CC=C([C@@H]2[C@](CO[C@H]3C4=CC(OC)=C(O)C=C4)([H])[C@]3([H])CO2)C=C1OC,"InChI=1S/C20H22O6/c1-23-17-7-11(3-5-15(17)21)19-13-9-26-20(14(13)10-25-19)12-4-6-16(22)18(8-12)24-2/h3-8,13-14,19-22H,9-10H2,1-2H3/t13-,14-,19-,20+/m0/s1",HGXBRUKMWQGOIE-WZBLMQSHSA-N,赶黄草
PECH-089,(+)-丁香脂素,(+)-Episyringaresinol,21453-71-4,418.4420,C22H26O8,,酚酸,OC1=C([OH3]C)C=C([C@@H]2[C@](CO[C@H]3C4=CC(OC)=C(O)C(OC)=C4)([H])[C@]3([H])CO2)C=C1OC,"InChI=1S/C22H29O8/c1-25-15-5-11(6-16(26-2)19(15)23)21-13-9-30-22(14(13)10-29-21)12-7-17(27-3)20(24)18(8-12)28-4/h5-8,13-14,21-24H,9-10H2,1-4,25H3/t13-,14-,21+,22-/m0/s1",YRBLXOXBUMXKOB-JVAKMFGZSA-N,赶黄草
PECH-090,短叶苏木酚酸,Brevifolin,477-94-1,248.1900,C12H8O6,,酚酸,OC1=C(O)C=C(C(OC2=C3CCC2=O)=O)C3=C1O,"InChI=1S/C12H8O6/c13-6-2-1-4-8-5(12(17)18-11(4)6)3-7(14)9(15)10(8)16/h3,14-16H,1-2H2",FXVRSKPFWVYCPN-UHFFFAOYSA-N,赶黄草
PECH-091,鞣花酸,Ellagic acid,476-66-4,302.1940,C14H6O8,,酚酸,OC1=C(C(OC2=CC(O)=C3O)=O)C(C2=C3C(O4)=O)=C4C=C1O,"InChI=1S/C14H6O8/c15-3-1-5-7-8-6(22-14(20)9(7)11(3)17)2-4(16)12(18)10(8)13(19)21-5/h1-2,15-18H",LPVRYTKIAXNQNE-UHFFFAOYSA-N,赶黄草
PECH-092,岩白菜素,Bergenin,477-90-7,328.2730,C14H16O9,,酚酸,OC1=C([OH3]C)C(O)=C(C2C([C@@H](O)[C@H](O)[C@@H](CO)O2)OC3=O)C3=C1,"InChI=1S/C14H19O9/c1-21-11-5(16)2-4-7(9(11)18)12-13(23-14(4)20)10(19)8(17)6(3-15)22-12/h2,6,8,10,12-13,15-19H,3H2,1,21H3/t6-,8-,10+,12?,13?/m1/s1",LWNFCTJZUPCWME-SCJLDKRJSA-N,赶黄草
PECH-093,4-O-没食子酰岩白菜素,4-O-Galloylbergenin,82958-45-0,480.3780,C21H20O13,,酚酸,OC1=C([OH3]C)C(O)=C(C2C([C@@H](OC(C3=CC(O)=C(O)C(O)=C3)=O)[C@H](O)[C@@H](CO)O2)OC4=O)C4=C1,"InChI=1S/C21H23O13/c1-31-16-10(25)4-7-12(15(16)28)17-19(34-21(7)30)18(14(27)11(5-22)32-17)33-20(29)6-2-8(23)13(26)9(24)3-6/h2-4,11,14,17-19,22-28H,5H2,1,31H3/t11-,14-,17?,18+,19?/m1/s1",QTCKIWDXHCGWKW-AUZGTQFYSA-N,赶黄草
PECH-094,11-O-没食子酰岩白菜素,11-O-Galloylbergenin,82958-44-9,480.3780,C21H20O13,,酚酸,OC1=C([OH3]C)C(O)=C(C2C([C@@H](O)[C@H](O)[C@@H](COC(C3=CC(O)=C(O)C(O)=C3)=O)O2)OC4=O)C4=C1,"InChI=1S/C21H23O13/c1-31-17-10(24)4-7-12(15(17)27)18-19(34-21(7)30)16(28)14(26)11(33-18)5-32-20(29)6-2-8(22)13(25)9(23)3-6/h2-4,11,14,16,18-19,22-28H,5H2,1,31H3/t11-,14-,16+,18?,19?/m1/s1",VIOUNKACZKKAFX-NWKCFGFVSA-N,赶黄草
PECH-095,"(4'E)-2,3'-Dihydroxy-3-methoxy-6'-methanone-benzophenone-4-O-β-D-glucopyranoside","(4'E)-2,3'-Dihydroxy-3-methoxy-6'-methanone-benzophenone-4-O-β-D-glucopyranoside",2803716-48-3,504.4880,C25H28O11,,酚酸,O=C(C1=CC(O)=C(/C=C/C)C=C1C(C)=O)C2=CC=C(O[C@H]3[C@H](O)[C@@H](O)[C@H](O)[C@@H](CO)O3)C(OC)=C2O,"InChI=1S/C25H28O11/c1-4-5-12-8-14(11(2)27)15(9-16(12)28)19(29)13-6-7-17(24(34-3)20(13)30)35-25-23(33)22(32)21(31)18(10-26)36-25/h4-9,18,21-23,25-26,28,30-33H,10H2,1-3H3/b5-4+/t18-,21-,22+,23-,25-/m1/s1",DAKUVSPEWHJWCY-NYHFPGAVSA-N,赶黄草
PECH-096,"1',3',5'-三羟基苯-1'-O-[4,6-(S)-六羟基联苯二甲酰基]-β-D-葡萄糖苷","1',3',5'-Trihydroxyacetophenone-1'-O-[4,6-(S)-HHDP]-β-D-glucopyranoside",1801941-59-2,590.4460,C26H22O16,,酚酸,O=C(OC1[C@H](O)[C@H](O)[C@H](OC2=CC(O)=CC(O)=C2)O[C@@H]1COC3=O)C4=CC(O)=C(O)C(O)=C4C5=C3C=C(O)C(O)=C5O,"InChI=1S/C26H22O16/c27-7-1-8(28)3-9(2-7)40-26-22(36)21(35)23-14(41-26)6-39-24(37)10-4-12(29)17(31)19(33)15(10)16-11(25(38)42-23)5-13(30)18(32)20(16)34/h1-5,14,21-23,26-36H,6H2/t14-,21-,22+,23?,26-/m1/s1",WGWDJLWISLRGDU-USFZLTOTSA-N,赶黄草
PECH-097,"2′,4′,6′-三羟基苯乙酮4′-O-[4,6-(S)-六羟基联苯二甲酰基]-β-D-葡萄糖苷","2′,4′,6′-Trihydroxyacetophenone 4′-O-[4,6-(S)-HHDP]-β-D-glucoside",1781226-44-5,632.4830,C28H24O17,,酚酸,O=C(OC1[C@H](O)[C@H](O)[C@H](OC2=CC(O)=C(C(C)=O)C(O)=C2)O[C@@H]1COC3=O)C4=CC(O)=C(O)C(O)=C4C5=C3C=C(O)C(O)=C5O,"InChI=1S/C28H24O17/c1-7(29)16-11(30)2-8(3-12(16)31)43-28-24(39)23(38)25-15(44-28)6-42-26(40)9-4-13(32)19(34)21(36)17(9)18-10(27(41)45-25)5-14(33)20(35)22(18)37/h2-5,15,23-25,28,30-39H,6H2,1H3/t15-,23-,24+,25?,28-/m1/s1",PFJCKKBMOOGJSX-XVZQCIKMSA-N,赶黄草
PECH-098,新小木麻黄素,Neostrictinin,/,634.4550,C27H22O18,,酚酸,O=C(OC1[C@H](O)[C@H](O)[C@H](OC(C2=CC(O)=C(O)C(O)=C2)=O)O[C@@H]1COC3=O)C4=CC(O)=C(O)C(O)=C4C5=C3C=C(O)C(O)=C5O,"InChI=1S/C27H22O18/c28-9-1-6(2-10(29)16(9)32)24(39)45-27-22(38)21(37)23-13(43-27)5-42-25(40)7-3-11(30)17(33)19(35)14(7)15-8(26(41)44-23)4-12(31)18(34)20(15)36/h1-4,13,21-23,27-38H,5H2/t13-,21-,22+,23?,27+/m1/s1",FYIJLTSMNXUNLT-OOMKVSFHSA-N,赶黄草
PECH-099,小木麻黄素,Strictinin,517-46-4,634.4550,C27H22O18,,酚酸,O=C(OC1[C@H](O)[C@H](O)[C@H](OC(C2=CC(O)=C(O)C(O)=C2)=O)O[C@@H]1COC3=O)C4=CC(O)=C(O)C(O)=C4C5=C3C=C(O)C(O)=C5O,"InChI=1S/C27H22O18/c28-9-1-6(2-10(29)16(9)32)24(39)45-27-22(38)21(37)23-13(43-27)5-42-25(40)7-3-11(30)17(33)19(35)14(7)15-8(26(41)44-23)4-12(31)18(34)20(15)36/h1-4,13,21-23,27-38H,5H2/t13-,21-,22+,23?,27+/m1/s1",FYIJLTSMNXUNLT-OOMKVSFHSA-N,赶黄草
PECH-100,Penthorumnin A,Penthorumnin A,2307604-15-3,652.4700,C27H24O19,,酚酸,O=C(OC1[C@H](O)[C@H](O)[C@H](OC(C2=CC(O)=C(O)C(O)=C2)=O)O[C@@H]1CO3)C4=CC(O)=C(O)C5=C4[C@H]([C@](O)(C(O)=O)[C@@](O5)(O)C6)C6C3=O,"InChI=1S/C27H24O19/c28-9-1-6(2-10(29)15(9)31)21(35)45-24-18(34)17(33)19-12(43-24)5-42-22(36)8-4-26(40)27(41,25(38)39)14(8)13-7(23(37)44-19)3-11(30)16(32)20(13)46-26/h1-3,8,12,14,17-19,24,28-34,40-41H,4-5H2,(H,38,39)/t8-,12+,14+,17+,18-,19?,24-,26+,27?/m0/s1",OLIUJCYNMFJSMF-JIUDGMGVSA-N,赶黄草
PECH-101,Penthorumin C,Penthorumin C,1782959-97-0,608.4610,C26H24O17,,酚酸,O=C(OC1[C@H](O)[C@H](O)[C@H](OC(C2=CC(O)=C(O)C(O)=C2)=O)O[C@@H]1COC3=O)C4=CC(O)=C(O)C5=C4[C@H](C3C[C@@H]6O)[C@]6(O)O5,"InChI=1S/C26H24O17/c27-9-1-6(2-10(28)16(9)31)22(35)42-25-19(34)18(33)20-12(40-25)5-39-23(36)8-4-13(30)26(38)15(8)14-7(24(37)41-20)3-11(29)17(32)21(14)43-26/h1-3,8,12-13,15,18-20,25,27-34,38H,4-5H2/t8?,12-,13+,15+,18-,19+,20?,25+,26-/m1/s1",DNUQNZAVTLWGKA-ZWOJLOLNSA-N,赶黄草
PECH-102,Phyllanemblinin F,Phyllanemblinin F,393183-53-4,670.4850,C27H26O20,,酚酸,OC1=C(O)C(O)=CC2=C1[C@H](C(CC(O)=O)C(OC[C@H]3O[C@@H](OC(C4=CC(O)=C(O)C(O)=C4)=O)[C@@H](O)[C@@H](O)C3O)=O)[C@@H](C(O)=O)OC2=O,"InChI=1S/C27H26O20/c28-9-1-6(2-10(29)16(9)33)24(41)47-27-21(38)20(37)18(35)12(45-27)5-44-25(42)8(4-13(31)32)15-14-7(3-11(30)17(34)19(14)36)26(43)46-22(15)23(39)40/h1-3,8,12,15,18,20-22,27-30,33-38H,4-5H2,(H,31,32)(H,39,40)/t8-,12+,15-,18?,20-,21-,22?,27-/m0/s1",BNFJLSCQEIACTE-AMULZWTKSA-N,赶黄草
PECH-103,Penthorumnin D,Penthorumnin D,2307604-21-1,650.4980,C28H24O18,,酚酸,O=C(OC1[C@H](O)[C@H](O)[C@H](OC2=CC(O)=C(C(C)=O)C(O)=C2)O[C@@H]1COC3=O)C4=CC(O)=C(O)C(O)=C4[C@H]5C3=CC([C@H](O)C5(O)O)=O,"InChI=1S/C28H26O18/c1-7(29)16-11(30)2-8(3-12(16)31)44-27-22(37)21(36)23-15(45-27)6-43-25(39)10-5-14(33)24(38)28(41,42)18(10)17-9(26(40)46-23)4-13(32)19(34)20(17)35/h2-5,15,18,21-24,27,30-32,34-38,41-42H,6H2,1H3/t15-,18-,21-,22+,23?,24+,27-/m1/s1",GOWKRNNXMGKYOT-ZCTLLBJPSA-N,赶黄草
PECH-104,Penthorumnin C,Penthorumnin C,2307604-19-7,620.4720,C27H24O17,,酚酸,"InChI=1S/C27H24O17/c1-7(28)16-11(29)2-8(3-12(16)30)41-27-21(36)20(35)22-14(42-27)6-40-24(37)10(5-15(32)33)18-17-9(25(38)43-22)4-13(31)19(34)23(17)44-26(18)39/h2-4,10,14,18,20-22,27,29-31,34-36H,5-6H2,1H3,(H,32,33)/t10-,14-,18+,20-,21+,22?,27-/m1/s1","InChI=1S/C27H24O17/c1-7(28)16-11(29)2-8(3-12(16)30)41-27-21(36)20(35)22-14(42-27)6-40-24(37)10(5-15(32)33)18-17-9(25(38)43-22)4-13(31)19(34)23(17)44-26(18)39/h2-4,10,14,18,20-22,27,29-31,34-36H,5-6H2,1H3,(H,32,33)/t10-,14-,18+,20-,21+,22?,27-/m1/s1",IVLOBJMLVHCAFE-JTYDVXNKSA-N,赶黄草
PECH-105,Balanophotannin F,Balanophotannin F,1006389-42-9,632.4830,C28H24O17,,酚酸,O=C(OC1[C@H](O)[C@H](O)[C@H](OC(/C=C/C2=CC(O)=C(O)C=C2)=O)O[C@@H]1CO3)[C@@H](CC(O)=O)[C@H](C4=C(O5)C(O)=C(O)C=C4C3=O)C5=O,"InChI=1S/C28H24O17/c29-12-3-1-9(5-13(12)30)2-4-17(34)43-28-22(37)21(36)23-15(42-28)8-41-25(38)10-6-14(31)20(35)24-18(10)19(27(40)45-24)11(7-16(32)33)26(39)44-23/h1-6,11,15,19,21-23,28-31,35-37H,7-8H2,(H,32,33)/b4-2+/t11-,15+,19+,21+,22-,23?,28-/m0/s1",ZOLLYZCOBHDSOG-INBOZXBOSA-N,赶黄草
PECH-106,Penthorumside B,Penthorumside B,2379667-93-1,872.6970,C42H32O21,,酚酸,O=C(OC1[C@H](O)[C@H](OC(C2=CC(O)=C(O)C(O)=C2)=O)[C@H](OC3=CC(O)=C4C(OC(C5=CC=CC=C5)CC4=O)=C3)O[C@@H]1COC6=O)C7=CC(O)=C(O)C(O)=C7C8=C6C=C(O)C(O)=C8O,"InChI=1S/C42H32O21/c43-19-8-16(9-26-30(19)20(44)12-25(60-26)14-4-2-1-3-5-14)59-42-38(63-39(55)15-6-21(45)31(49)22(46)7-15)36(54)37-27(61-42)13-58-40(56)17-10-23(47)32(50)34(52)28(17)29-18(41(57)62-37)11-24(48)33(51)35(29)53/h1-11,25,27,36-38,42-43,45-54H,12-13H2/t25?,27-,36+,37?,38+,42-/m1/s1",KFCWXRUYELFULL-CVSJAJJTSA-N,赶黄草
PECH-107,Thonningianin B,Thonningianin B,271579-12-5,722.6080,C35H30O17,,酚酸,O=C(OC1[C@H](O)[C@H](O)[C@H](OC2=CC(O)=C(C(CCC3=CC=CC=C3)=O)C(O)=C2)O[C@@H]1COC4=O)C5=CC(O)=C(O)C(O)=C5C6=C4C=C(O)C(O)=C6O,"InChI=1S/C35H30O17/c36-17(7-6-13-4-2-1-3-5-13)25-18(37)8-14(9-19(25)38)50-35-31(46)30(45)32-22(51-35)12-49-33(47)15-10-20(39)26(41)28(43)23(15)24-16(34(48)52-32)11-21(40)27(42)29(24)44/h1-5,8-11,22,30-32,35,37-46H,6-7,12H2/t22-,30-,31+,32?,35-/m1/s1",UJNCWORGHSATHA-BCQBNVEQSA-N,赶黄草
PECH-108,Penthorumside C,Penthorumside C,2379667-94-2,874.7130,C42H34O21,,酚酸,O=C(OC1[C@H](O)[C@H](OC(C2=CC(O)=C(O)C(O)=C2)=O)[C@H](OC3=CC(O)=C(C(CCC4=CC=CC=C4)=O)C(O)=C3)O[C@@H]1COC5=O)C6=CC(O)=C(O)C(O)=C6C7=C5C=C(O)C(O)=C7O,"InChI=1S/C42H34O21/c43-20(7-6-15-4-2-1-3-5-15)30-21(44)10-17(11-22(30)45)60-42-38(63-39(56)16-8-23(46)31(50)24(47)9-16)36(55)37-27(61-42)14-59-40(57)18-12-25(48)32(51)34(53)28(18)29-19(41(58)62-37)13-26(49)33(52)35(29)54/h1-5,8-13,27,36-38,42,44-55H,6-7,14H2/t27-,36+,37?,38+,42-/m1/s1",OEHNXYPWTLMJCY-XLNXDXHLSA-N,赶黄草
PECH-109,原儿茶酸,Vanillic acid,121-34-6,168.1480,C8H8O4,,酚酸,OC1=C(OC)C=C(C(O)=O)C=C1,"InChI=1S/C8H8O4/c1-12-7-4-5(8(10)11)2-3-6(7)9/h2-4,9H,1H3,(H,10,11)",WKOLLVMJNQIZCI-UHFFFAOYSA-N,赶黄草
PECH-110,"2,4,6-三羟基苯甲酸","2,4,6-Trihydroxybenzoic acid",83-30-7,170.1200,C7H6O5,,酚酸,OC1=CC(O)=C(C(O)=O)C(O)=C1,"InChI=1S/C7H6O5/c8-3-1-4(9)6(7(11)12)5(10)2-3/h1-2,8-10H,(H,11,12)",IBHWREHFNDMRPR-UHFFFAOYSA-N,赶黄草
PECH-111,没食子酸甲酯,Methyl gallate,99-24-1,184.1470,C8H8O5,,酚酸,OC1=C(O)C(O)=CC(C(OC)=O)=C1,"InChI=1S/C8H8O5/c1-13-8(12)4-2-5(9)7(11)6(10)3-4/h2-3,9-11H,1H3",FBSFWRHWHYMIOG-UHFFFAOYSA-N,赶黄草
PECH-112,没食子酸乙酯,Ethyl gallate,831-61-8,198.1740,C9H10O5,,酚酸,OC1=C(O)C(O)=CC(C(OCC)=O)=C1,"InChI=1S/C9H10O5/c1-2-14-9(13)5-3-6(10)8(12)7(11)4-5/h3-4,10-12H,2H2,1H3",VFPFQHQNJCMNBZ-UHFFFAOYSA-N,赶黄草
PECH-113,没食子酰葡萄糖苷,Gallic glucoside,13405-60-2,332.2610,C13H16O10,,酚酸,OC1=CC(C(O[C@H]2[C@H](O)[C@@H](O)[C@H](O)[C@@H](CO)O2)=O)=CC(O)=C1O,"InChI=1S/C13H16O10/c14-3-7-9(18)10(19)11(20)13(22-7)23-12(21)4-1-5(15)8(17)6(16)2-4/h1-2,7,9-11,13-20H,3H2/t7-,9-,10+,11-,13+/m1/s1",GDVRUDXLQBVIKP-HQHREHCSSA-N,赶黄草
PECH-114,"2,6-二羟基苯乙酮-4-O-β-D-葡萄糖苷","2,6-Dihydroxyacetophenon-4-O-β-D-glucoside",5027-30-5,330.2890,C14H18O9,,酚酸,CC(C1=C(O)C=C(O[C@H]2[C@H](O)[C@@H](O)[C@H](O)[C@@H](CO)O2)C=C1O)=O,"InChI=1S/C14H18O9/c1-5(16)10-7(17)2-6(3-8(10)18)22-14-13(21)12(20)11(19)9(4-15)23-14/h2-3,9,11-15,17-21H,4H2,1H3/t9-,11-,12+,13-,14-/m1/s1",ARYSAKCPIBLSDO-RGCYKPLRSA-N,赶黄草
PECH-115,邻苯二甲酸二异丁酯,Diisobutyl phthalate,84-69-5,278.3480,C16H22O4,,酚酸,O=C(OCC(C)C)C1=C(C(OCC(C)C)=O)C=CC=C1,"InChI=1S/C16H22O4/c1-11(2)9-19-15(17)13-7-5-6-8-14(13)16(18)20-10-12(3)4/h5-8,11-12H,9-10H2,1-4H3",MGWAVDBGNNKXQV-UHFFFAOYSA-N,赶黄草
PECH-116,阿魏酸葡萄糖苷,Ferulic acid 5-O-β-glucopyranoside,117405-51-3,356.3270,C16H20O9,,酚酸,O[C@@H]1[C@@H](O)[C@H](O)[C@@H](CO)O[C@H]1OC2=C(OC)C=C(C=C2)/C=C/C(O)=O,"InChI=1S/C16H20O9/c1-23-10-6-8(3-5-12(18)19)2-4-9(10)24-16-15(22)14(21)13(20)11(7-17)25-16/h2-6,11,13-17,20-22H,7H2,1H3,(H,18,19)/b5-3+/t11-,13-,14+,15-,16-/m1/s1",IEMIRSXOYFWPFD-BJGSYIFTSA-N,赶黄草
PECH-117,芥子酰葡萄糖苷,Sinapoylglucose,78185-48-5,386.3530,C17H22O10,,酚酸,O[C@@H]1[C@@H](O)[C@H](O)[C@@H](CO)O[C@H]1OC(/C=C/C2=CC(OC)=C(C([OH3]C)=C2)O)=O,"InChI=1S/C17H25O10/c1-24-9-5-8(6-10(25-2)13(9)20)3-4-12(19)27-17-16(23)15(22)14(21)11(7-18)26-17/h3-6,11,14-18,20-23H,7H2,1-2,24H3/b4-3+/t11-,14-,15+,16-,17+/m1/s1",OOOUFESHCQWUPP-DGDBGZAXSA-N,赶黄草
PECH-118,诃子次酸,Chebulic acid,402830-10-8,356.2390,C14H12O11,,酚酸,OC1=C(O)C([C@H]([C@H](C(O)=O)CC(O)=O)[C@@H](C(O)=O)OC2=O)=C2C=C1O,"InChI=1S/C14H12O11/c15-5-1-4-7(10(19)9(5)18)8(3(12(20)21)2-6(16)17)11(13(22)23)25-14(4)24/h1,3,8,11,15,18-19H,2H2,(H,16,17)(H,20,21)(H,22,23)/t3?,8-,11?/m0/s1",COZMWVAACFYLBI-CFHUBPRQSA-N,赶黄草
PECH-119,Penthorumnin B,Penthorumnin B,2307604-17-5,282.2040,C12H10O8,,酚酸,OC1=C(O)C(O)=C2C(C([C@@H](CC(O)=O)[C@@H]2C(O)=O)=O)=C1,"InChI=1S/C12H10O8/c13-5-1-3-7(11(18)10(5)17)8(12(19)20)4(9(3)16)2-6(14)15/h1,4,8,13,17-18H,2H2,(H,14,15)(H,19,20)/t4-,8?/m0/s1",BSHPYYLVWBUYOL-WSAWMEMJSA-N,赶黄草
PECH-120,"2,6-二羟基苯乙酮-5-(2'-亚甲基(5H)-呋喃酮)-4-O-β-D-葡萄糖苷","2,6-Dihydroxyacetophenone-5-(2'-methyene2(5H)-furanone)-5-O-β-D-glucopyranoside",1885097-48-2,426.3740,C19H22O11,,酚酸,CC(C1=C(O)C(CC2=CCOC2=O)=C([O])C=C1O)=O.O[C@@H]3[C@@H](O)[C@H](O)[C@@H](CO)OC3,"InChI=1S/C13H11O6.C6H12O5/c1-6(14)11-10(16)5-9(15)8(12(11)17)4-7-2-3-19-13(7)18;7-1-4-6(10)5(9)3(8)2-11-4/h2,5,16-17H,3-4H2,1H3;3-10H,1-2H2/t;3-,4+,5+,6+/m.0/s1",YJTWUUXGSJRJQZ-SSPAHAAFSA-N,赶黄草
PECH-121,E-苯丙烯-3-甲氧基-(6"-O-没食子酰基)-4-O-β-D-吡喃葡萄糖苷,E-Phenylpropene-3-methoxyphenyl-(6"-O-galloy)-5-O-β-D-glucopyranoside,1885097-47-1,478.4500,C23H26O11,,酚酸,C/C=C/C1=CC(OC)=C(O[C@H]2[C@H](O)[C@@H](O)[C@H](O)[C@@H](COC(C3=CC(O)=C(O)C(O)=C3)=O)O2)C=C1,"InChI=1S/C23H26O11/c1-3-4-11-5-6-15(16(7-11)31-2)33-23-21(29)20(28)19(27)17(34-23)10-32-22(30)12-8-13(24)18(26)14(25)9-12/h3-9,17,19-21,23-29H,10H2,1-2H3/b4-3+/t17-,19-,20+,21-,23-/m1/s1",MZKBXTKHJIPJNE-QJXDWCNQSA-N,赶黄草
PECH-122,乌苏酸,Ursolic acid,77-52-1,456.7110,C30H48O3,,三萜,O[C@H]1CC[C@@]2(C)C(CC[C@]3(C)C2CC=C4[C@@]3(C)CC[C@]5(C(O)=O)[C@H]4[C@@H](C)[C@H](C)CC5)C1(C)C,"InChI=1S/C30H48O3/c1-18-10-15-30(25(32)33)17-16-28(6)20(24(30)19(18)2)8-9-22-27(5)13-12-23(31)26(3,4)21(27)11-14-29(22,28)7/h8,18-19,21-24,31H,9-17H2,1-7H3,(H,32,33)/t18-,19+,21?,22?,23+,24+,27+,28-,29-,30+/m1/s1",WCGUUGGRBIKTOS-APYMDAETSA-N,赶黄草
PECH-123,扯根菜苷,/,/,748.9950, C42H68O11,,三萜,O[C@H]1CC[C@@]2(C)C(CC[C@]3(C)C2CC=C4[C@@]3(C)CC[C@]5(C(O[C@H]6[C@H](O[C@H]7[C@@H](O)[C@H](O)[C@H](O)[C@@H](C)O7)[C@H](O)[C@@H](O)[C@H](C)O6)=O)[C@H]4[C@@H](C)[C@H](C)CC5)C1(C)C,"InChI=1S/C42H68O11/c1-20-12-17-42(37(49)53-36-34(32(47)30(45)23(4)51-36)52-35-33(48)31(46)29(44)22(3)50-35)19-18-40(8)24(28(42)21(20)2)10-11-26-39(7)15-14-27(43)38(5,6)25(39)13-16-41(26,40)9/h10,20-23,25-36,43-48H,11-19H2,1-9H3/t20-,21+,22-,23+,25?,26?,27+,28+,29-,30+,31-,32-,33+,34-,35+,36+,39+,40-,41-,42+/m1/s1",FKPISMYENGPRCW-FTOSMZOVSA-N,赶黄草
PECH-124,熊果酸-28-木糖-(1→3)-葡萄糖苷,Ursolic acid-28-O-β-D-xylopyranosyl(1→3)-β-D-glucopyranoside,1032893-34-7,750.9670,C41H66O12,,三萜,O[C@H]1CC[C@@]2(C)C(CC[C@]3(C)C2CC=C4[C@@]3(C)CC[C@]5(C(O[C@H]6[C@H](O)[C@@H](O[C@H]7[C@H](O)[C@@H](O)[C@H](O)CO7)[C@H](O)[C@@H](CO)O6)=O)[C@H]4[C@@H](C)[C@H](C)CC5)C1(C)C,"InChI=1S/C41H66O12/c1-20-10-15-41(36(49)53-35-32(48)33(30(46)24(18-42)51-35)52-34-31(47)29(45)23(43)19-50-34)17-16-39(6)22(28(41)21(20)2)8-9-26-38(5)13-12-27(44)37(3,4)25(38)11-14-40(26,39)7/h8,20-21,23-35,42-48H,9-19H2,1-7H3/t20-,21+,23-,24-,25?,26?,27+,28+,29+,30-,31-,32-,33+,34+,35+,38+,39-,40-,41+/m1/s1",HLSCZJCMAUVYSU-MHEWDUDHSA-N,赶黄草
PECH-125,积雪草酸,Asiatic acid,464-92-6,488.7090,C30H48O5,,三萜,O[C@H]1C(O)C[C@@]2(C)C(CC[C@]3(C)C2CC=C4[C@@]3(C)CC[C@]5(C(O)=O)[C@H]4[C@@H](C)[C@H](C)CC5)[C@]1(C)CO,"InChI=1S/C30H48O5/c1-17-9-12-30(25(34)35)14-13-28(5)19(23(30)18(17)2)7-8-22-26(3)15-20(32)24(33)27(4,16-31)21(26)10-11-29(22,28)6/h7,17-18,20-24,31-33H,8-16H2,1-6H3,(H,34,35)/t17-,18+,20?,21?,22?,23+,24+,26+,27+,28-,29-,30+/m1/s1",JXSVIVRDWWRQRT-BTIPHHQGSA-N,赶黄草
PECH-126,羽扇豆醇,Lupeol,545-47-1,440.7560,C30H50O,,三萜,O[C@H]1CC[C@@]2(C)C(CC[C@]3(C)C2CC[C@H]4[C@@]3(C)CC[C@]5(C)C4[C@H](C(C)=C)CCC5)C1(C)C,"InChI=1S/C31H52O/c1-20(2)21-10-9-15-28(5)18-19-30(7)22(26(21)28)11-12-24-29(6)16-14-25(32)27(3,4)23(29)13-17-31(24,30)8/h21-26,32H,1,9-19H2,2-8H3/t21-,22+,23?,24?,25-,26?,28+,29-,30+,31+/m0/s1",HRWMOWFYWFIALW-HADNKQFYSA-N,赶黄草
PECH-127,桦林酸,Betulinic acid,472-15-1,470.7380,C30H48O3,,三萜,O[C@H]1CC[C@@]2(C)C(CC[C@]3(C)C2CC[C@H]4[C@@]3(C)CC[C@]5(C(O)=O)C4[C@H](C(C)=C)CCC5)C1(C)C,"InChI=1S/C31H50O3/c1-19(2)20-9-8-14-31(26(33)34)18-17-29(6)21(25(20)31)10-11-23-28(5)15-13-24(32)27(3,4)22(28)12-16-30(23,29)7/h20-25,32H,1,8-18H2,2-7H3,(H,33,34)/t20-,21+,22?,23?,24-,25?,28-,29+,30+,31?/m0/s1",KETOLWJMTAEGQL-IOZIHVLHSA-N,赶黄草
PECH-128,β-谷甾醇,β-Sitosterol,83-46-5,414.7181,C29H50O,,甾体,C[C@H](CC[C@@H](CC)C(C)C)[C@@H](CC1)[C@]2(C)C1[C@@H]3CC=C4C[C@@H](O)CC[C@]4(C)C3CC2,"InChI=1S/C29H50O/c1-7-21(19(2)3)9-8-20(4)25-12-13-26-24-11-10-22-18-23(30)14-16-28(22,5)27(24)15-17-29(25,26)6/h10,19-21,23-27,30H,7-9,11-18H2,1-6H3/t20-,21-,23+,24+,25-,26?,27?,28+,29-/m1/s1",KZJWDPNRJALLNS-QVMZLHHRSA-N,赶黄草
PECH-129,β-胡萝卜苷,β-Daucosterol,474-58-8,576.8590,C35H60O6,,甾体,C[C@H](CC[C@@H](CC)C(C)C)[C@@H](CC1)[C@]2(C)C1[C@@H]3CC=C4C[C@@H](O[C@H]5[C@H](O)[C@@H](O)[C@H](O)[C@@H](CO)O5)CC[C@]4(C)C3CC2,"InChI=1S/C35H60O6/c1-7-22(20(2)3)9-8-21(4)26-12-13-27-25-11-10-23-18-24(14-16-34(23,5)28(25)15-17-35(26,27)6)40-33-32(39)31(38)30(37)29(19-36)41-33/h10,20-22,24-33,36-39H,7-9,11-19H2,1-6H3/t21-,22-,24+,25+,26-,27?,28?,29-,30-,31+,32-,33-,34+,35-/m1/s1",NPJICTMALKLTFW-WICMNWDDSA-N,赶黄草
PECH-130,癸酸乙酯,Ethyl caprate,110-38-3,200.3220,C12H24O2,,挥发油,O=C(OCC)CCCCCCCCC,"InChI=1S/C12H24O2/c1-3-5-6-7-8-9-10-11-12(13)14-4-2/h3-11H2,1-2H3",RGXWDWUGBIJHDO-UHFFFAOYSA-N,赶黄草
PECH-131,十二烷酸,Lauric acid,143-07-7,200.3220,C12H24O2,,脂肪酸,OC(CCCCCCCCCCC)=O,"InChI=1S/C12H24O2/c1-2-3-4-5-6-7-8-9-10-11-12(13)14/h2-11H2,1H3,(H,13,14)",POULHZVOKOAJMA-UHFFFAOYSA-N,赶黄草
PECH-132,十二烷酸乙酯,Ethyl dodecanoate,106-33-2,228.7560,C14H28O2,,其他,O=C(OCC)CCCCCCCCCCC,"InChI=1S/C14H28O2/c1-3-5-6-7-8-9-10-11-12-13-14(15)16-4-2/h3-13H2,1-2H3",MMXKVMNBHPAILY-UHFFFAOYSA-N,赶黄草
PECH-133,月桂酸甘油酯,1-Monolaurin,142-18-7,274.4010,C15H30O4,,其他,O=C(OCC(O)CO)CCCCCCCCCCC,"InChI=1S/C15H30O4/c1-2-3-4-5-6-7-8-9-10-11-15(18)19-13-14(17)12-16/h14,16-17H,2-13H2,1H3",ARIWANIATODDMH-UHFFFAOYSA-N,赶黄草
PECH-134,十三烷酸乙酯,Ethyl tridecanoate,28267-29-0,242.4030,C15H30O2,,其他,O=C(OCC)CCCCCCCCCCCC,"InChI=1S/C15H30O2/c1-3-5-6-7-8-9-10-11-12-13-14-15(16)17-4-2/h3-14H2,1-2H3",QJYYMNOTJXIOBP-UHFFFAOYSA-N,赶黄草
PECH-135,棕榈酸,Palmitic acid,57-10-3,256.4300,C16H32O2,,脂肪酸,OC(CCCCCCCCCCCCCCC)=O,"InChI=1S/C16H32O2/c1-2-3-4-5-6-7-8-9-10-11-12-13-14-15-16(17)18/h2-15H2,1H3,(H,17,18)",IPCSVZSSVZVIGE-UHFFFAOYSA-N,赶黄草
PECH-136,棕榈酸乙酯,Ethyl palmitate,628-97-7,284.4840,C18H36O2,,其他,O=C(OCC)CCCCCCCCCCCCCCC,"InChI=1S/C18H36O2/c1-3-5-6-7-8-9-10-11-12-13-14-15-16-17-18(19)20-4-2/h3-17H2,1-2H3",XIRNKXNNONJFQO-UHFFFAOYSA-N,赶黄草
PECH-137,棕榈酸甘油酯,1-Monopalmitin,542-44-9,330.5090,C19H38O4,,其他,O=C(OCC(O)CO)CCCCCCCCCCCCCCC,"InChI=1S/C19H38O4/c1-2-3-4-5-6-7-8-9-10-11-12-13-14-15-19(22)23-17-18(21)16-20/h18,20-21H,2-17H2,1H3",QHZLMUACJMDIAE-UHFFFAOYSA-N,赶黄草
PECH-138,9-十六烯酸乙酯,Ethyl (9E)-9-hexadecenoate,68862-27-1,282.4680,C18H34O2,,其他,O=C(OCC)CCCCCCC/C=C/CCCCCC,"InChI=1S/C18H34O2/c1-3-5-6-7-8-9-10-11-12-13-14-15-16-17-18(19)20-4-2/h9-10H,3-8,11-17H2,1-2H3/b10-9+",JELGPLUONQGOHF-MDZDMXLPSA-N,赶黄草
PECH-139,反式-11-十六烯酸乙酯,(E)-Ethyl hexadec-11-enoate,428818-84-2,282.4680,C18H34O2,,其他,O=C(OCC)CCCCCCCCC/C=C/CCCC,"InChI=1S/C18H34O2/c1-3-5-6-7-8-9-10-11-12-13-14-15-16-17-18(19)20-4-2/h7-8H,3-6,9-17H2,1-2H3/b8-7+",ORDVGMQAZDTLDF-BQYQJAHWSA-N,赶黄草
PECH-140,反式-9-十八烯酸乙酯,Ethyl elaidate,6114-18-7,310.5220,C20H38O2,,其他,O=C(OCC)CCCCCCC/C=C/CCCCCCCC,"InChI=1S/C20H38O2/c1-3-5-6-7-8-9-10-11-12-13-14-15-16-17-18-19-20(21)22-4-2/h11-12H,3-10,13-19H2,1-2H3/b12-11+",LVGKNOAMLMIIKO-VAWYXSNFSA-N,赶黄草
PECH-141,亚油酸乙酯,Ethyl linolelaidate,6114-21-2,308.5060,C20H36O2,,其他,O=C(OCC)CCCCCCC/C=C/C/C=C/CCCCC,"InChI=1S/C20H36O2/c1-3-5-6-7-8-9-10-11-12-13-14-15-16-17-18-19-20(21)22-4-2/h8-9,11-12H,3-7,10,13-19H2,1-2H3/b9-8+,12-11+",FMMOOAYVCKXGMF-MVKOLZDDSA-N,赶黄草
PECH-142,"1-O-(β-D-Glucopyranosyl)-(2S,2'R,3R,4E,8E)-2-(2'-hydroxy-exadecanoylamino-4,8-octdecadiene-1,3-diol)","1-O-(β-D-Glucopyranosyl)-(2S,2'R,3R,4E,8E)-2-(2'-hydroxy-exadecanoylamino-4,8-octdecadiene-1,4-diol)",/,712.0660,C41H77NO8,,糖苷类,C[C@H](/C=C/CC/C=C/CCCCCCCCC)[C@@H](NC([C@@H](CCCCCCCCCCCCCC)O)=O)CO[C@H]1[C@H](O)[C@@H](O)[C@H](O)[C@@H](CO)O1,"InChI=1S/C41H77NO8/c1-4-6-8-10-12-14-16-18-19-21-23-25-27-29-33(3)34(32-49-41-39(47)38(46)37(45)36(31-43)50-41)42-40(48)35(44)30-28-26-24-22-20-17-15-13-11-9-7-5-2/h19,21,27,29,33-39,41,43-47H,4-18,20,22-26,28,30-32H2,1-3H3,(H,42,48)/b21-19+,29-27+/t33-,34+,35-,36-,37-,38+,39-,41-/m1/s1",LMTANHCURQIRDE-IHXNUVPASA-N,赶黄草
PECH-143,丁基-β-D-吡喃果糖苷,Butyl β-D-fructopyranoside,67884-27-9,236.2640,C10H20O6,,糖苷类,O[C@H]1[C@H](O)[C@H](O)CO[C@@]1(CO)OCCCC,"InChI=1S/C10H20O6/c1-2-3-4-15-10(6-11)9(14)8(13)7(12)5-16-10/h7-9,11-14H,2-6H2,1H3/t7-,8-,9+,10-/m1/s1",NAJPAGUETSZHOG-DOLQZWNJSA-N,赶黄草
,,,,,,,,,,,
,,,,,,,,,,,
,,,,,,,,,,,
