编号,化合物名称,英文名称,CAS号,分子量,分子式,化学结构,化合物分类,smiles,inchi,inchikey,化合物名称
WBLX-001,二十酸,Arachic acid,506-30-9,312.5380 ,C20H40O2,,脂肪酸,O=C(O)CCCCCCCCCCCCCCCCCCC,"InChI=1S/C20H40O2/c1-2-3-4-5-6-7-8-9-10-11-12-13-14-15-16-17-18-19-20(21)22/h2-19H2,1H3,(H,21,22)",VKOBVWXKNCXXDE-UHFFFAOYSA-N,王不留行
WBLX-002,蠶豆氰苷,Vicianin,155-57-7,427.4060 ,C19H25NO10,,其他,O[C@@H]1[C@@H](O)[C@H](O)[C@@H](CO[C@H]2[C@H](O)[C@@H](O)[C@@H](O)CO2)O[C@H]1O[C@H](C3=CC=CC=C3)C#N,"InChI=1S/C19H25NO10/c20-6-11(9-4-2-1-3-5-9)29-19-17(26)15(24)14(23)12(30-19)8-28-18-16(25)13(22)10(21)7-27-18/h1-5,10-19,21-26H,7-8H2/t10-,11-,12+,13-,14+,15-,16+,17+,18-,19+/m0/s1",YYYCJNDALLBNEG-GNRUMFBNSA-N,王不留行
WBLX-003,氢氰酸,Hydrocyanic Acid,74-90-8,27.0260 ,CHN,,其他,C#N,InChI=1S/CHN/c1-2/h1H,LELOWRISYMNNSU-UHFFFAOYSA-N,王不留行
WBLX-004,异肥皂草苷,Isosaponarin,19416-87-6,594.5220 ,C27H30O15,,黄酮类,O=C1C=C(C2=CC=C(O[C@H]3[C@H](O)[C@@H](O)[C@H](O)[C@@H](CO)O3)C=C2)OC4=CC(O)=C([C@H]5[C@H](O)[C@@H](O)[C@H](O)[C@@H](CO)O5)C(O)=C14,"InChI=1S/C27H30O15/c28-7-15-19(32)22(35)24(37)26(41-15)18-12(31)6-14-17(21(18)34)11(30)5-13(40-14)9-1-3-10(4-2-9)39-27-25(38)23(36)20(33)16(8-29)42-27/h1-6,15-16,19-20,22-29,31-38H,7-8H2/t15-,16-,19-,20-,22+,23+,24-,25-,26+,27-/m1/s1",SFNFQCXADNWOCI-KETMJRJWSA-N,王不留行
WBLX-005,黑色素,Melanin,8049-97-6,318.2880 ,C18H10N2O4,,蒽醌类,O=C(C(C1=C23)=O)C(C)=C2NC=C3C4=C5C1=CNC5=C(C)C(C4=O)=O,"InChI=1S/C18H10N2O4/c1-5-13-9-7(3-19-13)12-10-8(11(9)17(23)15(5)21)4-20-14(10)6(2)16(22)18(12)24/h3-4,19-20H,1-2H3",XUMBMVFBXHLACL-UHFFFAOYSA-N,王不留行
WBLX-006,,Vaccaroside B,/,1279.3830 ,C60H94O29,,三萜类,CC1(C)CC[C@]2(C(O[C@H]3[C@H](O)[C@@H](O[C@H]4[C@H](O)[C@@H](O)[C@H](O)[C@@H](CO)O4)[C@H](O)[C@@H](CO[C@H]5[C@H](O[C@H]6[C@H](O)[C@@H](O)[C@H](O)[C@@H](CO)O6)[C@@H](O)[C@H](O)[C@@H](COC(CC(O)(C)CC(O)=O)=O)O5)O3)=O)CC[C@@]7(C)[C@]8(C)CC[C@@]9([H])[C@](C)(C(O)=O)[C@@H](O)CC[C@]9(C)[C@@]8([H])CC=C7[C@]2([H])C1,"InChI=1S/C60H94O29/c1-54(2)14-16-60(17-15-57(5)25(26(60)18-54)8-9-31-56(4)12-11-33(63)59(7,52(77)78)32(56)10-13-58(31,57)6)53(79)89-50-45(76)46(87-48-43(74)40(71)36(67)27(21-61)83-48)39(70)30(85-50)24-82-51-47(88-49-44(75)41(72)37(68)28(22-62)84-49)42(73)38(69)29(86-51)23-81-35(66)20-55(3,80)19-34(64)65/h8,26-33,36-51,61-63,67-76,80H,9-24H2,1-7H3,(H,64,65)(H,77,78)/t26-,27+,28+,29+,30+,31+,32+,33-,36+,37+,38+,39+,40-,41-,42-,43+,44+,45+,46-,47+,48-,49-,50-,51+,55?,56+,57+,58+,59-,60-/m0/s1",NMZXWJLQTSMVIG-VRYXALTJSA-N,王不留行
WBLX-007,,Segetoside A,/,518.5120 ,C22H32O14,,苯丙素类,OC1=C(OC)C=C(CCC(OC[C@H]2O[C@@H](O[C@@]3(CO)O[C@@H](CO)[C@H](O)[C@H]3O)[C@H](O)[C@@H](O)[C@@H]2O)=O)C=C1,"InChI=1S/C22H32O14/c1-32-12-6-10(2-4-11(12)25)3-5-15(26)33-8-14-16(27)18(29)19(30)21(34-14)36-22(9-24)20(31)17(28)13(7-23)35-22/h2,4,6,13-14,16-21,23-25,27-31H,3,5,7-9H2,1H3/t13-,14+,16+,17-,18-,19+,20+,21-,22+/m0/s1",HBGHQKVJYBCGON-KXIQWMPQSA-N,王不留行
WBLX-008,,Segetoside B,/,1463.5740 ,C69H106O33,,三萜类,C[C@]12C(C(CC(C)(C)CC3)[C@]3(C(O[C@H]4[C@H](O[C@H]5[C@H](O)[C@H](O)[C@@H](O[C@H]6[C@H](O)[C@@H](O)[C@H](O)CO6)[C@H](C)O5)[C@H](O[C@H]7[C@H](O)[C@@H](O)[C@H](COC(C)=O)O7)[C@@H](OC(C)=O)[C@H](C)O4)=O)CC2)=CCC8[C@]9(C)CC[C@@H](O[C@H]%10[C@H](O[C@H]%11[C@H](O)C(O)[C@H](O)[C@@H](CO)O%11)[C@@H](O)[C@H](O)[C@@H](C(OC)=O)O%10)[C@](C)(C=O)C9CC[C@@]81C,"InChI=1S/C69H106O33/c1-27-50(97-57-46(82)39(75)33(74)24-90-57)45(81)49(85)58(91-27)101-55-54(100-59-47(83)41(77)35(95-59)25-89-29(3)72)51(93-30(4)73)28(2)92-62(55)102-63(87)69-20-18-64(5,6)22-32(69)31-12-13-37-65(7)16-15-38(66(8,26-71)36(65)14-17-68(37,10)67(31,9)19-21-69)96-61-53(44(80)43(79)52(98-61)56(86)88-11)99-60-48(84)42(78)40(76)34(23-70)94-60/h12,26-28,32-55,57-62,70,74-85H,13-25H2,1-11H3/t27-,28-,32?,33+,34+,35-,36?,37?,38+,39-,40+,41-,42?,43-,44-,45-,46+,47+,48+,49+,50-,51-,52-,53+,54+,55+,57-,58-,59-,60-,61+,62-,65+,66+,67-,68-,69+/m0/s1",IJDFMBRLUKJENP-VFQKGCDBSA-N,王不留行
WBLX-009,,Segetoside C,/,1177.2940 ,C56H88O26,,三萜类,O=C(O)[C@]1(C)C2CC[C@]3(C)[C@@]4(C)CC[C@]5(C(O[C@H]6[C@H](O[C@H]7[C@H](O)[C@@H](O)[C@H](O)[C@@H](CO)O7)[C@@H](O)[C@H](O)[C@@H](CO[C@H]8[C@H](O)[C@@H](O)[C@H](O)[C@@H](CO[C@H]9[C@H](O)[C@@H](O)[C@H](O)[C@@H](COC(C)=O)O9)O8)O6)=O)CCC(C)(C)CC5C4=CCC3[C@]2(C)CC[C@H]1O,"InChI=1S/C56H88O26/c1-23(58)74-20-27-34(61)38(65)41(68)45(78-27)75-21-28-35(62)39(66)42(69)46(79-28)76-22-29-36(63)40(67)44(81-47-43(70)37(64)33(60)26(19-57)77-47)48(80-29)82-50(73)56-16-14-51(2,3)18-25(56)24-8-9-30-52(4)12-11-32(59)55(7,49(71)72)31(52)10-13-54(30,6)53(24,5)15-17-56/h8,25-48,57,59-70H,9-22H2,1-7H3,(H,71,72)/t25?,26-,27-,28-,29-,30?,31?,32-,33-,34-,35-,36-,37+,38+,39+,40+,41-,42-,43-,44-,45-,46-,47+,48+,52+,53+,54+,55-,56-/m1/s1",OTJXRCDFBVRETF-PLCWFRJLSA-N,王不留行
WBLX-010,,Segetoside D,/,1479.5730 ,C69H106O34,,三萜类,C[C@]12C(C(CC(C)(C)CC3)[C@]3(C(O[C@H]4[C@H](O[C@H]5[C@H](O)[C@H](O)[C@@H](O[C@H]6[C@H](O)[C@@H](O)[C@H](O)CO6)[C@H](C)O5)[C@H](O[C@H]7[C@H](O)[C@@H](O)[C@H](COC(C)=O)O7)[C@@H](OC(C)=O)[C@H](C)O4)=O)[C@@H](O)C2)=CCC8[C@]9(C)CC[C@@H](O[C@H]%10[C@H](O[C@H]%11[C@H](O)C(O)[C@H](O)[C@@H](CO)O%11)[C@@H](O)[C@H](O)[C@@H](C(OC)=O)O%10)[C@](C)(C=O)C9CC[C@@]81C,"InChI=1S/C69H106O34/c1-26-50(98-57-46(83)39(76)32(74)23-91-57)45(82)49(86)58(92-26)102-55-54(101-59-47(84)41(78)34(96-59)24-90-28(3)72)51(94-29(4)73)27(2)93-62(55)103-63(88)69-19-18-64(5,6)20-31(69)30-12-13-36-65(7)16-15-38(66(8,25-71)35(65)14-17-67(36,9)68(30,10)21-37(69)75)97-61-53(44(81)43(80)52(99-61)56(87)89-11)100-60-48(85)42(79)40(77)33(22-70)95-60/h12,25-27,31-55,57-62,70,74-86H,13-24H2,1-11H3/t26-,27-,31?,32+,33+,34-,35?,36?,37-,38+,39-,40+,41-,42?,43-,44-,45-,46+,47+,48+,49+,50-,51-,52-,53+,54+,55+,57-,58-,59-,60-,61+,62-,65+,66+,67-,68-,69-/m0/s1",WDXOUDADETZGLM-DJUPGWQNSA-N,王不留行
WBLX-011,,Segetoside E,/,1521.6540 ,C72H112O34,,三萜类,C[C@]12C(C(CC(C)(C)CC3)[C@]3(C(O[C@H]4[C@H](O[C@H]5[C@H](O)[C@H](O)[C@@H](O[C@H]6[C@H](O)[C@@H](O)[C@H](O)CO6)[C@H](C)O5)[C@H](O[C@H]7[C@H](O)[C@@H](O)[C@H](COC(C)=O)O7)[C@@H](OC(C)=O)[C@H](C)O4)=O)[C@@H](O)C2)=CCC8[C@]9(C)CC[C@@H](O[C@H]%10[C@H](O[C@H]%11[C@H](O)C(O)[C@H](O)[C@@H](CO)O%11)[C@@H](O)[C@H](O)[C@@H](C(OCCCC)=O)O%10)[C@](C)(C=O)C9CC[C@@]81C,"InChI=1S/C72H112O34/c1-12-13-22-92-59(90)55-46(83)47(84)56(103-63-51(88)45(82)43(80)36(25-73)98-63)64(102-55)100-41-17-18-68(8)38(69(41,9)28-74)16-19-70(10)39(68)15-14-33-34-23-67(6,7)20-21-72(34,40(78)24-71(33,70)11)66(91)106-65-58(105-61-52(89)48(85)53(29(2)95-61)101-60-49(86)42(79)35(77)26-94-60)57(54(30(3)96-65)97-32(5)76)104-62-50(87)44(81)37(99-62)27-93-31(4)75/h14,28-30,34-58,60-65,73,77-89H,12-13,15-27H2,1-11H3/t29-,30-,34?,35+,36+,37-,38?,39?,40-,41+,42-,43+,44-,45?,46-,47-,48-,49+,50+,51+,52+,53-,54-,55-,56+,57+,58+,60-,61-,62-,63-,64+,65-,68+,69+,70-,71-,72-/m0/s1",PCBDJGITQTVOPN-RKITVRHMSA-N,王不留行
WBLX-012,,Segetoside F,/,1421.5370 ,C67H104O32,,三萜类,C[C@]12C(C(CC(C)(C)CC3)[C@]3(C(O[C@H]4[C@H](O[C@H]5[C@H](O)[C@H](O)[C@@H](O[C@H]6[C@H](O)[C@@H](O)[C@H](O)CO6)[C@H](C)O5)[C@H](O[C@H]7[C@H](O)[C@@H](O)[C@H](CO)O7)[C@@H](OC(C)=O)[C@H](C)O4)=O)CC2)=CCC8[C@]9(C)CC[C@@H](O[C@H]%10[C@H](O[C@H]%11[C@H](O)C(O)[C@H](O)[C@@H](CO)O%11)[C@@H](O)[C@H](O)[C@@H](C(OC)=O)O%10)[C@](C)(C=O)C9CC[C@@]81C,"InChI=1S/C67H104O32/c1-26-48(94-55-44(80)37(73)31(72)24-87-55)43(79)47(83)56(88-26)98-53-52(97-57-45(81)39(75)33(23-69)92-57)49(90-28(3)71)27(2)89-60(53)99-61(85)67-19-17-62(4,5)21-30(67)29-11-12-35-63(6)15-14-36(64(7,25-70)34(63)13-16-66(35,9)65(29,8)18-20-67)93-59-51(42(78)41(77)50(95-59)54(84)86-10)96-58-46(82)40(76)38(74)32(22-68)91-58/h11,25-27,30-53,55-60,68-69,72-83H,12-24H2,1-10H3/t26-,27-,30?,31+,32+,33-,34?,35?,36+,37-,38+,39-,40?,41-,42-,43-,44+,45+,46+,47+,48-,49-,50-,51+,52+,53+,55-,56-,57-,58-,59+,60-,63+,64+,65-,66-,67+/m0/s1",SKGYCOCIOQDWHA-WFPNHSDTSA-N,王不留行
WBLX-013,,Segetoside G,/,1463.6180 ,C70H110O32,,三萜类,C[C@]12C(C(CC(C)(C)CC3)[C@]3(C(O[C@H]4[C@H](O[C@H]5[C@H](O)[C@H](O)[C@@H](O[C@H]6[C@H](O)[C@@H](O)[C@H](O)CO6)[C@H](C)O5)[C@H](O[C@H]7[C@H](O)[C@@H](O)[C@H](CO)O7)[C@@H](OC(C)=O)[C@H](C)O4)=O)CC2)=CCC8[C@]9(C)CC[C@@H](O[C@H]%10[C@H](O[C@H]%11[C@H](O)C(O)[C@H](O)[C@@H](CO)O%11)[C@@H](O)[C@H](O)[C@@H](C(OCCCC)=O)O%10)[C@](C)(C=O)C9CC[C@@]81C,"InChI=1S/C70H110O32/c1-11-12-23-89-57(87)53-44(80)45(81)54(99-61-49(85)43(79)41(77)35(25-71)94-61)62(98-53)96-39-16-17-66(7)37(67(39,8)28-73)15-18-69(10)38(66)14-13-32-33-24-65(5,6)19-21-70(33,22-20-68(32,69)9)64(88)102-63-56(55(52(30(3)92-63)93-31(4)74)100-60-48(84)42(78)36(26-72)95-60)101-59-50(86)46(82)51(29(2)91-59)97-58-47(83)40(76)34(75)27-90-58/h13,28-30,33-56,58-63,71-72,75-86H,11-12,14-27H2,1-10H3/t29-,30-,33?,34+,35+,36-,37?,38?,39+,40-,41+,42-,43?,44-,45-,46-,47+,48+,49+,50+,51-,52-,53-,54+,55+,56+,58-,59-,60-,61-,62+,63-,66+,67+,68-,69-,70+/m0/s1",CSKDMLNLHVEUBA-UDSRQIJISA-N,王不留行
WBLX-014,,Segetoside H,/,1449.5470 ,C68H104O33,,三萜类,C[C@]12C(C(CC(C)(C)CC3)[C@]3(C(O[C@H]4[C@H](O[C@H]5[C@H](O)[C@H](O)[C@@H](O[C@H]6[C@H](O)[C@@H](O)[C@H](O)CO6)[C@H](C)O5)[C@H](O[C@H]7[C@H](O)[C@@H](O)[C@H](COC(C)=O)O7)[C@@H](OC(C)=O)[C@H](C)O4)=O)CC2)=CCC8[C@]9(C)CC[C@@H](O[C@H]%10[C@H](O[C@H]%11[C@H](O)C(O)[C@H](O)[C@@H](CO)O%11)[C@@H](O)[C@H](O)[C@@H](C(O)=O)O%10)[C@](C)(C=O)C9CC[C@@]81C,"InChI=1S/C68H104O33/c1-26-49(96-56-45(81)38(74)32(73)23-89-56)44(80)48(84)57(90-26)100-54-53(99-58-46(82)40(76)34(94-58)24-88-28(3)71)50(92-29(4)72)27(2)91-61(54)101-62(87)68-19-17-63(5,6)21-31(68)30-11-12-36-64(7)15-14-37(65(8,25-70)35(64)13-16-67(36,10)66(30,9)18-20-68)95-60-52(43(79)42(78)51(97-60)55(85)86)98-59-47(83)41(77)39(75)33(22-69)93-59/h11,25-27,31-54,56-61,69,73-84H,12-24H2,1-10H3,(H,85,86)/t26-,27-,31?,32+,33+,34-,35?,36?,37+,38-,39+,40-,41?,42-,43-,44-,45+,46+,47+,48+,49-,50-,51-,52+,53+,54+,56-,57-,58-,59-,60+,61-,64+,65+,66-,67-,68+/m0/s1",STSNDMARBJBQFS-RZOXXXQPSA-N,王不留行
WBLX-015,,Segetoside I,/,1465.5460 ,C68H104O34,,三萜类,C[C@]12C(C(CC(C)(C)CC3)[C@]3(C(O[C@H]4[C@H](O[C@H]5[C@H](O)[C@H](O)[C@@H](O[C@H]6[C@H](O)[C@@H](O)[C@H](O)CO6)[C@H](C)O5)[C@H](O[C@H]7[C@H](O)[C@@H](O)[C@H](COC(C)=O)O7)[C@@H](OC(C)=O)[C@H](C)O4)=O)[C@@H](O)C2)=CCC8[C@]9(C)CC[C@@H](O[C@H]%10[C@H](O[C@H]%11[C@H](O)C(O)[C@H](O)[C@@H](CO)O%11)[C@@H](O)[C@H](O)[C@@H](C(O)=O)O%10)[C@](C)(C=O)C9CC[C@@]81C,"InChI=1S/C68H104O34/c1-25-49(97-56-45(82)38(75)31(73)22-90-56)44(81)48(85)57(91-25)101-54-53(100-58-46(83)40(77)33(95-58)23-89-27(3)71)50(93-28(4)72)26(2)92-61(54)102-62(88)68-18-17-63(5,6)19-30(68)29-11-12-35-64(7)15-14-37(65(8,24-70)34(64)13-16-66(35,9)67(29,10)20-36(68)74)96-60-52(43(80)42(79)51(98-60)55(86)87)99-59-47(84)41(78)39(76)32(21-69)94-59/h11,24-26,30-54,56-61,69,73-85H,12-23H2,1-10H3,(H,86,87)/t25-,26-,30?,31+,32+,33-,34?,35?,36-,37+,38-,39+,40-,41?,42-,43-,44-,45+,46+,47+,48+,49-,50-,51-,52+,53+,54+,56-,57-,58-,59-,60+,61-,64+,65+,66-,67-,68-/m0/s1",IQLOVYJEJWXIMF-RHGRNVAFSA-N,王不留行
WBLX-016,,Segetoside J,/,904.8240 ,C42H48O22,,黄酮类,O=C1C=C(C2=CC=C(O[C@H]3[C@H](O)[C@@H](O)[C@H](O)[C@@H](CO)O3)C=C2)OC4=CC(O)=C(C5[C@H](O[C@H]6[C@H](O)[C@@H](O)[C@@H](O)CO6)[C@@H](O)[C@H](O)[C@@H](COC(CCC7=CC=C(O)C(OC)=C7)=O)O5)C(O)=C41,"InChI=1S/C42H48O22/c1-57-24-10-16(2-8-19(24)44)3-9-28(48)58-15-27-33(51)36(54)40(64-41-37(55)31(49)22(47)14-59-41)39(62-27)30-21(46)12-25-29(34(30)52)20(45)11-23(61-25)17-4-6-18(7-5-17)60-42-38(56)35(53)32(50)26(13-43)63-42/h2,4-8,10-12,22,26-27,31-33,35-44,46-47,49-56H,3,9,13-15H2,1H3/t22-,26+,27+,31-,32+,33+,35-,36-,37+,38+,39?,40+,41-,42+/m0/s1",BQOJONYEFJEINJ-YUXVZDIRSA-N,王不留行
WBLX-017,,Segetoside K,/,1151.2560 ,C54H86O26,,三萜类,O=C(O)[C@@]1(C)C2CC[C@@]3(C)[C@]4(C)C[C@@H](O)[C@@]5(C(O[C@H]6[C@H](O[C@H]7[C@H](O)[C@@H](O)[C@H](O)[C@@H](CO)O7)[C@@H](O)[C@H](O)[C@@H](CO[C@H]8[C@H](O)[C@@H](O)[C@H](O)[C@@H](CO[C@H]9[C@H](O)[C@@H](O)[C@H](O)[C@@H](CO)O9)O8)O6)=O)CCC(C)(C)CC5C4=CCC3[C@@]2(C)CC[C@@H]1O,"InChI=1S/C54H86O26/c1-49(2)13-14-54(22(15-49)21-7-8-27-50(3)11-10-29(57)53(6,47(70)71)28(50)9-12-51(27,4)52(21,5)16-30(54)58)48(72)80-46-42(79-45-41(69)36(64)32(60)24(18-56)76-45)38(66)34(62)26(78-46)20-74-44-40(68)37(65)33(61)25(77-44)19-73-43-39(67)35(63)31(59)23(17-55)75-43/h7,22-46,55-69H,8-20H2,1-6H3,(H,70,71)/t22?,23-,24-,25-,26-,27?,28?,29+,30-,31-,32-,33-,34-,35+,36+,37+,38+,39-,40-,41-,42-,43-,44-,45+,46+,50-,51-,52-,53+,54-/m1/s1",YRQMACVENODOOL-LINUUUOZSA-N,王不留行
WBLX-018,王不留行黄酮苷,Vaccarin,53452-16-7,726.6370 ,C32H38O19,,黄酮类,OC1=C2C(C=C(OC2=CC(O[C@H]3[C@H](O)[C@@H](O)[C@H](O)[C@@H](CO)O3)=C1[C@H]4[C@H](O[C@H]5[C@H](O)[C@@H](O)[C@@H](O)CO5)[C@@H](O)[C@H](O)[C@@H](CO)O4)C(C=C6)=CC=C6O)=O,"InChI=1S/C32H38O19/c33-7-17-23(40)26(43)30(51-31-27(44)21(38)13(37)9-46-31)29(48-17)20-16(49-32-28(45)25(42)22(39)18(8-34)50-32)6-15-19(24(20)41)12(36)5-14(47-15)10-1-3-11(35)4-2-10/h1-6,13,17-18,21-23,25-35,37-45H,7-9H2/t13-,17+,18+,21-,22+,23+,25-,26-,27+,28+,29-,30+,31-,32+/m0/s1",XGYOBHDFARGUCG-CKCIIKEHSA-N,王不留行
WBLX-019,"(2S,3S,4S,5R,6R)-6-[[(4S,4aR,6aR,6bS,8aS,14aR,14bR)-8a-carboxy-4-formyl-4,6a,6b,11,11,14b-hexamethyl-1,2,3,4a,5,6,7,8,9,10,12,12a,14,14a-tetradecahydropicen-3-yl]oxy]-3,4,5-trihydroxyoxane-2-carboxylic acid",Gypsogenin 3-O-glucuronide,105762-16-1,646.8180 ,C36H54O10,,三萜类,C[C@@]12[C@@]3([H])CC=C4C5CC(C)(C)CC[C@]5(C(O)=O)CC[C@@]4(C)[C@]3(C)CC[C@@]1([H])[C@](C)(C=O)C(O[C@H]6[C@H](O)[C@@H](O)[C@H](O)[C@@H](C(O)=O)O6)CC2,"InChI=1S/C36H54O10/c1-31(2)13-15-36(30(43)44)16-14-34(5)19(20(36)17-31)7-8-22-32(3)11-10-23(33(4,18-37)21(32)9-12-35(22,34)6)45-29-26(40)24(38)25(39)27(46-29)28(41)42/h7,18,20-27,29,38-40H,8-17H2,1-6H3,(H,41,42)(H,43,44)/t20?,21-,22-,23?,24+,25+,26-,27+,29-,32+,33+,34-,35-,36+/m1/s1",NUSHOJSYOLRGAX-ZIPQOKDHSA-N,王不留行
WBLX-020,"1,8-dihydroxy-4,6-dimethoxy-9-oxoxanthene-2-carboxylic acid",Vaccaxanthone,125850-40-0,332.2640 ,C16H12O8,,蒽醌类,O=C(C1=C(O)C(C2=O)=C(OC3=C2C(O)=CC(OC)=C3)C(OC)=C1)O,"InChI=1S/C16H12O8/c1-22-6-3-8(17)11-9(4-6)24-15-10(23-2)5-7(16(20)21)13(18)12(15)14(11)19/h3-5,17-18H,1-2H3,(H,20,21)",XXSWIKUEZGNXHS-UHFFFAOYSA-N,王不留行
WBLX-021,,Vacsegoside B,/,1527.6140 ,C70H110O36,,三萜类,O=C[C@]1(C)[C@H]2CC[C@]3(C)[C@@]4(C)CC[C@]5(C(O[C@H]6[C@H](O)[C@H](O[C@H]7[C@H](O)[C@H](O)[C@@H](O[C@H]8[C@H](O)[C@@H](O)[C@@H](O)CO8)[C@H](C)O7)[C@@H](O)[C@H](C)O6)=O)CCC(C)(C)C[C@@H]5C4=CC[C@H]3[C@]2(C)CC[C@H]1O[C@H]9[C@H](O)[C@@H](O[C@H]%10[C@H](O)[C@@H](O)[C@H](O)[C@@H](CO)O%10)[C@H](O[C@H]%11[C@H](O)[C@@H](O)[C@H](O)[C@@H](CO)O%11)[C@@H](C(O[C@H]%12[C@H](O)[C@@H](O)[C@@H](O)CO%12)=O)O9,"InChI=1S/C70H110O36/c1-25-36(76)52(101-59-48(88)43(83)51(26(2)96-59)100-57-44(84)37(77)29(74)22-93-57)49(89)62(95-25)106-64(92)70-17-15-65(3,4)19-28(70)27-9-10-34-66(5)13-12-35(67(6,24-73)33(66)11-14-69(34,8)68(27,7)16-18-70)99-63-50(90)53(102-60-46(86)41(81)39(79)31(20-71)97-60)54(103-61-47(87)42(82)40(80)32(21-72)98-61)55(104-63)56(91)105-58-45(85)38(78)30(75)23-94-58/h9,24-26,28-55,57-63,71-72,74-90H,10-23H2,1-8H3/t25-,26-,28+,29-,30-,31+,32+,33-,34-,35+,36-,37-,38-,39+,40+,41-,42-,43-,44+,45+,46+,47+,48+,49+,50+,51-,52+,53+,54-,55-,57-,58-,59-,60-,61-,62-,63+,66+,67+,68-,69-,70+/m0/s1",HWOLPOSFTHXDHV-PPVRTVMJSA-N,王不留行
WBLX-022,丝石竹酸,Gypsogenic acid, 5143-05-5,486.6930 ,C30H46O5,,三萜类,CC1(C)CCC2(C(O)=O)CC[C@@]3(C)[C@]4(C)CCC5[C@](C)(C(O)=O)[C@@H](O)CC[C@]5(C)C4CC=C3C2C1,"InChI=1S/C30H46O5/c1-25(2)13-15-30(24(34)35)16-14-27(4)18(19(30)17-25)7-8-20-26(3)11-10-22(31)29(6,23(32)33)21(26)9-12-28(20,27)5/h7,19-22,31H,8-17H2,1-6H3,(H,32,33)(H,34,35)/t19?,20?,21?,22-,26+,27+,28+,29-,30?/m0/s1",,王不留行
WBLX-023,α-亚麻酸,Linolenic Acid,463-40-1,278.4360 ,C18H30O2,,脂肪酸,O=C(O)CCCCCCC/C=C\C/C=C\C/C=C\CC,"InChI=1S/C18H30O2/c1-2-3-4-5-6-7-8-9-10-11-12-13-14-15-16-17-18(19)20/h3-4,6-7,9-10H,2,5,8,11-17H2,1H3,(H,19,20)/b4-3-,7-6-,10-9-",DTOSIQBPPRVQHS-PDBXOOCHSA-N,王不留行
WBLX-024,豆甾醇,Stigmasterol,83-48-7,412.7020 ,C29H48O,,甾体类,O[C@H]1CC[C@]2(C)[C@@]3([H])CC[C@]4(C)[C@@H]([C@@H](/C=C/[C@@H](CC)C(C)C)C)CC[C@@]4([H])[C@]3([H])CC=C2C1,"InChI=1S/C29H48O/c1-7-21(19(2)3)9-8-20(4)25-12-13-26-24-11-10-22-18-23(30)14-16-28(22,5)27(24)15-17-29(25,26)6/h8-10,19-21,23-27,30H,7,11-18H2,1-6H3/b9-8+/t20-,21-,23+,24+,25-,26+,27+,28+,29-/m1/s1",HCXVJBMSMIARIN-PHZDYDNGSA-N,王不留行
WBLX-025,二十四烷酸,Lignoceric acid,557-59-5,368.6460 ,C24H48O2,,脂肪酸,OC(CCCCCCCCCCCCCCCCCCCCCCC)=O,"InChI=1S/C24H48O2/c1-2-3-4-5-6-7-8-9-10-11-12-13-14-15-16-17-18-19-20-21-22-23-24(25)26/h2-23H2,1H3,(H,25,26)",QZZGJDVWLFXDLK-UHFFFAOYSA-N,王不留行
WBLX-026,16-羟基丝石竹酸,,/,502.6920 ,C30H46O6,,三萜类,CC1(C)CCC2(C(O)=O)[C@H](O)C[C@@]3(C)[C@]4(C)CCC5[C@](C)(C(O)=O)[C@@H](O)CC[C@]5(C)C4CC=C3C2C1,"InChI=1S/C30H46O6/c1-25(2)13-14-30(24(35)36)18(15-25)17-7-8-19-26(3)11-10-21(31)29(6,23(33)34)20(26)9-12-27(19,4)28(17,5)16-22(30)32/h7,18-22,31-32H,8-16H2,1-6H3,(H,33,34)(H,35,36)/t18?,19?,20?,21-,22+,26+,27+,28+,29-,30?/m0/s1",NZUXOCGZXRCSGC-DGJIOCMRSA-N,王不留行
WBLX-027,,pinnatifin E,/,414.3660 ,C21H18O9,,黄酮类,OC(C=C1)=CC=C1C2=CC(C3=C(O)C4=C(O[C@@]5(O[C@H](CO)[C@@H](O)[C@@H]5O)C4)C=C3O2)=O,"InChI=1S/C21H18O9/c22-8-16-19(26)20(27)21(30-16)7-11-14(29-21)6-15-17(18(11)25)12(24)5-13(28-15)9-1-3-10(23)4-2-9/h1-6,16,19-20,22-23,25-27H,7-8H2/t16-,19-,20+,21-/m1/s1",JUKJGCSDYHAAHC-RZXSNQJFSA-N,王不留行
WBLX-028,刺桐碱,hypaphorine,487-58-1,246.3100 , C14H18N2O2,,生物碱,[O-]C([C@H]([N+](C)(C)C)CC1=CNC2=CC=CC=C21)=O,"InChI=1S/C14H18N2O2/c1-16(2,3)13(14(17)18)8-10-9-15-12-7-5-4-6-11(10)12/h4-7,9,13,15H,8H2,1-3H3/t13-/m1/s1",AOHCBEAZXHZMOR-CYBMUJFWSA-N,王不留行
WBLX-029,"1,8-dihydroxy-3,5-dimethoxyxanthen-9-one",Swerchirin,521-65-3,288.2550 ,C15H12O6,,蒽醌类,O=C1C2=C(OC3=C1C(O)=CC=C3OC)C=C(OC)C=C2O,"InChI=1S/C15H12O6/c1-19-7-5-9(17)12-11(6-7)21-15-10(20-2)4-3-8(16)13(15)14(12)18/h3-6,16-17H,1-2H3",GNSHHHWDGOHNPC-UHFFFAOYSA-N,王不留行
WBLX-030,异牡荆黄素,Isovitexin,38953-85-4,432.3810 ,C21H20O10,,黄酮类,O=C(C1=C(O)C([C@H]2[C@H](O)[C@@H](O)[C@H](O)[C@@H](CO)O2)=C(O)C=C1O3)C=C3C4=CC=C(O)C=C4,"InChI=1S/C21H20O10/c22-7-14-17(26)19(28)20(29)21(31-14)16-11(25)6-13-15(18(16)27)10(24)5-12(30-13)8-1-3-9(23)4-2-8/h1-6,14,17,19-23,25-29H,7H2/t14-,17-,19+,20-,21+/m1/s1",MYXNWGACZJSMBT-VJXVFPJBSA-N,王不留行
WBLX-031, ,"9,12-octadecadienoic acid N-(2-hydroxyethyl)",/,323.5210 , C20H37NO2,,氨基酸,CCCCC/C=C/C/C=C/CCCCCCCC(NCCO)=O,"InChI=1S/C20H37NO2/c1-2-3-4-5-6-7-8-9-10-11-12-13-14-15-16-17-20(23)21-18-19-22/h6-7,9-10,22H,2-5,8,11-19H2,1H3,(H,21,23)/b7-6+,10-9+",KQXDGUVSAAQARU-AVQMFFATSA-N,王不留行
WBLX-032,植酸钙,Phytin,7776-28-5,888.4006,C6H6Ca6O24P6,,其它,O=P([O-])([O-])OC1C(OP([O-])([O-])=O)C(OP([O-])([O-])=O)C(OP([O-])([O-])=O)C(OP([O-])([O-])=O)C1OP([O-])([O-])=O.[Ca+2].[Ca+2].[Ca+2].[Ca+2].[Ca+2].[Ca+2],"InChI=1S/C6H18O24P6.6Ca/c7-31(8,9)25-1-2(26-32(10,11)12)4(28-34(16,17)18)6(30-36(22,23)24)5(29-35(19,20)21)3(1)27-33(13,14)15;;;;;;/h1-6H,(H2,7,8,9)(H2,10,11,12)(H2,13,14,15)(H2,16,17,18)(H2,19,20,21)(H2,22,23,24);;;;;;/q;6*+2/p-12",WPEXVRDUEAJUGY-UHFFFAOYSA-B,王不留行
WBLX-033,尿苷,Uridine, 58-96-8,244.2030 ,C9H12N2O6,,生物碱,O=C1C=CN([C@@H]2O[C@H](CO)[C@@H](O)[C@H]2O)C(N1)=O,"InChI=1S/C9H12N2O6/c12-3-4-6(14)7(15)8(17-4)11-2-1-5(13)10-9(11)16/h1-2,4,6-8,12,14-15H,3H2,(H,10,13,16)/t4-,6-,7-,8-/m1/s1",DRTQHJPVMGBUCF-XVFCMESISA-N,王不留行
WBLX-034,9H-二苯并吡喃-2-羧酸,9H-Xanthene-2-carboxylic acid,40274-68-8,226.2310 ,C14H10O3,,酚酸,O=C(C1=CC(CC2=C(C=CC=C2)O3)=C3C=C1)O,"InChI=1S/C14H10O3/c15-14(16)10-5-6-13-11(8-10)7-9-3-1-2-4-12(9)17-13/h1-6,8H,7H2,(H,15,16)",SYMSHCCNDCDLPA-UHFFFAOYSA-N,王不留行
WBLX-035,3-阿拉伯糖葡糖基槲皮素,Peltatoside,23284-18-6,596.4940 ,C26H28O16,,黄酮类,OC1=CC(C(OC2=C(C3=O)C(O)=CC(O)=C2)=C3O[C@H]4[C@H](O)[C@@H](O)[C@H](O)[C@@H](CO[C@H]5[C@H](O)[C@@H](O)[C@@H](O)CO5)O4)=CC=C1O,"InChI=1S/C26H28O16/c27-9-4-12(30)16-14(5-9)40-23(8-1-2-10(28)11(29)3-8)24(19(16)34)42-26-22(37)20(35)18(33)15(41-26)7-39-25-21(36)17(32)13(31)6-38-25/h1-5,13,15,17-18,20-22,25-33,35-37H,6-7H2/t13-,15+,17-,18+,20-,21+,22+,25-,26-/m0/s1",YNMFDPCLPIMRFD-KSPKLRDJSA-N,王不留行
WBLX-036,,Hydroginkgolinic acid,/,334.5000 ,C21H34O3,,酚酸,OC(C1=C(O)C=CC=C1CCCCCCCCCCCCCC)=O,"InChI=1S/C21H34O3/c1-2-3-4-5-6-7-8-9-10-11-12-13-15-18-16-14-17-19(22)20(18)21(23)24/h14,16-17,22H,2-13,15H2,1H3,(H,23,24)",DNTSXRMSSGNLFL-UHFFFAOYSA-N,王不留行
WBLX-037,王不留行环肽 A,Segetalin A,161875-97-4,609.7280 ,C31H43N7O6,,氨基酸,CC(C1NC(C2CCCN2C(C(C(C)C)NC(CNC(C(NC(C(NC1=O)CC3=C4C=CC=CC4N=C3)=O)C)=O)=O)=O)=O)C,"InChI=1S/C31H43N7O6/c1-16(2)25-30(43)35-22(13-19-14-32-21-10-7-6-9-20(19)21)28(41)34-18(5)27(40)33-15-24(39)36-26(17(3)4)31(44)38-12-8-11-23(38)29(42)37-25/h6-7,9-10,14,16-18,21-23,25-26H,8,11-13,15H2,1-5H3,(H,33,40)(H,34,41)(H,35,43)(H,36,39)(H,37,42)",XMIYLPMQKPAXNM-UHFFFAOYSA-N,王不留行
WBLX-038,王不留行环肽 B,Segetalin B,164991-89-3,484.5570 ,C24H32N6O5,,氨基酸,C[C@H](N1)C(N[C@H](C(N[C@@H](C)C(NCC(N[C@@H](C(C)C)C1=O)=O)=O)=O)CC2=CNC3=CC=CC=C32)=O,"InChI=1S/C24H32N6O5/c1-12(2)20-24(35)28-14(4)22(33)29-18(9-15-10-25-17-8-6-5-7-16(15)17)23(34)27-13(3)21(32)26-11-19(31)30-20/h5-8,10,12-14,18,20,25H,9,11H2,1-4H3,(H,26,32)(H,27,34)(H,28,35)(H,29,33)(H,30,31)/t13-,14-,18-,20-/m0/s1",VBQDUSUKSGAFMN-OACKDKIBSA-N,王不留行
WBLX-039,,Vaccaroside C,/,1297.3980 ,C60H96O30,,三萜类,CC1(C)CC[C@]2(C(O[C@H]3[C@H](O)[C@@H](O[C@H]4[C@H](O)[C@@H](O)[C@H](O)[C@@H](CO)O4)[C@H](O)[C@@H](CO[C@H]5[C@H](O[C@H]6[C@H](O)[C@@H](O)[C@H](O)[C@@H](CO)O6)[C@@H](O)[C@H](O)[C@@H](CO)O5)O3)=O)CC[C@@]7(C)[C@]8(C)CC[C@@]9([H])[C@](C)(C(O[C@H]%10[C@H](O)[C@@H](O)[C@H](O)[C@@H](CO)O%10)=O)[C@@H](O)CC[C@]9(C)[C@@]8([H])CC=C7[C@]2([H])C1,"InChI=1S/C60H96O30/c1-55(2)13-15-60(16-14-57(4)23(24(60)17-55)7-8-30-56(3)11-10-32(65)59(6,31(56)9-12-58(30,57)5)53(79)89-50-44(77)40(73)35(68)27(20-63)84-50)54(80)90-51-45(78)46(87-48-42(75)38(71)33(66)25(18-61)82-48)37(70)29(86-51)22-81-52-47(41(74)36(69)28(21-64)85-52)88-49-43(76)39(72)34(67)26(19-62)83-49/h7,24-52,61-78H,8-22H2,1-6H3/t24-,25+,26+,27+,28+,29+,30+,31+,32-,33+,34+,35+,36+,37+,38-,39-,40-,41-,42+,43+,44+,45+,46-,47+,48-,49-,50-,51-,52+,56+,57+,58+,59-,60-/m0/s1",SHDCOAGAKQAHTD-QDZUSAFCSA-N,王不留行
WBLX-040, ,cyclo[DL-Ala-DL-Phe-DL-Pro-Gly-DL-Leu-DL-Ser-DL-Phe],164991-91-7,719.8400 ,C37H49N7O8,,氨基酸,O=C(C(CC1=CC=CC=C1)NC(C(C)NC(C(CC2=CC=CC=C2)NC(C(CO)NC(C(CC(C)C)NC(CN3)=O)=O)=O)=O)=O)N4CCCC4C3=O,"InChI=1S/C37H49N7O8/c1-22(2)17-26-34(49)43-29(21-45)35(50)41-27(18-24-11-6-4-7-12-24)33(48)39-23(3)32(47)42-28(19-25-13-8-5-9-14-25)37(52)44-16-10-15-30(44)36(51)38-20-31(46)40-26/h4-9,11-14,22-23,26-30,45H,10,15-21H2,1-3H3,(H,38,51)(H,39,48)(H,40,46)(H,41,50)(H,42,47)(H,43,49)",VYIVDIARTLHCNH-UHFFFAOYSA-N,王不留行
WBLX-041,,Isoschisandrin,114422-18-3,432.5130 ,C24H32O7,,其他,COC1=C(OC)C=C2C(C3=C(C[C@@H](C)[C@](C)(O)C2)C(OC)=C(OC)C=C3OC)=C1OC,"InChI=1S/C24H32O7/c1-13-9-15-20(16(26-3)11-18(28-5)21(15)29-6)19-14(12-24(13,2)25)10-17(27-4)22(30-7)23(19)31-8/h10-11,13,25H,9,12H2,1-8H3/t13-,24-/m1/s1",JJJRDMMUCIOYEQ-YEBMWUKDSA-N,王不留行
WBLX-042,"[(5R,6R,7S,9R,10R,13S,17R)-17-(furan-3-yl)-7-hydroxy-4,4,8,10,13-pentamethyl-3-oxo-1,2,5,6,7,9,11,12,16,17-decahydrocyclopenta[a]phenanthren-6-yl] acetate",Meldenin,19865-83-9,454.6070 ,C28H38O5,,甾体类,CC(O[C@@H]1[C@@]2([H])C(C)(C)C(CC[C@]2(C)[C@@]3([H])CC[C@@]4(C)[C@H](C5=COC=C5)CC=C4C3(C)[C@@H]1O)=O)=O,"InChI=1S/C28H38O5/c1-16(29)33-22-23-25(2,3)21(30)10-13-27(23,5)20-9-12-26(4)18(17-11-14-32-15-17)7-8-19(26)28(20,6)24(22)31/h8,11,14-15,18,20,22-24,31H,7,9-10,12-13H2,1-6H3/t18-,20+,22+,23-,24+,26-,27+,28?/m0/s1",KKBYMJHRFVZUIQ-SAGQAIRCSA-N,王不留行
WBLX-043,,Sapxanthone,126622-58-0,542.6250 ,C30H38O9,,蒽醌类,O=C1C2=C(O)C=C(OC)C=C2OC3=C1C(O)=C(/C=C\COC(CCCCCC(O)CCCCC)=O)C=C3OC,"InChI=1S/C30H38O9/c1-4-5-7-12-20(31)13-8-6-9-14-25(33)38-15-10-11-19-16-24(37-3)30-27(28(19)34)29(35)26-22(32)17-21(36-2)18-23(26)39-30/h10-11,16-18,20,31-32,34H,4-9,12-15H2,1-3H3/b11-10-",XHMQNLOGSICKAT-KHPPLWFESA-N,王不留行
WBLX-044,槲皮素,Quercetin,117-39-5,302.2380 ,C15H10O7,,黄酮类,O=C1C(O)=C(C2=CC=C(O)C(O)=C2)OC3=C1C(O)=CC(O)=C3,"InChI=1S/C15H10O7/c16-7-4-10(19)12-11(5-7)22-15(14(21)13(12)20)6-1-2-8(17)9(18)3-6/h1-5,16-19,21H",REFJWTPEDVJJIY-UHFFFAOYSA-N,王不留行
WBLX-045,腺苷,Adenosine,58-61-7,267.2450 ,C10H13N5O4,,生物碱,NC1=NC=NC2=C1N=CN2[C@@H]3O[C@H](CO)[C@@H](O)[C@H]3O,"InChI=1S/C10H13N5O4/c11-8-5-9(13-2-12-8)15(3-14-5)10-7(18)6(17)4(1-16)19-10/h2-4,6-7,10,16-18H,1H2,(H2,11,12,13)/t4-,6-,7-,10-/m1/s1",OIRDTQYFTABQOQ-KQYNXXCUSA-N,王不留行
WBLX-046,腺嘌呤,Adenine,73-24-5,135.1300 ,C5H5N5,,生物碱,NC1=NC=NC2=C1N=CN2,"InChI=1S/C5H5N5/c6-4-3-5(9-1-7-3)10-2-8-4/h1-2H,(H3,6,7,8,9,10)",GFFGJBXGBJISGV-UHFFFAOYSA-N,王不留行
WBLX-047,牡荆素,Vitexin,3681-93-4,432.3810 ,C21H20O10,,黄酮类,O=C1C=C(C2=CC=C(O)C=C2)OC3=C1C(O)=CC(O)=C3[C@H]4[C@H](O)[C@@H](O)[C@H](O)[C@@H](CO)O4,"InChI=1S/C21H20O10/c22-7-14-17(27)18(28)19(29)21(31-14)16-11(25)5-10(24)15-12(26)6-13(30-20(15)16)8-1-3-9(23)4-2-8/h1-6,14,17-19,21-25,27-29H,7H2/t14-,17-,18+,19-,21+/m1/s1",SGEWCQFRYRRZDC-VPRICQMDSA-N,王不留行
WBLX-048,原儿茶酸甲酯,"Methyl 3,4-dihydroxybenzoate",2150-43-8,168.1480 ,C8H8O4,,酚酸,OC1=CC(C(OC)=O)=CC=C1O,"InChI=1S/C8H8O4/c1-12-8(11)5-2-3-6(9)7(10)4-5/h2-4,9-10H,1H3",CUFLZUDASVUNOE-UHFFFAOYSA-N,王不留行
WBLX-049,对羟基桂皮酸,4-Hydroxycinnamic acid,7400-08-0,164.1600 ,C9H8O3,,苯丙素类,O=C(O)/C=C/C1=CC=C(O)C=C1,"InChI=1S/C9H8O3/c10-8-4-1-7(2-5-8)3-6-9(11)12/h1-6,10H,(H,11,12)/b6-3+",NGSWKAQJJWESNS-ZZXKWVIFSA-N,王不留行
WBLX-050,氢化阿魏酸,3-(4-Hydroxy-3-methoxyphenyl)propanoic acid,1135-23-5,196.2020 ,C10H12O4,,苯丙素类,OC1=CC=C(CCC(O)=O)C=C1OC,"InChI=1S/C10H12O4/c1-14-9-6-7(2-4-8(9)11)3-5-10(12)13/h2,4,6,11H,3,5H2,1H3,(H,12,13)",BOLQJTPHPSDZHR-UHFFFAOYSA-N,王不留行
WBLX-051,金圣草黄素,Chryseriol,491-71-4,300.2660 ,C16H12O6,,黄酮类,O=C1C=C(C2=CC=C(O)C(OC)=C2)OC3=CC(O)=CC(O)=C13,"InChI=1S/C16H12O6/c1-21-14-4-8(2-3-10(14)18)13-7-12(20)16-11(19)5-9(17)6-15(16)22-13/h2-7,17-19H,1H3",SCZVLDHREVKTSH-UHFFFAOYSA-N,王不留行
WBLX-052,β-谷甾醇,Beta-Sitosterol,83-46-5,414.7180 ,C29H50O,,甾体类,C[C@@]1([C@]([C@@H](CC[C@@H](C(C)C)CC)C)([H])CC2)[C@]2([H])[C@@](CC=C3[C@@]4(CC[C@H](O)C3)C)([H])[C@]4([H])CC1,"InChI=1S/C29H50O/c1-7-21(19(2)3)9-8-20(4)25-12-13-26-24-11-10-22-18-23(30)14-16-28(22,5)27(24)15-17-29(25,26)6/h10,19-21,23-27,30H,7-9,11-18H2,1-6H3/t20-,21+,23+,24+,25-,26+,27+,28+,29-/m1/s1",KZJWDPNRJALLNS-FBZNIEFRSA-N,王不留行
WBLX-053,"豆甾烷-3,6-二酮","5alpha-Stigmastane-3,6-dione",22149-69-5,428.7010 ,C29H48O2,,甾体类,O=C(CC12)CC[C@]2(C)[C@@]3([H])CC[C@]4(C)[C@@H]([C@@H](CC[C@@H](CC)C(C)C)C)CC[C@@]4([H])[C@]3([H])CC1=O,"InChI=1S/C29H48O2/c1-7-20(18(2)3)9-8-19(4)23-10-11-24-22-17-27(31)26-16-21(30)12-14-29(26,6)25(22)13-15-28(23,24)5/h18-20,22-26H,7-17H2,1-6H3/t19-,20-,22+,23-,24+,25+,26?,28-,29-/m1/s1",HMMVBUVVQLUGQA-KSYQFOCASA-N,王不留行
WBLX-054,α-菠甾醇,alpha-Spinasterin,481-18-5,412.7020 ,C29H48O,,甾体类,O[C@@H]1CC2[C@@](CC1)(C)C3C(C4[C@@](CC3)(C)C([C@@H](/C=C/[C@H](CC)C(C)C)C)CC4)=CC2,"InChI=1S/C29H48O/c1-7-21(19(2)3)9-8-20(4)25-12-13-26-24-11-10-22-18-23(30)14-16-28(22,5)27(24)15-17-29(25,26)6/h8-9,11,19-23,25-27,30H,7,10,12-18H2,1-6H3/b9-8+/t20-,21+,22?,23+,25?,26?,27?,28+,29-/m1/s1",JZVFJDZBLUFKCA-URUHKJRGSA-N,王不留行
WBLX-055,齐墩果酸,Oleanolic Acid,508-02-1,456.7110 ,C30H48O3,,三萜类,[H][C@@]12[C@@](CCC(C)(C)C2)(C(O)=O)CC[C@@]3(C)[C@]4(C)CC[C@@]5([H])C(C)(C)[C@@H](O)CC[C@]5(C)[C@@]4([H])CC=C31,"InChI=1S/C30H48O3/c1-25(2)14-16-30(24(32)33)17-15-28(6)19(20(30)18-25)8-9-22-27(5)12-11-23(31)26(3,4)21(27)10-13-29(22,28)7/h8,20-23,31H,9-18H2,1-7H3,(H,32,33)/t20-,21-,22+,23-,27-,28+,29+,30-/m0/s1",MIJYXULNPSFWEK-GTOFXWBISA-N,王不留行
WBLX-056,异牡荆素-2''-O-葡萄糖苷,Meloside A,60767-80-8,594.5220 ,C27H30O15,,黄酮类,O=C(C1=C(C=C(O)C([C@H]2[C@H](O[C@H]3[C@H](O)[C@@H](O)[C@H](O)[C@@H](CO)O3)[C@@H](O)[C@H](O)[C@@H](CO)O2)=C1O)O4)C=C4C5=CC=C(O)C=C5,"InChI=1S/C27H30O15/c28-7-15-20(34)23(37)26(42-27-24(38)22(36)19(33)16(8-29)41-27)25(40-15)18-12(32)6-14-17(21(18)35)11(31)5-13(39-14)9-1-3-10(30)4-2-9/h1-6,15-16,19-20,22-30,32-38H,7-8H2/t15-,16-,19-,20-,22+,23+,24-,25+,26-,27+/m1/s1",RQTTXGQDIROLTQ-FASGCTRLSA-N,王不留行
WBLX-057,尿囊素,Allantoin,97-59-6,158.1170 ,C4H6N4O3,,生物碱,O=C(N1)C(NC(N)=O)NC1=O,"InChI=1S/C4H6N4O3/c5-3(10)6-1-2(9)8-4(11)7-1/h1H,(H3,5,6,10)(H2,7,8,9,11)",POJWUDADGALRAB-UHFFFAOYSA-N,王不留行
WBLX-058,,Vaccaroside D,/,1135.2570 ,C54H86O25,,二萜类,CC1(C)CC[C@]2(C(O[C@H]3[C@H](O)[C@@H](O[C@H]4[C@H](O)[C@@H](O)[C@H](O)[C@@H](CO)O4)[C@H](O)[C@@H](CO[C@H]5[C@H](O[C@H]6[C@H](O)[C@@H](O)[C@H](O)[C@@H](CO)O6)[C@@H](O)[C@H](O)[C@@H](CO)O5)O3)=O)CC[C@@]7(C)[C@]([C@]8([H])CC=C7[C@]2([H])C1)(C)CC[C@@]([C@]8(C)CCCO)([H])C(C(O)=O)=C,"InChI=1S/C54H86O25/c1-23(44(69)70)24-10-12-53(6)31(51(24,4)11-7-17-55)9-8-25-26-18-50(2,3)13-15-54(26,16-14-52(25,53)5)49(71)79-47-41(68)42(77-45-39(66)36(63)32(59)27(19-56)73-45)35(62)30(76-47)22-72-48-43(38(65)34(61)29(21-58)75-48)78-46-40(67)37(64)33(60)28(20-57)74-46/h8,24,26-43,45-48,55-68H,1,7,9-22H2,2-6H3,(H,69,70)/t24-,26-,27+,28+,29+,30+,31+,32+,33+,34+,35+,36-,37-,38-,39+,40+,41+,42-,43+,45-,46-,47-,48+,51-,52+,53+,54-/m0/s1",QCSJRNNSTFHPAZ-SNDIJUFTSA-N,王不留行
WBLX-059,瞿麦三萜苷 G,DianosideG,96333-09-4,973.1160 ,C48H76O20,,三萜类,O=C(C1(C)C(O)CCC2(C)C3CC=C4C5CC(C)(C)CCC5(C(O[C@H]6[C@H](O)[C@@H](O[C@H]7[C@H](O)[C@@H](O)[C@H](O)[C@@H](CO)O7)[C@H](O)[C@@H](CO[C@H]8[C@H](O)[C@@H](O)[C@H](O)[C@@H](CO)O8)O6)=O)CCC4(C)C3(C)CCC12)O,"InChI=1S/C48H76O20/c1-43(2)13-15-48(16-14-45(4)21(22(48)17-43)7-8-26-44(3)11-10-28(51)47(6,41(60)61)27(44)9-12-46(26,45)5)42(62)68-40-36(59)37(67-39-35(58)33(56)30(53)24(19-50)65-39)31(54)25(66-40)20-63-38-34(57)32(55)29(52)23(18-49)64-38/h7,22-40,49-59H,8-20H2,1-6H3,(H,60,61)/t22?,23-,24-,25-,26?,27?,28?,29-,30-,31-,32+,33+,34-,35-,36-,37+,38-,39+,40+,44?,45?,46?,47?,48?/m1/s1",IEJFXRHTMBOACN-FUDGIRNVSA-N,王不留行
WBLX-060,反式肉桂酸,Trans-Cinnamic acid,140-10-3,148.1610 ,C9H8O2,,苯丙素类,OC(/C=C/C1=CC=CC=C1)=O,"InChI=1S/C9H8O2/c10-9(11)7-6-8-4-2-1-3-5-8/h1-7H,(H,10,11)/b7-6+",WBYWAXJHAXSJNI-VOTSOKGWSA-N,王不留行
WBLX-061,王不留行环肽C,Segetalin C,/,768.9200 ,C40H52N10O6,,氨基酸,N=C([C@H](CC1=CC=CC=C1)NC2=O)N[C@@H](C)C(N[C@@H](CC3=CC=CC=C3)C(N4[C@@H](CCC4)C(NCC(N[C@H](CC(C)C)C(NC[C@@H]2C5=CN=CN5)=O)=O)=O)=O)=O,"InChI=1S/C40H52N10O6/c1-24(2)17-30-38(54)43-20-28(32-21-42-23-45-32)37(53)48-29(18-26-11-6-4-7-12-26)35(41)46-25(3)36(52)49-31(19-27-13-8-5-9-14-27)40(56)50-16-10-15-33(50)39(55)44-22-34(51)47-30/h4-9,11-14,21,23-25,28-31,33H,10,15-20,22H2,1-3H3,(H2,41,46)(H,42,45)(H,43,54)(H,44,55)(H,47,51)(H,48,53)(H,49,52)/t25-,28+,29-,30+,31-,33-/m0/s1",VTBAJGVCZSLLTA-LVYDAZAXSA-N,王不留行
WBLX-062,王不留行环肽D,Segetalin D,/,719.8400 ,C37H49N7O8,,氨基酸,O=C1C(CCC2)N2C(C(CC3=CC=CC=C3)NC(C(C)NC(C(CC4=CC=CC=C4)NC(C(CO)NC(C(CC(C)C)NC(CN1)=O)=O)=O)=O)=O)=O,"InChI=1S/C37H49N7O8/c1-22(2)17-26-34(49)43-29(21-45)35(50)41-27(18-24-11-6-4-7-12-24)33(48)39-23(3)32(47)42-28(19-25-13-8-5-9-14-25)37(52)44-16-10-15-30(44)36(51)38-20-31(46)40-26/h4-9,11-14,22-23,26-30,45H,10,15-21H2,1-3H3,(H,38,51)(H,39,48)(H,40,46)(H,41,50)(H,42,47)(H,43,49)",VYIVDIARTLHCNH-UHFFFAOYSA-N,王不留行
WBLX-063,王不留行环肽E,Segetalin E,177602-12-9,812.9690 ,C43H56N8O8,,氨基酸,O=C([C@H](CC1=CNC2=C1C=CC=C2)NC([C@H](CC(C)C)NC([C@]3([H])CCCN3C([C@H](C(C)C)NC([C@H](CC4=CC=C(O)C=C4)NC(CN5)=O)=O)=O)=O)=O)N6CCC[C@@]6([H])C5=O,"InChI=1S/C43H56N8O8/c1-24(2)19-31-38(54)48-33(21-27-22-44-30-10-6-5-9-29(27)30)42(58)50-17-7-11-34(50)40(56)45-23-36(53)46-32(20-26-13-15-28(52)16-14-26)39(55)49-37(25(3)4)43(59)51-18-8-12-35(51)41(57)47-31/h5-6,9-10,13-16,22,24-25,31-35,37,44,52H,7-8,11-12,17-21,23H2,1-4H3,(H,45,56)(H,46,53)(H,47,57)(H,48,54)(H,49,55)/t31-,32-,33-,34-,35-,37-/m0/s1",PFLNHBDSHKCNNW-OPGKZIRUSA-N,王不留行
WBLX-064,王不留行环肽F,Segetalin F,/,955.0360 ,C44H62N10O14,,氨基酸,O=C(N[C@@H](CC1=CC=CC=C1)C(N[C@H](CO)C(N[C@H](C)C(N[C@H]2CO)=O)=O)=O)[C@H](CCC3)N3C([C@H](CCCCN)NC([C@H](CO)NC([C@@H](CO)NC([C@H](CC4=CC=C(O)C=C4)NC2=O)=O)=O)=O)=O,"InChI=1S/C44H62N10O14/c1-24-36(60)50-32(21-56)41(65)48-29(19-26-12-14-27(59)15-13-26)37(61)52-34(23-58)42(66)53-33(22-57)40(64)47-28(10-5-6-16-45)44(68)54-17-7-11-35(54)43(67)49-30(18-25-8-3-2-4-9-25)38(62)51-31(20-55)39(63)46-24/h2-4,8-9,12-15,24,28-35,55-59H,5-7,10-11,16-23,45H2,1H3,(H,46,63)(H,47,64)(H,48,65)(H,49,67)(H,50,60)(H,51,62)(H,52,61)(H,53,66)/t24-,28+,29+,30+,31-,32+,33+,34-,35+/m1/s1",QYSGNPGQHBJPMD-LMBJNRBZSA-N,王不留行
WBLX-065,王不留行环肽G,Segetalin G,/,518.6150 ,C25H38N6O6,,氨基酸,O=C(N[C@@H](C)C(N[C@@H](CC1=CC=C(O)C=C1)C(N[C@H]2CCCCN)=O)=O)CNC(C(C(C)C)NC2=O)=O,"InChI=1S/C25H38N6O6/c1-14(2)21-25(37)27-13-20(33)28-15(3)22(34)30-19(12-16-7-9-17(32)10-8-16)24(36)29-18(23(35)31-21)6-4-5-11-26/h7-10,14-15,18-19,21,32H,4-6,11-13,26H2,1-3H3,(H,27,37)(H,28,33)(H,29,36)(H,30,34)(H,31,35)/t15-,18-,19-,21?/m0/s1",FLONTJXJXTWUBU-MKBFOZKYSA-N,王不留行
WBLX-066,王不留行环肽H,Segetalin H,/,594.6730 ,C29H38N8O6,,氨基酸,O=C(NCC(N[C@@H](CC1=CC=C(O)C=C1)C(NC2CCNC(N)=N)=O)=O)[C@H](CC)NC([C@H](CC3=CC=CC=C3)NC2=O)=O,"InChI=1S/C29H38N8O6/c1-2-20-25(40)33-16-24(39)34-22(15-18-8-10-19(38)11-9-18)27(42)36-21(12-13-32-29(30)31)26(41)37-23(28(43)35-20)14-17-6-4-3-5-7-17/h3-11,20-23,38H,2,12-16H2,1H3,(H,33,40)(H,34,39)(H,35,43)(H,36,42)(H,37,41)(H4,30,31,32)/t20-,21?,22-,23-/m0/s1",YZFFXNCWPDMHHI-XBBFSJMHSA-N,王不留行
WBLX-067,芦丁,Rutin,153-18-4,610.5210 ,C27H30O16,,黄酮类,OC1=CC(O)=CC2=C1C(C(O[C@H]3[C@H](O)[C@@H](O)[C@H](O)[C@@H](CO[C@H]4[C@H](O)[C@H](O)[C@@H](O)[C@H](C)O4)O3)=C(C5=CC(O)=C(O)C=C5)O2)=O,"InChI=1S/C27H30O16/c1-8-17(32)20(35)22(37)26(40-8)39-7-15-18(33)21(36)23(38)27(42-15)43-25-19(34)16-13(31)5-10(28)6-14(16)41-24(25)9-2-3-11(29)12(30)4-9/h2-6,8,15,17-18,20-23,26-33,35-38H,7H2,1H3/t8-,15+,17-,18+,20+,21-,22+,23+,26+,27-/m0/s1",IKGXIBQEEMLURG-NVPNHPEKSA-N,王不留行
WBLX-068,绿原酸,Chlorogenic acid,327-97-9,354.3110 ,C16H18O9,,苯丙素类,O=C(/C=C/C1=CC(O)=C(O)C=C1)O[C@H]2[C@H](O)[C@H](O)C[C@](C(O)=O)(O)C2,"InChI=1S/C16H18O9/c17-9-3-1-8(5-10(9)18)2-4-13(20)25-12-7-16(24,15(22)23)6-11(19)14(12)21/h1-5,11-12,14,17-19,21,24H,6-7H2,(H,22,23)/b4-2+/t11-,12-,14-,16+/m1/s1",CWVRJTMFETXNAD-JUHZACGLSA-N,王不留行
WBLX-069,5-羟甲基糠醛,5-Hydroxymethylfurfural,67-47-0,126.1110 ,C6H6O3,,挥发油,OCC1=CC=C(C=O)O1,"InChI=1S/C6H6O3/c7-3-5-1-2-6(4-8)9-5/h1-3,8H,4H2",NOEGNKMFWQHSLB-UHFFFAOYSA-N,王不留行
WBLX-070,原儿茶酸,Protocatechuic acid,99-50-3,154.1210 ,C7H6O4,,酚酸,OC1=CC=C(C(O)=O)C=C1O,"InChI=1S/C7H6O4/c8-5-2-1-4(7(10)11)3-6(5)9/h1-3,8-9H,(H,10,11)",YQUVCSBJEUQKSH-UHFFFAOYSA-N,王不留行
WBLX-071,异牡荆素-2"-O-阿拉伯糖苷,Isovitexin 2''-O-arabinoside,53382-71-1,564.4960 ,C26H28O14,,黄酮类,O=C1C=C(C2=CC=C(O)C=C2)OC3=C1C(O)=C([C@H]4[C@H](O[C@H]5[C@H](O)[C@@H](O)[C@@H](O)CO5)[C@@H](O)[C@H](O)[C@@H](CO)O4)C(O)=C3,"InChI=1S/C26H28O14/c27-7-16-20(33)22(35)25(40-26-23(36)19(32)13(31)8-37-26)24(39-16)18-12(30)6-15-17(21(18)34)11(29)5-14(38-15)9-1-3-10(28)4-2-9/h1-6,13,16,19-20,22-28,30-36H,7-8H2/t13-,16+,19-,20+,22-,23+,24-,25+,26-/m0/s1",ACRIYYKEWCXQOS-XAYOXWHSSA-N,王不留行
WBLX-072,王不留行黄酮苷E, Vaccarin E,2252345-81-4,904.8240 ,C42H48O22,,黄酮类,OC1=C2C(C=C(OC2=CC(O[C@H]3[C@H](O)[C@@H](O)[C@H](O)[C@@H](COC(CCC(C=C4OC)=CC=C4O)=O)O3)=C1[C@H]5[C@H](O[C@H]6[C@H](O)[C@@H](O)[C@@H](O)CO6)[C@@H](O)[C@H](O)[C@@H](CO)O5)C(C=C7)=CC=C7O)=O,"InChI=1S/C42H48O22/c1-57-23-10-16(2-8-19(23)45)3-9-28(48)58-15-27-33(51)35(53)38(56)42(63-27)62-25-12-24-29(20(46)11-22(60-24)17-4-6-18(44)7-5-17)34(52)30(25)39-40(36(54)32(50)26(13-43)61-39)64-41-37(55)31(49)21(47)14-59-41/h2,4-8,10-12,21,26-27,31-33,35-45,47,49-56H,3,9,13-15H2,1H3/t21-,26+,27+,31-,32+,33+,35-,36-,37+,38+,39-,40+,41-,42+/m0/s1",CIVMKCGGDCNCEA-XSTIHWQGSA-N,王不留行
WBLX-073,"芹 菜 素 -6-C-β-D葡 萄 糖 -7-O-（6""-O- 氢 化 阿 魏 酸）-β-D- 葡
萄糖苷",,/,772.7090 ,C37H40O18,,黄酮类,OC1=C2C(C=C(OC2=CC(O[C@H]3[C@@H](O)[C@@H](O)[C@H](O)[C@@H](COC(CCC(C=C4OC)=CC=C4O)=O)O3)=C1[C@H]5[C@H](O)[C@@H](O)[C@H](O)[C@@H](CO)O5)C(C=C6)=CC=C6O)=O,"InChI=1S/C37H40O18/c1-50-21-10-15(2-8-18(21)40)3-9-26(42)51-14-25-30(44)33(47)35(49)37(55-25)54-23-12-22-27(19(41)11-20(52-22)16-4-6-17(39)7-5-16)31(45)28(23)36-34(48)32(46)29(43)24(13-38)53-36/h2,4-8,10-12,24-25,29-30,32-40,43-49H,3,9,13-14H2,1H3/t24-,25-,29-,30-,32+,33+,34-,35+,36+,37-/m1/s1",MXAUSJZNQGQAGY-XBRIENMSSA-N,王不留行
WBLX-074,,Segetoside L,/,1267.4160 , C60H98O28,,三萜类,CC1(C)CC[C@]2(C(O[C@H]3[C@H](O)[C@@H](O)[C@H](O)[C@@H](CO[C@H]4[C@H](O)[C@@H](O)[C@H](O)[C@@H](CO)O4)O3)=O)CC[C@@]5(C)[C@]6(C)CCC7C(C)(C)[C@@H](O[C@H]8[C@H](O[C@H]9[C@H](O)[C@@H](O)[C@@H](O)[C@@H](CO)O9)[C@@H](O[C@H]%10[C@H](O)[C@@H](O)[C@H](O)[C@@H](CO)O%10)[C@@H](O)[C@@H](CO)O8)CC[C@]7(C)C6CC=C5C2C1,"InChI=1S/C60H98O28/c1-55(2)14-16-60(54(78)88-52-46(77)42(73)37(68)30(84-52)23-79-49-43(74)39(70)34(65)26(19-61)80-49)17-15-58(6)24(25(60)18-55)8-9-32-57(5)12-11-33(56(3,4)31(57)10-13-59(32,58)7)85-53-48(87-51-45(76)41(72)36(67)28(21-63)82-51)47(38(69)29(22-64)83-53)86-50-44(75)40(71)35(66)27(20-62)81-50/h8,25-53,61-77H,9-23H2,1-7H3/t25?,26-,27-,28-,29-,30-,31?,32?,33+,34-,35-,36+,37-,38+,39+,40+,41+,42+,43-,44-,45-,46-,47+,48-,49-,50+,51+,52+,53+,57+,58-,59-,60+/m1/s1",FKAZHUNYIBOHGO-YPAHDSCZSA-N,王不留行
WBLX-075, ,"Stigmast-7,22-dien-3-ol-3β-O-(β-D-glucopyranoside)",/,560.8160 ,C34H56O6,,甾体类,CC(C)C(CC)/C=C/CC(CC1)[C@]2(C)C1C3=CCC4C[C@@H](O[C@H]5[C@H](O)[C@@H](O)[C@H](O)[C@@H](CO)O5)CC[C@]4(C)C3CC2,"InChI=1S/C34H56O6/c1-6-21(20(2)3)8-7-9-22-11-13-26-25-12-10-23-18-24(14-16-34(23,5)27(25)15-17-33(22,26)4)39-32-31(38)30(37)29(36)28(19-35)40-32/h7-8,12,20-24,26-32,35-38H,6,9-11,13-19H2,1-5H3/b8-7+/t21?,22?,23?,24-,26?,27?,28+,29+,30-,31+,32+,33+,34-/m0/s1",MDQVAAHAUSQWMA-UJSJJQKJSA-N,王不留行
WBLX-076,鸟苷,Guanosine,118-00-3,283.2440 , C10H13N5O5,,生物碱,OC[C@H](O[C@H](N1C=NC2=C1N=C(N)N=C2O)[C@H]3O)[C@@H]3O,"InChI=1S/C10H13N5O5/c11-10-13-7-4(8(19)14-10)12-2-15(7)9-6(18)5(17)3(1-16)20-9/h2-3,5-6,9,16-18H,1H2,(H3,11,13,14,19)/t3-,5-,6-,9-/m0/s1",NYHBQMYGNKIUIF-GIMIYPNGSA-N,王不留行
WBLX-077,蔗糖, Sucrose,57-50-1,342.2970 ,C12H22O11,,糖苷类,O[C@@H]1[C@@H](O)[C@H](O)[C@@H](CO)O[C@@H]1[C@@]2(CO)[C@@H](O)[C@H](O)[C@H](CO)O2,"InChI=1S/C12H22O10/c13-1-4-6(16)8(18)9(19)11(21-4)12(3-15)10(20)7(17)5(2-14)22-12/h4-11,13-20H,1-3H2/t4-,5+,6-,7-,8+,9-,10+,11+,12-/m1/s1",MKIYIZIXFDTSQR-UGLSMSMASA-N,王不留行
WBLX-078, α-亚麻酸,Linolenic Acid,463-40-1,278.4360 ,C18H30O2,,脂肪酸,O=C(O)CCCCCCC/C=C\C/C=C\C/C=C\CC,"InChI=1S/C18H30O2/c1-2-3-4-5-6-7-8-9-10-11-12-13-14-15-16-17-18(19)20/h3-4,6-7,9-10H,2,5,8,11-17H2,1H3,(H,19,20)/b4-3-,7-6-,10-9-",DTOSIQBPPRVQHS-PDBXOOCHSA-N,王不留行
WBLX-079,6-N-甲基腺苷,6-N-methyla-denosine,/,281.2720 ,C11H15N5O4,,生物碱,OC[C@@H]1[C@H]([C@H]([C@H](N2C=NC3=C(N=CN=C32)NC)O1)O)O,"InChI=1S/C11H15N5O4/c1-12-9-6-10(14-3-13-9)16(4-15-6)11-8(19)7(18)5(2-17)20-11/h3-5,7-8,11,17-19H,2H2,1H3,(H,12,13,14)/t5-,7-,8-,11-/m1/s1",VQAYFKKCNSOZKM-IOSLPCCCSA-N,王不留行
WBLX-080,,Tetracosanoic acid,/,368.6460 ,C24H48O2,,脂肪酸,CCCCCCCCCCCCCCCCCCCCCCCC(O)=O,"InChI=1S/C24H48O2/c1-2-3-4-5-6-7-8-9-10-11-12-13-14-15-16-17-18-19-20-21-22-23-24(25)26/h2-23H2,1H3,(H,25,26)",QZZGJDVWLFXDLK-UHFFFAOYSA-N,王不留行
WBLX-081,洋芹素-6-C-阿拉伯糖-葡萄糖苷, ,/,564.4960 ,C26H28O14,,黄酮类,OC1=C(C(C=C(C2=CC=C(O)C=C2)O3)=O)C3=CC(O)=C1[C@H]4[C@H](O)[C@@H](O)[C@@H](O)[C@@H]([C@H]5[C@H](O)[C@@H](O)[C@H](O)[C@@H](CO)O5)O4,"InChI=1S/C26H28O14/c27-7-14-17(31)19(33)22(36)25(39-14)26-23(37)20(34)21(35)24(40-26)16-11(30)6-13-15(18(16)32)10(29)5-12(38-13)8-1-3-9(28)4-2-8/h1-6,14,17,19-28,30-37H,7H2/t14-,17-,19+,20-,21-,22-,23-,24+,25-,26+/m1/s1",OPSYJRUEDJDYAI-ATJNOABFSA-N,王不留行
WBLX-082,洋芹素-6-C-双葡萄糖苷,,/,594.5220 ,C27H30O15,,黄酮类,OC1=C(C(C=C(C2=CC=C(O)C=C2)O3)=O)C3=CC(O)=C1[C@H]4[C@H](O)[C@@H](O)[C@H](O)[C@@H](CO[C@H]5[C@H](O)[C@@H](O)[C@H](O)[C@@H](CO)O5)O4,"InChI=1S/C27H30O15/c28-7-15-19(32)23(36)25(38)27(42-15)39-8-16-20(33)22(35)24(37)26(41-16)18-12(31)6-14-17(21(18)34)11(30)5-13(40-14)9-1-3-10(29)4-2-9/h1-6,15-16,19-20,22-29,31-38H,7-8H2/t15-,16-,19-,20-,22+,23+,24-,25-,26+,27-/m1/s1",QBRPMUNMCISYMM-KETMJRJWSA-N,王不留行
WBLX-083,邻苯二甲酸二丁酯,Dibutyl Phthalate,84-74-2,278.3480 ,C16H22O4,,酚酸,O=C(OCCCC)C1=CC=CC=C1C(OCCCC)=O,"InChI=1S/C16H22O4/c1-3-5-11-19-15(17)13-9-7-8-10-14(13)16(18)20-12-6-4-2/h7-10H,3-6,11-12H2,1-2H3",DOIRQSBPFJWKBE-UHFFFAOYSA-N,王不留行
WBLX-084,甲氧基对羟基苯二酚,,/,140.1380 ,C7H8O3,,其他,OC1=CC=C(OC)C=C1O,"InChI=1S/C7H8O3/c1-10-5-2-3-6(8)7(9)4-5/h2-4,8-9H,1H3",JXZABYGWFNGNLB-UHFFFAOYSA-N,王不留行
WBLX-085, 山奈酚,Kaempferol,520-18-3,286.2390 , C15H10O6,,黄酮类,O=C1C(C(O)=CC(O)=C2)=C2OC(C3=CC=C(O)C=C3)=C1O,"InChI=1S/C15H10O6/c16-8-3-1-7(2-4-8)15-14(20)13(19)12-10(18)5-9(17)6-11(12)21-15/h1-6,16-18,20H",IYRMWMYZSQPJKC-UHFFFAOYSA-N,王不留行
WBLX-086,王不留行黄酮苷H,Vaccarin H,/,904.8240 , C42H48O22,,黄酮类,OC1=C([C@H]2[C@H](O[C@H]3[C@H](O)[C@@H](O)[C@@H](O)CO3)[C@@H](O)[C@H](O)[C@@H](CO)O2)C(O)=C4C(C=C(OC4=C1)C(C=C5)=CC=C5O[C@H]6[C@H](O)[C@@H](O)[C@H](O)[C@@H](COC(CCC(C=C7OC)=CC=C7O)=O)O6)=O,"InChI=1S/C42H48O22/c1-57-24-10-16(2-8-19(24)44)3-9-28(48)58-15-27-33(51)35(53)38(56)42(63-27)60-18-6-4-17(5-7-18)23-11-20(45)29-25(61-23)12-21(46)30(34(29)52)39-40(36(54)32(50)26(13-43)62-39)64-41-37(55)31(49)22(47)14-59-41/h2,4-8,10-12,22,26-27,31-33,35-44,46-47,49-56H,3,9,13-15H2,1H3/t22-,26+,27+,31-,32+,33+,35-,36-,37+,38+,39-,40+,41-,42+/m0/s1",UTFAXIRRYBPUEP-WNMITQTASA-N,王不留行
WBLX-087,,Apigenin-6-glucosylglukoside,/,594.5220 ,C27H30O15,,黄酮类,O[C@@H]1[C@@H](O)[C@H](O)[C@@H](CO)O[C@H]1O[C@@H]2[C@@H](O)[C@H](O)[C@@H](CO)O[C@H]2C3=C(O)C(C(C=C(C4=CC=C(O)C=C4)O5)=O)=C5C=C3O,"InChI=1S/C27H30O15/c28-7-15-20(34)23(37)26(42-27-24(38)22(36)19(33)16(8-29)41-27)25(40-15)18-12(32)6-14-17(21(18)35)11(31)5-13(39-14)9-1-3-10(30)4-2-9/h1-6,15-16,19-20,22-30,32-38H,7-8H2/t15-,16-,19-,20-,22+,23+,24-,25+,26-,27+/m1/s1",RQTTXGQDIROLTQ-FASGCTRLSA-N,王不留行
WBLX-088," 豆甾-7, 22-二烯-3-酮","Stigmasta－7,22－dien－3-one",/,410.6860 ,C29H46O,,甾体类,O=C1CC[C@]2(C)[C@@]3([H])CC[C@]4(C)C([C@@H](/C=C/[C@H](CC)C(C)C)C)CC[C@@]4([H])C3=CCC2C1,"InChI=1S/C29H46O/c1-7-21(19(2)3)9-8-20(4)25-12-13-26-24-11-10-22-18-23(30)14-16-28(22,5)27(24)15-17-29(25,26)6/h8-9,11,19-22,25-27H,7,10,12-18H2,1-6H3/b9-8+/t20-,21+,22?,25?,26+,27+,28+,29-/m1/s1",DZUAZCZFSVNHEF-MEMTVFKDSA-N,王不留行
WBLX-089,,"N,N-dimethyl-L-tryptophan", 2812-40-0,232.2830 ,C13H16N2O2,,生物碱,CN(C)[C@H](C(O)=O)CC1=CNC2=CC=CC=C21,"InChI=1S/C13H16N2O2/c1-15(2)12(13(16)17)7-9-8-14-11-6-4-3-5-10(9)11/h3-6,8,12,14H,7H2,1-2H3,(H,16,17)/t12-/m0/s1",SOSHNYKNINOSTB-LBPRGKRZSA-N,王不留行
WBLX-090,,"Stigmast-7,22-dien-3-ol",/,398.6750 , C28H46O,,甾体类,CC(C)C(CC)/C=C/CC(CC1)[C@]2(C)C1C3=CCC4C[C@@H](O)CC[C@]4(C)C3CC2,"InChI=1S/C28H46O/c1-6-20(19(2)3)8-7-9-21-11-13-25-24-12-10-22-18-23(29)14-16-28(22,5)26(24)15-17-27(21,25)4/h7-8,12,19-23,25-26,29H,6,9-11,13-18H2,1-5H3/b8-7+/t20?,21?,22?,23-,25?,26?,27+,28-/m0/s1",UGAXALQXFCGHJB-JUWFGRNSSA-N,王不留行
WBLX-091, 羊毛甾醇,Lanosterol,79-63-0,426.7290 , C30H50O,,甾体类,C/C(C)=C\CC[C@@H](C)[C@](CC1)([H])[C@](CC2)(C)[C@]1(C)C3=C2[C@]4(C)[C@](CC3)([H])C(C)(C)[C@@H](O)CC4,"InChI=1S/C30H50O/c1-20(2)10-9-11-21(3)22-14-18-30(8)24-12-13-25-27(4,5)26(31)16-17-28(25,6)23(24)15-19-29(22,30)7/h10,21-22,25-26,31H,9,11-19H2,1-8H3/t21-,22-,25+,26+,28-,29-,30+/m1/s1",CAHGCLMLTWQZNJ-BQNIITSRSA-N,王不留行
WBLX-092, 薯蓣皂素, Diosgenin,"512-04-9
",414.6300 ,C27H42O3,,甾体类,[H][C@]1(C[C@@]2([H])[C@]3([H])[C@H](C)[C@@]4(CC[C@H](C)CO4)O2)[C@]5([H])CC=C6C[C@@H](O)CC[C@]6(C)[C@@]5([H])CC[C@@]13C,"InChI=1S/C27H42O3/c1-16-7-12-27(29-15-16)17(2)24-23(30-27)14-22-20-6-5-18-13-19(28)8-10-25(18,3)21(20)9-11-26(22,24)4/h5,16-17,19-24,28H,6-15H2,1-4H3/t16-,17-,19-,20+,21-,22-,23-,24-,25-,26-,27+/m0/s1",WQLVFSAGQJTQCK-CAKNJAFZSA-N,王不留行
WBLX-093,,Vaccariose,/,474.4120 ,C17H30O15,,其他,O[C@@H]1[C@@H](O[C@H]2[C@H](O)C[C@H](O[C@@H]3[C@@H](O)[C@H](O)O[C@H](CO)[C@H]3O)[C@@H](O)O2)[C@H](O)[C@@H](CO)O[C@H]1O,"InChI=1S/C17H30O15/c18-2-6-8(21)12(10(23)15(26)29-6)28-5-1-4(20)17(32-14(5)25)31-13-9(22)7(3-19)30-16(27)11(13)24/h4-27H,1-3H2/t4-,5+,6-,7-,8-,9-,10-,11-,12+,13+,14+,15-,16-,17-/m1/s1",RMKMKJBALANTHC-RDWOISKMSA-N,王不留行
WBLX-094, 磷酸异丙酯,Hydro ferulic acid, 1135-23-5,196.2020 ,C10H12O4,,苯丙素类,OC1=CC=C(CCC(O)=O)C=C1OC,"InChI=1S/C10H12O4/c1-14-9-6-7(2-4-8(9)11)3-5-10(12)13/h2,4,6,11H,3,5H2,1H3,(H,12,13)",BOLQJTPHPSDZHR-UHFFFAOYSA-N,王不留行
WBLX-095,香豆素, Coumarin,91-64-5,146.1450 ,C9H6O2,,香豆素,O=C1C=CC2=CC=CC=C2O1,InChI=1S/C9H6O2/c10-9-6-5-7-3-1-2-4-8(7)11-9/h1-6H,ZYGHJZDHTFUPRJ-UHFFFAOYSA-N,王不留行
WBLX-096,,2-Carboxyarabinitol,/,196.1550 ,C6H12O7,,其他,OC[C@@]([C@H]([C@H](CO)O)O)(C(O)=O)O,"InChI=1S/C6H12O7/c7-1-3(9)4(10)6(13,2-8)5(11)12/h3-4,7-10,13H,1-2H2,(H,11,12)/t3-,4-,6+/m0/s1",XONDRGRALZTVKD-RVJQKOHUSA-N,王不留行
WBLX-097, 柠檬酸,Citric Acid, 77-92-9,192.1230 ,C6H8O7,,其他,OC(CC(CC(O)=O)(O)C(O)=O)=O,"InChI=1S/C6H8O7/c7-3(8)1-6(13,5(11)12)2-4(9)10/h13H,1-2H2,(H,7,8)(H,9,10)(H,11,12)",KRKNYBCHXYNGOX-UHFFFAOYSA-N,王不留行
WBLX-098, 黄嘌呤核苷,Xanthosine,146-80-5,284.2280 ,C10H12N4O6,,生物碱,O=C1C(N=CN2[C@@H]3[C@@H](O)[C@@H](O)[C@H](CO)O3)=C2NC(N1)=O,"InChI=1S/C10H12N4O6/c15-1-3-5(16)6(17)9(20-3)14-2-11-4-7(14)12-10(19)13-8(4)18/h2-3,5-6,9,15-17H,1H2,(H2,12,13,18,19)/t3-,5-,6-,9-/m0/s1",UBORTCNDUKBEOP-GIMIYPNGSA-N,王不留行
WBLX-099, 3-丁烯基硫代葡萄糖苷, Gluconapin,19041-09-9,373.3910 , C11H19NO9S2,,糖苷类,C=CCC/C(S[C@H]1[C@H](O)[C@@H](O)[C@H](O)[C@@H](CO)O1)=N/OS(O)(=O)=O,"InChI=1S/C11H19NO9S2/c1-2-3-4-7(12-21-23(17,18)19)22-11-10(16)9(15)8(14)6(5-13)20-11/h2,6,8-11,13-16H,1,3-5H2,(H,17,18,19)/b12-7-/t6-,8-,9+,10-,11+/m1/s1",PLYQBXHVYUJNQB-IIPHORNXSA-N,王不留行
WBLX-100, L-色氨酸,Tryptophan,73-22-3,204.2290 , C11H12N2O2,,氨基酸,O=C(O)[C@H](N)CC1=CNC2=CC=CC=C21,"InChI=1S/C11H12N2O2/c12-9(11(14)15)5-7-6-13-10-4-2-1-3-8(7)10/h1-4,6,9,13H,5,12H2,(H,14,15)/t9-/m1/s1",QIVBCDIJIAJPQS-SECBINFHSA-N,王不留行
WBLX-101, 对羟基苯甲酸,"P-hydroxybenzoic
acid",99-96-7,138.1220 , C7H6O3,,其他,OC1=CC=C(C(O)=O)C=C1,"InChI=1S/C7H6O3/c8-6-3-1-5(2-4-6)7(9)10/h1-4,8H,(H,9,10)",FJKROLUGYXJWQN-UHFFFAOYSA-N,王不留行
WBLX-102,,Acretoside,/,488.4420 ,C21H28O13,,苯丙素类,OC1=CC=C(C=C1)/C=C/C(OC[C@H]2O[C@@H](O[C@@]3(CO)[C@@H](O)[C@H](O)[C@@H](CO)O3)[C@H](O)[C@@H](O)[C@@H]2O)=O,"InChI=1S/C21H28O13/c22-7-12-16(27)19(30)21(9-23,33-12)34-20-18(29)17(28)15(26)13(32-20)8-31-14(25)6-3-10-1-4-11(24)5-2-10/h1-6,12-13,15-20,22-24,26-30H,7-9H2/b6-3+/t12-,13-,15-,16-,17+,18-,19+,20+,21+/m1/s1",PQYVXRPPFDHTSV-JZSCRDCFSA-N,王不留行
WBLX-103,,"Apigenin
6-C-diglucoside",/,594.5220 ,C27H30O15,,黄酮类,O=C1C=C(C2=CC=C(O)C=C2)OC3=C1C(O)=C([C@H]4[C@H](O[C@H]5[C@H](O)[C@@H](O)[C@H](O)[C@@H](CO)O5)[C@@H](O)[C@H](O)[C@@H](CO)O4)C(O)=C3,"InChI=1S/C27H30O15/c28-7-15-20(34)23(37)26(42-27-24(38)22(36)19(33)16(8-29)41-27)25(40-15)18-12(32)6-14-17(21(18)35)11(31)5-13(39-14)9-1-3-10(30)4-2-9/h1-6,15-16,19-20,22-30,32-38H,7-8H2/t15-,16-,19-,20-,22+,23+,24-,25+,26-,27+/m1/s1",RQTTXGQDIROLTQ-FASGCTRLSA-N,王不留行
WBLX-104,,Vaccaroside A,/,1135.2570 , C54H86O25,,三萜类,CC1(C)CC[C@]2(C(O[C@H]3[C@H](O)[C@@H](O[C@H]4[C@H](O)[C@@H](O)[C@H](O)[C@@H](CO)O4)[C@H](O)[C@@H](CO[C@H]5[C@H](O[C@H]6[C@H](O)[C@@H](O)[C@H](O)[C@@H](CO)O6)[C@@H](O)[C@H](O)[C@@H](CO)O5)O3)=O)CC[C@@]7(C)[C@]8(C)CC[C@@]9([H])[C@](C)(C(O)=O)[C@@H](O)CC[C@]9(C)[C@@]8([H])CC=C7[C@]2([H])C1,"InChI=1S/C54H86O25/c1-49(2)13-15-54(16-14-51(4)22(23(54)17-49)7-8-28-50(3)11-10-30(58)53(6,47(69)70)29(50)9-12-52(28,51)5)48(71)79-45-40(68)41(77-43-38(66)35(63)31(59)24(18-55)73-43)34(62)27(76-45)21-72-46-42(37(65)33(61)26(20-57)75-46)78-44-39(67)36(64)32(60)25(19-56)74-44/h7,23-46,55-68H,8-21H2,1-6H3,(H,69,70)/t23-,24+,25+,26+,27+,28+,29+,30-,31+,32+,33+,34+,35-,36-,37-,38+,39+,40+,41-,42+,43-,44-,45-,46+,50+,51+,52+,53-,54-/m0/s1",IVOKGTCMOJXNCF-FHEJOWGISA-N,王不留行
WBLX-105,,Esterified vaccarin,/,904.8240 ,C42H48O22,,黄酮类,OC1=C([C@H]2[C@H](O[C@H]3[C@H](O)[C@@H](O)[C@@H](O)CO3)[C@@H](O)[C@H](O)[C@@H](COC(CCC(C=C4OC)=CC=C4O)=O)O2)C(O)=C5C(C=C(OC5=C1)C(C=C6)=CC=C6O[C@H]7[C@H](O)[C@@H](O)[C@H](O)[C@@H](CO)O7)=O,"InChI=1S/C42H48O22/c1-57-24-10-16(2-8-19(24)44)3-9-28(48)58-15-27-33(51)36(54)40(64-41-37(55)31(49)22(47)14-59-41)39(62-27)30-21(46)12-25-29(34(30)52)20(45)11-23(61-25)17-4-6-18(7-5-17)60-42-38(56)35(53)32(50)26(13-43)63-42/h2,4-8,10-12,22,26-27,31-33,35-44,46-47,49-56H,3,9,13-15H2,1H3/t22-,26+,27+,31-,32+,33+,35-,36-,37+,38+,39-,40+,41-,42+/m0/s1",BQOJONYEFJEINJ-WNMITQTASA-N,王不留行
WBLX-106,豆甾-1，5-二烯-3-醇,,/,412.7020 ,C29H48O,,甾体类,C[C@@]12C([C@@H](CC[C@@H](CC)C(C)C)C)CCC1C3CC=C4C[C@@H](O)C=C[C@]4(C)C3CC2,"InChI=1S/C29H48O/c1-7-21(19(2)3)9-8-20(4)25-12-13-26-24-11-10-22-18-23(30)14-16-28(22,5)27(24)15-17-29(25,26)6/h10,14,16,19-21,23-27,30H,7-9,11-13,15,17-18H2,1-6H3/t20-,21-,23+,24?,25?,26?,27?,28+,29-/m1/s1",BDCFUHIWJODVNG-UIKPJUSWSA-N,王不留行
WBLX-107,N-(3-甲氧基-4-羟基苯乙基）正二十四烷酸酰胺, ,/,517.8390 , C33H59NO3,,其他,OC1=C(OC)C=C(CCNC(CCCCCCCCCCCCCCCCCCCCCCC)=O)C=C1,"InChI=1S/C33H59NO3/c1-3-4-5-6-7-8-9-10-11-12-13-14-15-16-17-18-19-20-21-22-23-24-33(36)34-28-27-30-25-26-31(35)32(29-30)37-2/h25-26,29,35H,3-24,27-28H2,1-2H3,(H,34,36)",QMPQZRJXFYTLQO-UHFFFAOYSA-N,王不留行
WBLX-108,"N-(3,4-二羟基苯乙基）正二十四烷酸酰胺", ,/,503.8120 ,C32H57NO3,,其他,OC1=C(O)C=C(CCNC(CCCCCCCCCCCCCCCCCCCCCCC)=O)C=C1,"InChI=1S/C32H57NO3/c1-2-3-4-5-6-7-8-9-10-11-12-13-14-15-16-17-18-19-20-21-22-23-32(36)33-27-26-29-24-25-30(34)31(35)28-29/h24-25,28,34-35H,2-23,26-27H2,1H3,(H,33,36)",MOHKWSLSQZGNOQ-UHFFFAOYSA-N,王不留行
WBLX-109,山柰酚 3-O-α-L-鼠李糖 (1→6)-β-D-葡萄糖苷,kaempferol 3-O-α-L-rhamnopyranosyl (1→6)-β-D-glucopyranoside,/,594.5220 ,C27H30O15,,黄酮类,O=C1C(C(O)=CC(O)=C2)=C2OC(C3=CC=C(O)C=C3)=C1O[C@H]4[C@H](O)[C@@H](O)[C@H](O)[C@@H](CO[C@H]5[C@H](O)[C@H](O)[C@@H](O)[C@H](C)O5)O4,"InChI=1S/C27H30O15/c1-9-17(31)20(34)22(36)26(39-9)38-8-15-18(32)21(35)23(37)27(41-15)42-25-19(33)16-13(30)6-12(29)7-14(16)40-24(25)10-2-4-11(28)5-3-10/h2-7,9,15,17-18,20-23,26-32,34-37H,8H2,1H3/t9-,15+,17-,18+,20+,21-,22+,23+,26+,27-/m0/s1",RTATXGUCZHCSNG-QHWHWDPRSA-N,王不留行
WBLX-110,槲皮苷,quercitrin,522-12-3,448.3800 ,C21H20O11,,黄酮类,O=C1C(C(O)=CC(O)=C2)=C2OC(C3=CC=C(O)C(O)=C3)=C1O[C@H]4[C@H](O)[C@H](O)[C@@H](O)[C@H](C)O4,"InChI=1S/C21H20O11/c1-7-15(26)17(28)18(29)21(30-7)32-20-16(27)14-12(25)5-9(22)6-13(14)31-19(20)8-2-3-10(23)11(24)4-8/h2-7,15,17-18,21-26,28-29H,1H3/t7-,15-,17+,18+,21-/m0/s1",OXGUCUVFOIWWQJ-HQBVPOQASA-N,王不留行
WBLX-111,异槲皮苷,isoquercitrin,482-35-9,464.3790 ,C21H20O12,,黄酮类,OC(C=C1)=C(C=C1C(OC2=CC(O)=CC(O)=C2C3=O)=C3O[C@H]4[C@H](O)[C@@H](O)[C@H](O)[C@@H](CO)O4)O,"InChI=1S/C21H20O12/c22-6-13-15(27)17(29)18(30)21(32-13)33-20-16(28)14-11(26)4-8(23)5-12(14)31-19(20)7-1-2-9(24)10(25)3-7/h1-5,13,15,17-18,21-27,29-30H,6H2/t13-,15-,17+,18-,21+/m1/s1",OVSQVDMCBVZWGM-QSOFNFLRSA-N,王不留行
WBLX-112,二氢山柰酚 5-O-β-D-葡萄糖苷,dihydrokaempferol 5-O-β-D-glucopyranoside,/,450.3960 ,C21H22O11,,黄酮类,O=C1C(C(O[C@H]2[C@H](O)[C@@H](O)[C@H](O)[C@@H](CO)O2)=CC(O)=C3)=C3OC(C4=CC=C(O)C=C4)C1O,"InChI=1S/C21H22O11/c22-7-13-15(25)17(27)19(29)21(32-13)31-12-6-10(24)5-11-14(12)16(26)18(28)20(30-11)8-1-3-9(23)4-2-8/h1-6,13,15,17-25,27-29H,7H2/t13-,15-,17+,18?,19-,20?,21-/m1/s1",MFCKFVXBDNOSAV-QOFRXWOZSA-N,王不留行
WBLX-113,二氢山柰酚 7-O-β-D-葡萄糖苷,dihydrokaempferol 7-O-β-D-glucopyranoside,/,450.3960 ,C21H22O11,,黄酮类,O=C1C(C(O)=CC(O[C@H]2[C@H](O)[C@@H](O)[C@H](O)[C@@H](CO)O2)=C3)=C3OC(C4=CC=C(O)C=C4)C1O,"InChI=1S/C21H22O11/c22-7-13-15(25)17(27)19(29)21(32-13)30-10-5-11(24)14-12(6-10)31-20(18(28)16(14)26)8-1-3-9(23)4-2-8/h1-6,13,15,17-25,27-29H,7H2/t13-,15-,17+,18?,19-,20?,21-/m1/s1",UDIXYHJHYVDNOG-QOFRXWOZSA-N,王不留行
WBLX-114,,maesopsin 6-O-β-D-glucopyranoside,/,450.3960 , C21H22O11,,苯丙素类,O=C(C1=C(O)C=C(O[C@H]2[C@H](O)[C@@H](O)[C@H](O)[C@@H](CO)O2)C=C1O3)C3(O)CC4=CC=C(O)C=C4,"InChI=1S/C21H22O11/c22-8-14-16(25)17(26)18(27)20(31-14)30-11-5-12(24)15-13(6-11)32-21(29,19(15)28)7-9-1-3-10(23)4-2-9/h1-6,14,16-18,20,22-27,29H,7-8H2/t14-,16-,17+,18-,20-,21?/m1/s1",MWYRZWOULAZZHR-CTAUWVKESA-N,王不留行
WBLX-115,咖啡酸, Caffeic acid, 331-39-5,180.1590 ,C9H8O4,,苯丙素类,OC1=C(O)C=CC(/C=C/C(O)=O)=C1,"InChI=1S/C9H8O4/c10-7-3-1-6(5-8(7)11)2-4-9(12)13/h1-5,10-11H,(H,12,13)/b4-2+",QAIPRVGONGVQAS-DUXPYHPUSA-N,王不留行
WBLX-116, 5-O-咖啡酰基奎宁酸丁酯,5-O-caffeoyl quinic acid  methyl ester,/,410.4190 ,C20H26O9,,苯丙素类,OC1=C(O)C=CC(/C=C/C(OC2C(O)C(O)CC(C(OCCCC)=O)(O)C2)=O)=C1,"InChI=1S/C20H26O9/c1-2-3-8-28-19(26)20(27)10-15(23)18(25)16(11-20)29-17(24)7-5-12-4-6-13(21)14(22)9-12/h4-7,9,15-16,18,21-23,25,27H,2-3,8,10-11H2,1H3/b7-5+",VNLREARKISTOAD-FNORWQNLSA-N,王不留行
WBLX-117, 香草酸,vanillic acid,121-34-6,168.1480 , C8H8O4,,酚酸,OC1=CC=C(C(O)=O)C=C1OC,"InChI=1S/C8H8O4/c1-12-7-4-5(8(10)11)2-3-6(7)9/h2-4,9H,1H3,(H,10,11)",WKOLLVMJNQIZCI-UHFFFAOYSA-N,王不留行
WBLX-118,"开环异落叶松脂素
9-O-β-D- 葡萄糖苷",secoisolariciresinol 9-O-β-D-glucopyranoside,/,524.5630 ,C26H36O11,,糖苷类,OC[C@H](CC1=CC=C(O)C(OC)=C1)[C@@H](CC2=CC=C(O)C(OC)=C2)CO[C@H]3[C@H](O)[C@@H](O)[C@H](O)[C@@H](CO)O3,"InChI=1S/C26H36O11/c1-34-20-9-14(3-5-18(20)29)7-16(11-27)17(8-15-4-6-19(30)21(10-15)35-2)13-36-26-25(33)24(32)23(31)22(12-28)37-26/h3-6,9-10,16-17,22-33H,7-8,11-13H2,1-2H3/t16-,17-,22+,23+,24-,25+,26+/m0/s1",DRLPXFRWJUZTMG-DNABOVRESA-N,王不留行
WBLX-119,β-香树脂醇乙酸酯,β-amyrin  acetate,1616-93-9,468.7660 ,C32H52O2,,三萜类,CC(O[C@H]1CC[C@]2([C@@](C1(C)C)([H])CC[C@@]3([C@]2([H])CC=C4[C@]5([H])CC(C)(CC[C@@]5(CC[C@@]34C)C)C)C)C)=O,"InChI=1S/C32H52O2/c1-21(33)34-26-13-14-30(7)24(28(26,4)5)12-15-32(9)25(30)11-10-22-23-20-27(2,3)16-17-29(23,6)18-19-31(22,32)8/h10,23-26H,11-20H2,1-9H3/t23-,24-,25+,26-,29+,30-,31+,32+/m0/s1",UMRPOGLIBDXFNK-ZYGITSNFSA-N,王不留行
WBLX-120,β-胡萝卜苷,Sitogluside, 474-58-8,576.8590 ,C35H60O6,,甾体类,[H][C@](CC[C@]1([C@@]2(CC=C(C3)[C@@]4(CC[C@@H]3O[C@H]5[C@H](O)[C@@H](O)[C@H](O)[C@@H](CO)O5)C)[H])[H])([C@@](CC[C@@]24[H])1C)[C@H](C)CC[C@@H](C(C)C)CC,"InChI=1S/C35H60O6/c1-7-22(20(2)3)9-8-21(4)26-12-13-27-25-11-10-23-18-24(14-16-34(23,5)28(25)15-17-35(26,27)6)40-33-32(39)31(38)30(37)29(19-36)41-33/h10,20-22,24-33,36-39H,7-9,11-19H2,1-6H3/t21-,22+,24+,25+,26-,27+,28+,29-,30-,31+,32-,33-,34+,35-/m1/s1",NPJICTMALKLTFW-VPFCYKORSA-N,王不留行
WBLX-121,"
 红花菜豆酸","Phaseic acid
",24394-14-7,280.3200 ,C15H20O5,,其他,O=C1C[C@]([C@@]2(O)/C=C/C(C)=C\C(O)=O)(C)CO[C@]2(C)C1,"InChI=1S/C15H20O5/c1-10(6-12(17)18)4-5-15(19)13(2)7-11(16)8-14(15,3)20-9-13/h4-6,19H,7-9H2,1-3H3,(H,17,18)/b5-4+,10-6-/t13-,14-,15+/m1/s1",IZGYIFFQBZWOLJ-UUZREKTLSA-N,王不留行
WBLX-122,吐叶醇, Vomifoliol, 23526-45-6,224.3000 , C13H20O3,,其他,CC1(C)CC(C=C(C)[C@]1(O)/C=C/[C@H](O)C)=O,"InChI=1S/C13H20O3/c1-9-7-11(15)8-12(3,4)13(9,16)6-5-10(2)14/h5-7,10,14,16H,8H2,1-4H3/b6-5+/t10-,13-/m1/s1",KPQMCAKZRXOZLB-KOIHBYQTSA-N,王不留行
WBLX-123, ,Vaccaroside E,/,1423.5090 ,C66H102O33,,三萜类,CC1(C)CC[C@]2(C(O[C@H]3[C@H](O[C@H]4[C@H](O)[C@H](O)[C@@H](O[C@H]5[C@H](O)[C@@H](O)[C@H](O)CO5)[C@H](C)O4)[C@@H](O[C@H]6[C@H](O)[C@@H](O)[C@H](CO)O6)[C@@H](OC(C)=O)[C@@H](C)O3)=O)[C@H](O)C[C@@]7(C)[C@]8(C)CCC9[C@](C)(C=O)[C@@H](O[C@H]%10[C@H](O[C@H]%11[C@H](O)[C@@H](O)[C@@H](O)[C@@H](CO)O%11)[C@@H](O)[C@H](O)[C@@H](C(O)=O)O%10)CC[C@]9(C)C8CC=C7[C@]2([H])C1,"InChI=1S/C66H102O33/c1-24-47(94-54-43(80)36(73)29(71)22-87-54)42(79)46(83)55(88-24)98-52-51(97-56-44(81)38(75)31(21-68)92-56)48(90-26(3)70)25(2)89-59(52)99-60(86)66-17-16-61(4,5)18-28(66)27-10-11-33-62(6)14-13-35(63(7,23-69)32(62)12-15-64(33,8)65(27,9)19-34(66)72)93-58-50(41(78)40(77)49(95-58)53(84)85)96-57-45(82)39(76)37(74)30(20-67)91-57/h10,23-25,28-52,54-59,67-68,71-83H,11-22H2,1-9H3,(H,84,85)/t24-,25+,28-,29+,30+,31-,32?,33?,34+,35-,36-,37-,38-,39-,40-,41-,42-,43+,44+,45+,46+,47-,48-,49-,50+,51-,52+,54-,55-,56-,57-,58+,59-,62-,63-,64+,65+,66+/m0/s1",BRAWHUQNAZTSAF-DARDIFBWSA-N,王不留行
WBLX-124,,Vaccaroside F,/,1411.4980 ,C65H102O33,,三萜类,CC1(C)CC[C@]2(C(O[C@H]3[C@H](O[C@H]4[C@H](O)[C@H](O)[C@@H](O[C@H]5[C@H](O)[C@@H](O)[C@H](O)CO5)[C@H](C)O4)[C@@H](O[C@H]6[C@H](O)[C@@H](O)[C@H](CO)O6)[C@@H](OC(C)=O)[C@@H](C)O3)=O)[C@H](O)C[C@@]7(C)[C@]8(C)CCC9[C@@](O)(C)[C@@H](O[C@H]%10[C@H](O[C@H]%11[C@H](O)[C@@H](O)[C@@H](O)[C@@H](CO)O%11)[C@@H](O)[C@H](O)[C@@H](C(O)=O)O%10)CC[C@]9(C)C8CC=C7[C@]2([H])C1,"InChI=1S/C65H102O33/c1-23-46(93-53-42(78)35(71)28(69)22-86-53)41(77)45(81)54(87-23)97-51-50(96-55-43(79)37(73)30(21-67)91-55)47(89-25(3)68)24(2)88-58(51)98-59(84)65-17-16-60(4,5)18-27(65)26-10-11-31-61(6)14-13-34(64(9,85)32(61)12-15-62(31,7)63(26,8)19-33(65)70)92-57-49(40(76)39(75)48(94-57)52(82)83)95-56-44(80)38(74)36(72)29(20-66)90-56/h10,23-24,27-51,53-58,66-67,69-81,85H,11-22H2,1-9H3,(H,82,83)/t23-,24+,27-,28+,29+,30-,31?,32?,33+,34-,35-,36-,37-,38-,39-,40-,41-,42+,43+,44+,45+,46-,47-,48-,49+,50-,51+,53-,54-,55-,56-,57+,58-,61+,62+,63+,64-,65+/m0/s1",DDFFZNFTWJEAGC-GSCAJZHUSA-N,王不留行
WBLX-125,,Vaccaroside G,/,1407.5100 ,C66H102O32,,三萜类,CC1(C)CC[C@]2(C(O[C@H]3[C@H](O[C@H]4[C@H](O)[C@H](O)[C@@H](O[C@H]5[C@H](O)[C@@H](O)[C@H](O)CO5)[C@H](C)O4)[C@@H](O[C@H]6[C@H](O)[C@@H](O)[C@H](CO)O6)[C@@H](OC(C)=O)[C@@H](C)O3)=O)CC[C@@]7(C)[C@]8(C)CCC9[C@](C)(C=O)[C@@H](O[C@H]%10[C@H](O[C@H]%11[C@H](O)[C@@H](O)[C@@H](O)[C@@H](CO)O%11)[C@@H](O)[C@H](O)[C@@H](C(O)=O)O%10)CC[C@]9(C)C8CC=C7[C@]2([H])C1,"InChI=1S/C66H102O32/c1-25-47(93-54-43(79)36(72)30(71)23-86-54)42(78)46(82)55(87-25)97-52-51(96-56-44(80)38(74)32(22-68)91-56)48(89-27(3)70)26(2)88-59(52)98-60(85)66-18-16-61(4,5)20-29(66)28-10-11-34-62(6)14-13-35(63(7,24-69)33(62)12-15-65(34,9)64(28,8)17-19-66)92-58-50(41(77)40(76)49(94-58)53(83)84)95-57-45(81)39(75)37(73)31(21-67)90-57/h10,24-26,29-52,54-59,67-68,71-82H,11-23H2,1-9H3,(H,83,84)/t25-,26+,29-,30+,31+,32-,33?,34?,35-,36-,37-,38-,39-,40-,41-,42-,43+,44+,45+,46+,47-,48-,49-,50+,51-,52+,54-,55-,56-,57-,58+,59-,62-,63-,64+,65+,66-/m0/s1",PMJVTIFXFFXIPK-IIXMNQJESA-N,王不留行
WBLX-126,,Vaccaroside H,/,1395.4990 ,C65H102O32,,三萜类,CC1(C)CC[C@]2(C(O[C@H]3[C@H](O[C@H]4[C@H](O)[C@H](O)[C@@H](O[C@H]5[C@H](O)[C@@H](O)[C@H](O)CO5)[C@H](C)O4)[C@@H](O[C@H]6[C@H](O)[C@@H](O)[C@H](CO)O6)[C@@H](OC(C)=O)[C@@H](C)O3)=O)CC[C@@]7(C)[C@]8(C)CCC9[C@@](O)(C)[C@@H](O[C@H]%10[C@H](O[C@H]%11[C@H](O)[C@@H](O)[C@@H](O)[C@@H](CO)O%11)[C@@H](O)[C@H](O)[C@@H](C(O)=O)O%10)CC[C@]9(C)C8CC=C7[C@]2([H])C1,"InChI=1S/C65H102O32/c1-24-46(92-53-42(77)35(70)29(69)23-85-53)41(76)45(80)54(86-24)96-51-50(95-55-43(78)37(72)31(22-67)90-55)47(88-26(3)68)25(2)87-58(51)97-59(83)65-18-16-60(4,5)20-28(65)27-10-11-32-61(6)14-13-34(64(9,84)33(61)12-15-63(32,8)62(27,7)17-19-65)91-57-49(40(75)39(74)48(93-57)52(81)82)94-56-44(79)38(73)36(71)30(21-66)89-56/h10,24-25,28-51,53-58,66-67,69-80,84H,11-23H2,1-9H3,(H,81,82)/t24-,25+,28-,29+,30+,31-,32?,33?,34-,35-,36-,37-,38-,39-,40-,41-,42+,43+,44+,45+,46-,47-,48-,49+,50-,51+,53-,54-,55-,56-,57+,58-,61+,62+,63+,64-,65-/m0/s1",SBIZKNGXUXXQOW-GTQTVOHUSA-N,王不留行
WBLX-127,,Vaccaroside I,/,1557.6400 , C71H112O37,,三萜类,CC1(C)CC[C@]2(C(O[C@H]3[C@H](O[C@H]4[C@H](O)[C@H](O)[C@@H](O[C@H]5[C@H](O)[C@@H](O[C@H]6[C@H](O)[C@@H](O)[C@H](O)[C@@H](CO)O6)[C@H](O)CO5)[C@H](C)O4)[C@@H](O)[C@@H](O[C@H]7[C@H](O)[C@@H](O)[C@@H](O)[C@@H](C)O7)[C@@H](C)O3)=O)[C@H](O)C[C@@]8(C)[C@]9(C)CCC%10[C@](C)(C=O)[C@@H](O[C@H]%11[C@H](O[C@H]%12[C@H](O)[C@@H](O)[C@@H](O)[C@@H](CO)O%12)[C@@H](O)[C@H](O)[C@@H](C(O)=O)O%11)CC[C@]%10(C)C9CC=C8[C@]2([H])C1,"InChI=1S/C71H112O37/c1-24-36(77)39(80)45(86)59(96-24)103-52-26(3)98-63(56(49(52)90)107-60-48(89)44(85)51(25(2)97-60)102-58-50(91)53(29(75)22-95-58)104-61-46(87)40(81)37(78)30(20-72)99-61)108-65(94)71-17-16-66(4,5)18-28(71)27-10-11-33-67(6)14-13-35(68(7,23-74)32(67)12-15-69(33,8)70(27,9)19-34(71)76)101-64-55(43(84)42(83)54(105-64)57(92)93)106-62-47(88)41(82)38(79)31(21-73)100-62/h10,23-26,28-56,58-64,72-73,75-91H,11-22H2,1-9H3,(H,92,93)/t24-,25+,26-,28+,29-,30-,31-,32?,33?,34-,35+,36+,37-,38+,39+,40+,41+,42+,43+,44+,45-,46-,47-,48-,49+,50-,51+,52+,53+,54+,55-,56-,58+,59+,60+,61+,62+,63+,64-,67+,68+,69-,70-,71-/m1/s1",SBXAKXAUCYYZRJ-BOCFYNOVSA-N,王不留行
WBLX-128,,Vaccariside B,/,1423.5090 ,C66H102O33,,三萜类,CC1(C)CC[C@]2(C(O[C@H]3[C@H](O[C@H]4[C@H](O)[C@H](O[C@H]5[C@H](O)[C@@H](O)[C@H](O)CO5)[C@@H](O)[C@H](C)O4)[C@@H](O[C@H]6[C@H](O)[C@@H](O)[C@H](CO)O6)[C@@H](OC(C)=O)[C@@H](C)O3)=O)[C@H](O)C[C@@]7(C)[C@]8(C)CCC9[C@](C)(C=O)[C@@H](O[C@H]%10[C@H](O[C@H]%11[C@H](O)[C@@H](O)[C@@H](O)[C@@H](CO)O%11)[C@@H](O)[C@H](O)[C@@H](C(O)=O)O%10)CC[C@]9(C)C8CC=C7C2C1,"InChI=1S/C66H102O33/c1-24-36(73)48(94-54-43(80)37(74)29(71)22-87-54)46(83)57(88-24)98-52-51(97-55-44(81)39(76)31(21-68)92-55)47(90-26(3)70)25(2)89-59(52)99-60(86)66-17-16-61(4,5)18-28(66)27-10-11-33-62(6)14-13-35(63(7,23-69)32(62)12-15-64(33,8)65(27,9)19-34(66)72)93-58-50(42(79)41(78)49(95-58)53(84)85)96-56-45(82)40(77)38(75)30(20-67)91-56/h10,23-25,28-52,54-59,67-68,71-83H,11-22H2,1-9H3,(H,84,85)/t24-,25+,28?,29+,30+,31-,32?,33?,34-,35+,36-,37-,38-,39-,40-,41-,42-,43+,44+,45+,46+,47-,48+,49-,50+,51-,52+,54-,55-,56-,57-,58+,59-,62+,63+,64-,65-,66-/m1/s1",HFMIZSHBAADRIB-BTYKYYQYSA-N,王不留行
WBLX-129,,Vaccariside C,/,1465.5460 ,C68H104O34,,三萜类,CC1(C)CC[C@]2(C(O[C@H]3[C@H](O[C@H]4[C@H](O)[C@H](O[C@H]5[C@H](O)[C@@H](O)[C@H](O)CO5)[C@@H](O)[C@H](C)O4)[C@@H](O[C@H]6[C@H](O)[C@@H](O)[C@H](CO)O6)[C@@H](OC(C)=O)[C@@H](C)O3)=O)[C@H](O)C[C@@]7(C)[C@]8(C)CCC9[C@](C)(C=O)[C@@H](O[C@H]%10[C@H](O[C@H]%11[C@H](O)[C@@H](O)[C@@H](O)[C@@H](CO)O%11)[C@@H](OC(C)=O)[C@H](O)[C@@H](C(O)=O)O%10)CC[C@]9(C)C8CC=C7C2C1,"InChI=1S/C68H104O34/c1-25-38(76)49(97-56-43(81)39(77)31(74)23-89-56)47(85)59(90-25)101-54-52(99-57-44(82)41(79)33(22-70)95-57)48(92-27(3)72)26(2)91-60(54)102-62(88)68-18-17-63(5,6)19-30(68)29-11-12-35-64(7)15-14-37(65(8,24-71)34(64)13-16-66(35,9)67(29,10)20-36(68)75)96-61-53(50(93-28(4)73)46(84)51(98-61)55(86)87)100-58-45(83)42(80)40(78)32(21-69)94-58/h11,24-26,30-54,56-61,69-70,74-85H,12-23H2,1-10H3,(H,86,87)/t25-,26-,30?,31+,32+,33-,34?,35?,36+,37-,38-,39-,40-,41-,42-,43+,44+,45+,46-,47+,48+,49+,50-,51-,52+,53+,54-,56-,57-,58-,59-,60+,61+,64-,65-,66+,67+,68+/m0/s1",CSPULUIRVZOGSP-WKALETEKSA-N,王不留行
WBLX-130,,Vaccariside D,/,1423.5090 ,C66H102O33,,三萜类,O[C@@H]1C[C@@]2(C)[C@]3(C)CCC4[C@](C)(C=O)[C@@H](O[C@H]5[C@H](O[C@H]6[C@H](O)[C@@H](O)[C@@H](O)[C@@H](CO)O6)[C@@H](O)[C@H](O)[C@@H](C(O)=O)O5)CC[C@]4(C)C3CC=C2C7[C@]1(C(O[C@H]8[C@H](O[C@H]9[C@H](O)[C@H](O[C@H](OC)[C@H](O)[C@@H2]O)[C@@H](O)[C@H](C)O9)[C@@H](O[C@H]%10[C@H](O)[C@@H](O)[C@H](CO)O%10)[C@@H](OC(C)=O)[C@@H](C)O8)=O)CCCC7,"InChI=1S/C63H98O32/c1-24-36(71)46(90-52(83-8)29(69)20-64)44(79)55(84-24)94-50-49(93-53-42(77)38(73)31(22-66)88-53)45(86-26(3)68)25(2)85-57(50)95-58(82)63-16-10-9-11-28(63)27-12-13-33-59(4)17-15-35(60(5,23-67)32(59)14-18-61(33,6)62(27,7)19-34(63)70)89-56-48(41(76)40(75)47(91-56)51(80)81)92-54-43(78)39(74)37(72)30(21-65)87-54/h12,23-25,28-50,52-57,64-66,69-79H,9-11,13-22H2,1-8H3,(H,80,81)/t24-,25+,28?,29-,30+,31-,32?,33?,34-,35+,36-,37-,38-,39-,40-,41-,42+,43+,44+,45-,46+,47-,48+,49-,50+,52-,53-,54-,55-,56+,57-,59+,60+,61-,62-,63-/m1/s1",ZYDVRIWNLRQSLQ-LZXGDGHESA-N,王不留行
WBLX-131,,Vaccariside E,/,1555.6240 ,C71H110O37,,三萜类,CC1(C)CC[C@]2(C(O[C@H]3[C@H](O[C@H]4[C@H](O)[C@H](O[C@H]5[C@H](O)[C@@H](O)[C@H](O)CO5)[C@@H](O)[C@H](C)O4)[C@@H](O[C@H]6[C@H](O)[C@@H](O)[C@H](CO)O6)[C@@H](OC(C)=O)[C@@H](C)O3)=O)[C@H](O)C[C@@]7(C)[C@]8(C)CCC9[C@](C)(C=O)[C@@H](O[C@H]%10[C@H](O[C@H]%11[C@H](O)[C@@H](O)[C@@H](O)[C@@H](CO)O%11)[C@@H](O[C@H]%12[C@H](O)[C@@H](O)[C@H](O)CO%12)[C@H](O)[C@@H](C(O)=O)O%10)CC[C@]9(C)C8CC=C7C2C1,"InChI=1S/C71H110O37/c1-25-38(79)51(102-58-44(85)39(80)30(76)22-94-58)49(90)62(96-25)107-56-54(105-60-46(87)42(83)33(21-73)100-60)50(98-27(3)75)26(2)97-63(56)108-65(93)71-17-16-66(4,5)18-29(71)28-10-11-35-67(6)14-13-37(68(7,24-74)34(67)12-15-69(35,8)70(28,9)19-36(71)78)101-64-55(106-61-47(88)43(84)41(82)32(20-72)99-61)52(48(89)53(104-64)57(91)92)103-59-45(86)40(81)31(77)23-95-59/h10,24-26,29-56,58-64,72-73,76-90H,11-23H2,1-9H3,(H,91,92)/t25-,26+,29?,30+,31+,32+,33-,34?,35?,36-,37+,38-,39-,40-,41-,42-,43-,44+,45+,46+,47+,48-,49+,50-,51+,52-,53-,54-,55+,56+,58-,59-,60-,61-,62-,63-,64+,67+,68+,69-,70-,71-/m1/s1",CLMWMNSCNRBNLF-UAFWOXDQSA-N,王不留行
WBLX-132,油酸,oleic acid,112-80-1,282.4680 ,C18H34O2,,脂肪酸,OC(CCCCCCC/C=C\CCCCCCCC)=O,"InChI=1S/C18H34O2/c1-2-3-4-5-6-7-8-9-10-11-12-13-14-15-16-17-18(19)20/h9-10H,2-8,11-17H2,1H3,(H,19,20)/b10-9-",ZQPPMHVWECSIRJ-KTKRTIGZSA-N,王不留行
WBLX-133,棕榈酸,palmitic acid, 57-10-3,256.4300 , C16H32O2,,脂肪酸,OC(CCCCCCCCCCCCCCC)=O,"InChI=1S/C16H32O2/c1-2-3-4-5-6-7-8-9-10-11-12-13-14-15-16(17)18/h2-15H2,1H3,(H,17,18)",IPCSVZSSVZVIGE-UHFFFAOYSA-N,王不留行
,,,,,,,,,,,
,,,,,,,,,,,
,,,,,,,,,,,
,,,,,,,,,,,
,,,,,,,,,,,
,,,,,,,,,,,
,,,,,,,,,,,
,,,,,,,,,,,
,,,,,,,,,,,
,,,,,,,,,,,
,,,,,,,,,,,
,,,,,,,,,,,
