编号,化合物名称,英文名称,CAS号,分子量,分子式,2D图,化合物分类,smiles,inchi,inchikey,药材名称
HZ-001,大黄素,Emodin,518-82-1,270.24,C15H10O5,,蒽醌类,CC1=CC(C(C2=C3C(O)=CC(O)=C2)=O)=C(C3=O)C(O)=C1,"InChI=1S/C15H10O5/c1-6-2-8-12(10(17)3-6)15(20)13-9(14(8)19)4-7(16)5-11(13)18/h2-5,16-18H,1H3",RHMXXJGYXNZAPX-UHFFFAOYSA-N,虎杖
HZ-002,大黄酸,Rhein,478-43-3,284.22,C15H8O6,,蒽醌类,OC1=CC=CC(C2=O)=C1C(C3=C2C=C(C(O)=O)C=C3O)=O,"InChI=1S/C15H8O6/c16-9-3-1-2-7-11(9)14(19)12-8(13(7)18)4-6(15(20)21)5-10(12)17/h1-5,16-17H,(H,20,21)",FCDLCPWAQCPTKC-UHFFFAOYSA-N,虎杖
HZ-003,大黄酚,Chrysophanic acid,481-74-3,254.24,C15H10O4,,蒽醌类,CC1=CC(C(C2=C(C3=O)C(O)=CC=C2)=O)=C3C(O)=C1,"InChI=1S/C15H10O4/c1-7-5-9-13(11(17)6-7)15(19)12-8(14(9)18)3-2-4-10(12)16/h2-6,16-17H,1H3",LQGUBLBATBMXHT-UHFFFAOYSA-N,虎杖
HZ-004,大黄素甲醚,Physcion,521-61-9,284.26,C16H12O5,,蒽醌类,O=C(C1=C2C(O)=CC(C)=C1)C3=C(C(O)=CC(OC)=C3)C2=O,"InChI=1S/C16H12O5/c1-7-3-9-13(11(17)4-7)16(20)14-10(15(9)19)5-8(21-2)6-12(14)18/h3-6,17-18H,1-2H3",FFWOKTFYGVYKIR-UHFFFAOYSA-N,虎杖
HZ-005,大黄素-8-甲醚,Questin,3774-64-9,284.26,C16H12O5,,蒽醌类,CC1=CC(C(C2=C3C(OC)=CC(O)=C2)=O)=C(C3=O)C(O)=C1,"InChI=1S/C16H12O5/c1-7-3-9-13(11(18)4-7)16(20)14-10(15(9)19)5-8(17)6-12(14)21-2/h3-6,17-18H,1-2H3",UUNPIWCQMVNINR-UHFFFAOYSA-N,虎杖
HZ-006,大黄素甲醚-8-O-β-D-葡萄糖苷,Physcion 8-O-beta-D-glucoside,26296-54-8,446.4,C22H22O10,,蒽醌类,O=C(C1=CC(OC)=CC(O)=C12)C3=CC(C)=CC(O[C@@H]4O[C@@H]([C@H]([C@@H]([C@H]4O)O)O)CO)=C3C2=O,"InChI=1S/C22H22O10/c1-8-3-10-16(19(27)15-11(17(10)25)5-9(30-2)6-12(15)24)13(4-8)31-22-21(29)20(28)18(26)14(7-23)32-22/h3-6,14,18,20-24,26,28-29H,7H2,1-2H3/t14-,18-,20+,21-,22-/m1/s1",WLXGUTUUWXVZNM-DQMLXFRHSA-N,虎杖
HZ-007,大黄素-1-O-β-D-葡萄糖苷,Emodin 1-O-beta-D-glucoside,38840-23-2,432.38,C21H20O10,,蒽醌类,O=C(C1=CC(O)=CC(O)=C12)C3=CC(C)=CC(O[C@@H]4O[C@@H]([C@H]([C@@H]([C@H]4O)O)O)CO)=C3C2=O,"InChI=1S/C21H20O10/c1-7-2-9-15(18(27)14-10(16(9)25)4-8(23)5-11(14)24)12(3-7)30-21-20(29)19(28)17(26)13(6-22)31-21/h2-5,13,17,19-24,26,28-29H,6H2,1H3/t13-,17-,19+,20-,21-/m1/s1",ZXXFEBMBNPRRSI-JNHRPPPUSA-N,虎杖
HZ-008,迷人醇,Fallacinol,569-05-1,300.26,C16H12O6,,蒽醌类,COC1=CC(C(C2=C(C3=O)C(O)=CC(CO)=C2)=O)=C3C(O)=C1,"InChI=1S/C16H12O6/c1-22-8-4-10-14(12(19)5-8)16(21)13-9(15(10)20)2-7(6-17)3-11(13)18/h2-5,17-19H,6H2,1H3",WJXSYUJKJSOJOG-UHFFFAOYSA-N,虎杖
HZ-009,6-羟基芦荟大黄素,Citreorosein,481-73-2,286.24,C15H10O6,,蒽醌类,OCC1=CC(C(C2=C3C(O)=CC(O)=C2)=O)=C(C3=O)C(O)=C1,"InChI=1S/C15H10O6/c16-5-6-1-8-12(10(18)2-6)15(21)13-9(14(8)20)3-7(17)4-11(13)19/h1-4,16-19H,5H2",YQHZABGPIPECSQ-UHFFFAOYSA-N,虎杖
HZ-010,6-羟基芦荟大黄素-8-甲醚,Questinol,35688-09-6,300.26,C16H12O6,,蒽醌类,COC1=CC(O)=CC2=C1C(C3=C(C2=O)C=C(CO)C=C3O)=O,"InChI=1S/C16H12O6/c1-22-12-5-8(18)4-10-14(12)16(21)13-9(15(10)20)2-7(6-17)3-11(13)19/h2-5,17-19H,6H2,1H3",SNBGJGNOQURXCI-UHFFFAOYSA-N,虎杖
HZ-011,芦荟大黄素-8-葡萄糖甙,Torachrysone 8-O-glucoside,64032-49-1,408.4,C20H24O9,,蒽醌类,COC1=CC(C=C(C(C(C)=O)=C2O)C)=C2C(O[C@@H]3O[C@@H]([C@H]([C@@H]([C@H]3O)O)O)CO)=C1,"InChI=1S/C20H24O9/c1-8-4-10-5-11(27-3)6-12(15(10)17(24)14(8)9(2)22)28-20-19(26)18(25)16(23)13(7-21)29-20/h4-6,13,16,18-21,23-26H,7H2,1-3H3/t13-,16-,18+,19-,20-/m1/s1",GHKWPHRULCFTBB-CZNQJBLBSA-N,虎杖
HZ-012,大黄素甲醚-1-O-Β-D-葡萄糖苷,rheochrysin,29013-18-1,446.404,C22H22O10,,蒽醌类,O=C1C2=C(C=C(OC)C=C2O[C@@H]3O[C@H](CO)[C@@H](O)[C@H](O)[C@H]3O)C(C4=CC(C)=CC(O)=C14)=O,"InChI=1S/C22H22O10/c1-8-3-10-15(12(24)4-8)19(27)16-11(17(10)25)5-9(30-2)6-13(16)31-22-21(29)20(28)18(26)14(7-23)32-22/h3-6,14,18,20-24,26,28-29H,7H2,1-2H3/t14-,18-,20+,21-,22-/m1/s1",POMKXWCJRHNLRP-DQMLXFRHSA-N,虎杖
HZ-013,大黄素-8-O-β-D-葡萄糖苷,Emodin 8-O-β-D-glucopyranoside,23313-21-5,432.38,C21H20O10,,蒽醌类,O=C(C1=CC(C)=CC(O)=C12)C3=CC(O)=CC(O[C@@H]4O[C@@H]([C@H]([C@@H]([C@H]4O)O)O)CO)=C3C2=O,"InChI=1S/C21H20O10/c1-7-2-9-14(11(24)3-7)18(27)15-10(16(9)25)4-8(23)5-12(15)30-21-20(29)19(28)17(26)13(6-22)31-21/h2-5,13,17,19-24,26,28-29H,6H2,1H3/t13-,17-,19+,20-,21-/m1/s1",HSWIRQIYASIOBE-JNHRPPPUSA-N,虎杖
HZ-014,芦荟大黄素,Aloe emodin,481-72-1,270.24,C15H10O5,,蒽醌类,OCC1=CC(C(C2=C(C3=O)C(O)=CC=C2)=O)=C3C(O)=C1,"InChI=1S/C15H10O5/c16-6-7-4-9-13(11(18)5-7)15(20)12-8(14(9)19)2-1-3-10(12)17/h1-5,16-18H,6H2",YDQWDHRMZQUTBA-UHFFFAOYSA-N,虎杖
HZ-015,2-甲氧基-6-乙酰基-7-甲基胡桃醌,2-Methoxystypandrone,85122-21-0,260.24,C14H12O5,,蒽醌类,CC(C(C(C)=O)=C1O)=CC2=C1C(C=C(OC)C2=O)=O,"InChI=1S/C14H12O5/c1-6-4-8-12(14(18)11(6)7(2)15)9(16)5-10(19-3)13(8)17/h4-5,18H,1-3H3",SSHJHOVVYKCJJI-UHFFFAOYSA-N,虎杖
HZ-016,7-乙酰基-2-甲氧基-6-甲基-8-羟基-1，4-萘醌,"8-Hydroxy-2,7-dimethoxy-6-methyl-1,4-naphthalenedione",1643141-63-2,248.23,C13H12O5,,蒽醌类,CC1=CC(C(C=C2OC)=O)=C(C(O)=C1OC)C2=O,"InChI=1S/C13H12O5/c1-6-4-7-8(14)5-9(17-2)11(15)10(7)12(16)13(6)18-3/h4-5,16H,1-3H3",JJKFULPOVOGBLH-UHFFFAOYSA-N,虎杖
HZ-017,polyganin A,"1,6-Dihydroxy-8-[[6-O-(3-methoxy-1,3-dioxopropyl)-β-D-glucopyranosyl]oxy]-3-methyl-9,10-anthracenedione",1393599-00-2,532.45,C25H24O13,,蒽醌类,O=C(C1=CC(C)=CC(O)=C12)C3=CC(O)=CC(O[C@@H]4O[C@@H]([C@H]([C@@H]([C@H]4O)O)O)COC(CC(OC)=O)=O)=C3C2=O,"InChI=1S/C25H24O13/c1-9-3-11-18(13(27)4-9)22(32)19-12(20(11)30)5-10(26)6-14(19)37-25-24(34)23(33)21(31)15(38-25)8-36-17(29)7-16(28)35-2/h3-6,15,21,23-27,31,33-34H,7-8H2,1-2H3/t15-,21-,23+,24-,25-/m1/s1",QZGWRHXSMIWBDM-MGGJLQIDSA-N,虎杖
HZ-018,polyganin B,"1-Hydroxy-6-methoxy-8-[[6-O-(3-methoxy-1,3-dioxopropyl)-β-D-glucopyranosyl]oxy]-3-methyl-9,10-anthracenedione",1393599-01-3,546.48,C26H26O13,,蒽醌类,O=C(C1=CC(C)=CC(O)=C12)C3=CC(OC)=CC(O[C@@H]4O[C@@H]([C@H]([C@@H]([C@H]4O)O)O)COC(CC(OC)=O)=O)=C3C2=O,"InChI=1S/C26H26O13/c1-10-4-12-19(14(27)5-10)23(32)20-13(21(12)30)6-11(35-2)7-15(20)38-26-25(34)24(33)22(31)16(39-26)9-37-18(29)8-17(28)36-3/h4-7,16,22,24-27,31,33-34H,8-9H2,1-3H3/t16-,22-,24+,25-,26-/m1/s1",HAPMSFLRGFAHHT-CVBYFTNPSA-N,虎杖
HZ-019,叶绿醌 C,phylloquinone C,/,570.86,C39H54O3,,蒽醌类,O=C(C(C)=C1C)C=C(C/C=C(C)/CCCC(C)(O)/C=C(\C=C(/C=C(\C=C(/C=C(\C=C(/C=C(C)\C)C)C)C)C)C)C)C1=O,"InChI=1S/C39H54O3/c1-26(2)18-28(4)19-29(5)20-30(6)21-31(7)22-32(8)23-33(9)25-39(12,42)17-13-14-27(3)15-16-36-24-37(40)34(10)35(11)38(36)41/h15,18-25,42H,13-14,16-17H2,1-12H3/b27-15+,28-19?,29-20?,30-21?,31-22?,32-23?,33-25?",OEIUQJGAXUTFEC-CUXUEXKTSA-N,虎杖
HZ-020,叶绿醌 B,phylloquinone B,/,809.27,C55H84O4,,蒽醌类,O=C(C(C)=C1C)C=C(C/C=C(C)/CCCC(C)(OC(CCCCCCCCCCCCCCC)=O)/C=C(\C=C(/C=C(\C=C(/C=C(\C=C(/C=C(C)\C)C)C)C)C)C)C)C1=O,"InChI=1S/C55H84O4/c1-14-15-16-17-18-19-20-21-22-23-24-25-26-29-53(57)59-55(13,32-27-28-42(4)30-31-51-39-52(56)49(11)50(12)54(51)58)40-48(10)38-47(9)37-46(8)36-45(7)35-44(6)34-43(5)33-41(2)3/h30,33-40H,14-29,31-32H2,1-13H3/b42-30+,43-34?,44-35?,45-36?,46-37?,47-38?,48-40?",BKFCZRVQWCFTQK-MIRKEIGNSA-N,虎杖
HZ-021,顺式白藜芦醇,cis-Resveratrol,61434-67-1,228.24,C14H12O3,,酚酸类,OC(C=C1)=CC=C1/C=C\C2=CC(O)=CC(O)=C2,"InChI=1S/C14H12O3/c15-12-5-3-10(4-6-12)1-2-11-7-13(16)9-14(17)8-11/h1-9,15-17H/b2-1-",LUKBXSAWLPMMSZ-UPHRSURJSA-N,虎杖
HZ-022,反式白藜芦醇,Resveratrol,501-36-0,228.24,C14H12O3,,酚酸类,OC(C=C1)=CC=C1/C=C/C2=CC(O)=CC(O)=C2,"InChI=1S/C14H12O3/c15-12-5-3-10(4-6-12)1-2-11-7-13(16)9-14(17)8-11/h1-9,15-17H/b2-1+",LUKBXSAWLPMMSZ-OWOJBTEDSA-N,虎杖
HZ-023,顺式虎杖苷,cis-Polydatin,148766-36-3,390.38,C20H22O8,,酚酸类,OC[C@H]([C@H]([C@@H]([C@H]1O)O)O)O[C@H]1OC2=CC(/C=C\C3=CC=C(C=C3)O)=CC(O)=C2,"InChI=1S/C20H22O8/c21-10-16-17(24)18(25)19(26)20(28-16)27-15-8-12(7-14(23)9-15)2-1-11-3-5-13(22)6-4-11/h1-9,16-26H,10H2/b2-1-/t16-,17-,18+,19-,20-/m1/s1",HSTZMXCBWJGKHG-BUFXCDORSA-N,虎杖
HZ-024,反式虎杖苷,Polydatin,27208-80-6,390.38,C20H22O8,,酚酸类,OC[C@H]([C@H]([C@@H]([C@H]1O)O)O)O[C@H]1OC2=CC(/C=C/C3=CC=C(C=C3)O)=CC(O)=C2,"InChI=1S/C20H22O8/c21-10-16-17(24)18(25)19(26)20(28-16)27-15-8-12(7-14(23)9-15)2-1-11-3-5-13(22)6-4-11/h1-9,16-26H,10H2/b2-1+/t16-,17-,18+,19-,20-/m1/s1",HSTZMXCBWJGKHG-CUYWLFDKSA-N,虎杖
HZ-025,顺式白藜芦醇-4'-O-葡萄糖苷,(Z)-Resveratroloside,151716-27-7,390.38,C20H22O8,,酚酸类,OC[C@H]([C@H]([C@@H]([C@H]1O)O)O)O[C@H]1OC2=CC=C(C=C2)/C=C\C3=CC(O)=CC(O)=C3,"InChI=1S/C20H22O8/c21-10-16-17(24)18(25)19(26)20(28-16)27-15-5-3-11(4-6-15)1-2-12-7-13(22)9-14(23)8-12/h1-9,16-26H,10H2/b2-1-/t16-,17-,18+,19-,20-/m1/s1",RUOKEYJFAJITAG-BUFXCDORSA-N,虎杖
HZ-026,反式白藜芦醇-4'-O-葡萄糖苷,Resveratroloside,38963-95-0,390.38,C20H22O8,,酚酸类,OC[C@H]([C@H]([C@@H]([C@H]1O)O)O)O[C@H]1OC2=CC=C(C=C2)/C=C/C3=CC(O)=CC(O)=C3,"InChI=1S/C20H22O8/c21-10-16-17(24)18(25)19(26)20(28-16)27-15-5-3-11(4-6-15)1-2-12-7-13(22)9-14(23)8-12/h1-9,16-26H,10H2/b2-1+/t16-,17-,18+,19-,20-/m1/s1",RUOKEYJFAJITAG-CUYWLFDKSA-N,虎杖
HZ-027,白藜芦醇-4-O-D-(2'-没食子酰基)吡喃葡萄糖苷,"4-[(1E)-2-(3,5-Dihydroxyphenyl)ethenyl]phenyl β-D-glucopyranoside 2-(3,4,5-trihydroxybenzoate)",105304-51-6,542.49,C27H26O12,,酚酸类,O=C(C1=CC(O)=C(C(O)=C1)O)O[C@H]([C@H]([C@@H]([C@H](O2)CO)O)O)[C@@H]2OC3=CC=C(C=C3)/C=C/C4=CC(O)=CC(O)=C4,"InChI=1S/C27H26O12/c28-12-21-23(34)24(35)25(39-26(36)15-9-19(31)22(33)20(32)10-15)27(38-21)37-18-5-3-13(4-6-18)1-2-14-7-16(29)11-17(30)8-14/h1-11,21,23-25,27-35H,12H2/b2-1+/t21-,23-,24+,25-,27-/m1/s1",MKFHDMUYMGGIRI-XMPPFBFMSA-N,虎杖
HZ-028,白藜芦醇-4-O-D-(6'-没食子酰基)吡喃葡萄糖苷,"4-[(1E)-2-(3,5-Dihydroxyphenyl)ethenyl]phenyl β-D-glucopyranoside 6-(3,4,5-trihydroxybenzoate)",64898-03-9,542.49,C27H26O12,,酚酸类,O=C(C1=CC(O)=C(C(O)=C1)O)OC[C@H]([C@H]([C@@H]([C@H]2O)O)O)O[C@H]2OC3=CC=C(C=C3)/C=C/C4=CC(O)=CC(O)=C4,"InChI=1S/C27H26O12/c28-16-7-14(8-17(29)11-16)2-1-13-3-5-18(6-4-13)38-27-25(35)24(34)23(33)21(39-27)12-37-26(36)15-9-19(30)22(32)20(31)10-15/h1-11,21,23-25,27-35H,12H2/b2-1+/t21-,23-,24+,25-,27-/m1/s1",HQQSMUBDNVIUPF-XMPPFBFMSA-N,虎杖
HZ-029,反式白藜芦醇-3-O-β-D-葡萄糖苷-6″-硫酸盐,"sodium ((2R,3S,4R,5R,6S)-3,4,5-trihydroxy-6-(3-hydroxy-5-((E)-4-hydroxystyryl)phenoxy)tetrahydro-2H-pyran-2-yl)methyl sulfate",/,492.43,C20H21NaO11S,,酚酸类,OC1=CC=C(/C=C/C2=CC(O[C@@H]3O[C@H](COS(=O)(O[Na])=O)[C@@H](O)[C@@H](O)[C@H]3O)=CC(O)=C2)C=C1,"InChI=1S/C20H22O11S.Na/c21-13-5-3-11(4-6-13)1-2-12-7-14(22)9-15(8-12)30-20-19(25)18(24)17(23)16(31-20)10-29-32(26,27)28;/h1-9,16-25H,10H2,(H,26,27,28);/q;+1/p-1/b2-1+;/t16-,17-,18-,19-,20-;/m1./s1",FHFHSKMONLQSAY-YDKXATRBSA-M,虎杖
HZ-030,反式白藜芦醇-3-O-β-D-葡萄糖苷-4″-硫酸盐,"sodium (2R,3S,4S,5R,6S)-4,5-dihydroxy-6-(3-hydroxy-5-((E)-4-hydroxystyryl)phenoxy)-2-(hydroxymethyl)tetrahydro-2H-pyran-3-yl sulfate",/,492.43,C20H21NaO11S,,酚酸类,OC1=CC=C(/C=C/C2=CC(O[C@@H]3O[C@H](CO)[C@@H](OS(=O)(O[Na])=O)[C@@H](O)[C@H]3O)=CC(O)=C2)C=C1,"InChI=1S/C20H22O11S.Na/c21-10-16-19(31-32(26,27)28)17(24)18(25)20(30-16)29-15-8-12(7-14(23)9-15)2-1-11-3-5-13(22)6-4-11;/h1-9,16-25H,10H2,(H,26,27,28);/q;+1/p-1/b2-1+;/t16-,17+,18-,19-,20-;/m1./s1",CIKBJYXODHMNRE-RDVNUMKISA-M,虎杖
HZ-031,反式白藜芦醇-3-O-β-D-葡萄糖苷-2″-硫酸盐,"sodium (2S,3R,4R,5S,6R)-4,5-dihydroxy-2-(3-hydroxy-5-((E)-4-hydroxystyryl)phenoxy)-6-(hydroxymethyl)tetrahydro-2H-pyran-3-yl sulfate",/,492.43,C20H21NaO11S,,酚酸类,OC1=CC=C(/C=C/C2=CC(O[C@@H]3O[C@H](CO)[C@@H](O)[C@@H](O)[C@H]3OS(O[Na])(=O)=O)=CC(O)=C2)C=C1,"InChI=1S/C20H22O11S.Na/c21-10-16-17(24)18(25)19(31-32(26,27)28)20(30-16)29-15-8-12(7-14(23)9-15)2-1-11-3-5-13(22)6-4-11;/h1-9,16-25H,10H2,(H,26,27,28);/q;+1/p-1/b2-1+;/t16-,17-,18-,19-,20-;/m1./s1",HLKGCVMSJHAIRI-YDKXATRBSA-M,虎杖
HZ-032,反式白藜芦醇-3-O-β-D-葡萄糖苷-3″-硫酸盐,"sodium 4-((E)-3-hydroxy-5-(((2S,3R,5S,6R)-3,4,5-trihydroxy-6-(hydroxymethyl)tetrahydro-2H-pyran-2-yl)oxy)styryl)phenyl sulfate",/,492.43,C20H21NaO11S,,酚酸类,OC1=CC(/C=C/C2=CC=C(OS(=O)(O[Na])=O)C=C2)=CC(O[C@@H]3O[C@H](CO)[C@@H](O)C(O)[C@H]3O)=C1,"InChI=1S/C20H22O11S.Na/c21-10-16-17(23)18(24)19(25)20(30-16)29-15-8-12(7-13(22)9-15)2-1-11-3-5-14(6-4-11)31-32(26,27)28;/h1-9,16-25H,10H2,(H,26,27,28);/q;+1/p-1/b2-1+;/t16-,17-,18?,19-,20-;/m1./s1",HYMSYLOQLKXXKO-HDGXXKPBSA-M,虎杖
HZ-033,反式白藜芦醇-3-O-β-D-葡萄糖苷-5-硫酸盐,"sodium 3-((E)-4-hydroxystyryl)-5-(((2S,3R,5S,6R)-3,4,5-trihydroxy-6-(hydroxymethyl)tetrahydro-2H-pyran-2-yl)oxy)phenyl sulfate",/,492.43,C20H21NaO11S,,酚酸类,OC1=CC=C(/C=C/C2=CC(O[C@@H]3O[C@H](CO)[C@@H](O)C(O)[C@H]3O)=CC(OS(O[Na])(=O)=O)=C2)C=C1,"InChI=1S/C20H22O11S.Na/c21-10-16-17(23)18(24)19(25)20(30-16)29-14-7-12(8-15(9-14)31-32(26,27)28)2-1-11-3-5-13(22)6-4-11;/h1-9,16-25H,10H2,(H,26,27,28);/q;+1/p-1/b2-1+;/t16-,17-,18?,19-,20-;/m1./s1",SJMRZQMTKLNHBU-HDGXXKPBSA-M,虎杖
HZ-034,顺式白藜芦醇-3-O-β-D-葡萄糖苷-6″-硫酸盐,"sodium ((2R,3S,5R,6S)-3,4,5-trihydroxy-6-(3-hydroxy-5-((Z)-4-hydroxystyryl)phenoxy)tetrahydro-2H-pyran-2-yl)methyl sulfate",/,492.43,C20H21NaO11S,,酚酸类,OC1=CC=C(/C=C\C2=CC(O[C@H]3[C@@H](C([C@@H]([C@H](O3)COS(O[Na])(=O)=O)O)O)O)=CC(O)=C2)C=C1,"InChI=1S/C20H22O11S.Na/c21-13-5-3-11(4-6-13)1-2-12-7-14(22)9-15(8-12)30-20-19(25)18(24)17(23)16(31-20)10-29-32(26,27)28;/h1-9,16-25H,10H2,(H,26,27,28);/q;+1/p-1/b2-1-;/t16-,17-,18?,19-,20-;/m1./s1",FHFHSKMONLQSAY-COMOFWELSA-M,虎杖
HZ-035,顺式白藜芦醇-3-O-β-D-葡萄糖苷-4″-硫酸盐,"sodium (2R,3S,5R,6S)-4,5-dihydroxy-6-(3-hydroxy-5-((Z)-4-hydroxystyryl)phenoxy)-2-(hydroxymethyl)tetrahydro-2H-pyran-3-yl sulfate",/,492.43,C20H21NaO11S,,酚酸类,OC1=CC=C(/C=C\C2=CC(O[C@H]3[C@@H](C([C@@H]([C@H](O3)CO)OS(O[Na])(=O)=O)O)O)=CC(O)=C2)C=C1,"InChI=1S/C20H22O11S.Na/c21-10-16-19(31-32(26,27)28)17(24)18(25)20(30-16)29-15-8-12(7-14(23)9-15)2-1-11-3-5-13(22)6-4-11;/h1-9,16-25H,10H2,(H,26,27,28);/q;+1/p-1/b2-1-;/t16-,17?,18-,19-,20-;/m1./s1",CIKBJYXODHMNRE-XOJQNCEZSA-M,虎杖
HZ-036,顺式白藜芦醇-3-O-β-D-葡萄糖苷-3″-硫酸盐,"sodium (2S,3R,5R,6R)-3,5-dihydroxy-2-(3-hydroxy-5-((Z)-4-hydroxystyryl)phenoxy)-6-(hydroxymethyl)tetrahydro-2H-pyran-4-yl sulfate",/,492.43,C20H21NaO11S,,酚酸类,OC1=CC=C(/C=C\C2=CC(O[C@H]3[C@@H](C([C@@H]([C@H](O3)CO)O)OS(=O)(O[Na])=O)O)=CC(O)=C2)C=C1,"InChI=1S/C20H22O11S.Na/c21-10-16-17(24)19(31-32(26,27)28)18(25)20(30-16)29-15-8-12(7-14(23)9-15)2-1-11-3-5-13(22)6-4-11;/h1-9,16-25H,10H2,(H,26,27,28);/q;+1/p-1/b2-1-;/t16-,17-,18-,19?,20-;/m1./s1",WWELHRQWHDUELN-ASRNKZBSSA-M,虎杖
HZ-037,顺式白藜芦醇-3-O-β-D-葡萄糖苷-2″-硫酸盐,"sodium (2S,3R,5S,6R)-4,5-dihydroxy-2-(3-hydroxy-5-((Z)-4-hydroxystyryl)phenoxy)-6-(hydroxymethyl)tetrahydro-2H-pyran-3-yl sulfate",/,492.43,C20H21NaO11S,,酚酸类,OC1=CC=C(/C=C\C2=CC(O[C@H]3[C@@H](C([C@@H]([C@H](O3)CO)O)O)OS(=O)(O[Na])=O)=CC(O)=C2)C=C1,"InChI=1S/C20H22O11S.Na/c21-10-16-17(24)18(25)19(31-32(26,27)28)20(30-16)29-15-8-12(7-14(23)9-15)2-1-11-3-5-13(22)6-4-11;/h1-9,16-25H,10H2,(H,26,27,28);/q;+1/p-1/b2-1-;/t16-,17-,18?,19-,20-;/m1./s1",HLKGCVMSJHAIRI-COMOFWELSA-M,虎杖
HZ-038,顺式白藜芦醇-3-O-β-D-葡萄糖苷-5-硫酸盐,"sodium 3-((Z)-4-hydroxystyryl)-5-(((2R,3S,5R,6S)-3,4,5-trihydroxy-6-(hydroxymethyl)tetrahydro-2H-pyran-2-yl)oxy)phenyl sulfate",/,492.43,C20H21NaO11S,,酚酸类,OC1=CC=C(/C=C\C2=CC(O[C@@H]3[C@H](C([C@H]([C@@H](O3)CO)O)O)O)=CC(OS(O[Na])(=O)=O)=C2)C=C1,"InChI=1S/C20H22O11S.Na/c21-10-16-17(23)18(24)19(25)20(30-16)29-14-7-12(8-15(9-14)31-32(26,27)28)2-1-11-3-5-13(22)6-4-11;/h1-9,16-25H,10H2,(H,26,27,28);/q;+1/p-1/b2-1-;/t16-,17-,18?,19-,20-;/m0./s1",SJMRZQMTKLNHBU-PMQNLPTQSA-M,虎杖
HZ-039,Polynapstilbene A,Polynapstilbene A,1648747-55-0,782.74,C39H42O17,,酚酸类,OC[C@H]([C@H]([C@@H]([C@H]1O)O)O)O[C@H]1OC2=CC(O)=CC([C@H]3[C@H](C4=CC=C(C=C4)O)C(C(C(C(O[C@@H]5O[C@@H]([C@H]([C@@H]([C@H]5O)O)O)CO)=C6)=C7C)=CC(O)=C7C(C)=O)=C6O3)=C2,"InChI=1S/C39H42O17/c1-14-27(15(2)42)22(45)10-21-28(14)23(54-39-36(51)34(49)32(47)26(13-41)56-39)11-24-30(21)29(16-3-5-18(43)6-4-16)37(53-24)17-7-19(44)9-20(8-17)52-38-35(50)33(48)31(46)25(12-40)55-38/h3-11,25-26,29,31-41,43-51H,12-13H2,1-2H3/t25-,26-,29-,31-,32-,33+,34+,35-,36-,37+,38-,39-/m1/s1",CNYITQCLWVTKPR-ZBRFGSNPSA-N,虎杖
HZ-040,Polynapstilbene B,Polynapstilbene B,1648747-56-1,782.74,C39H42O17,,酚酸类,OC[C@H]([C@H]([C@@H]([C@H]1O)O)O)O[C@H]1OC2=CC(O)=CC([C@@H]3[C@@H](C4=CC=C(C=C4)O)C(C(C(C(O[C@@H]5O[C@@H]([C@H]([C@@H]([C@H]5O)O)O)CO)=C6)=C7C)=CC(O)=C7C(C)=O)=C6O3)=C2,"InChI=1S/C39H42O17/c1-14-27(15(2)42)22(45)10-21-28(14)23(54-39-36(51)34(49)32(47)26(13-41)56-39)11-24-30(21)29(16-3-5-18(43)6-4-16)37(53-24)17-7-19(44)9-20(8-17)52-38-35(50)33(48)31(46)25(12-40)55-38/h3-11,25-26,29,31-41,43-51H,12-13H2,1-2H3/t25-,26-,29+,31-,32-,33+,34+,35-,36-,37-,38-,39-/m1/s1",CNYITQCLWVTKPR-SJKKVAEVSA-N,虎杖
HZ-041,槲皮素,Quercetin,117-39-5,302.24,C15H10O7,,黄酮类,OC1=CC(O)=C(C(C(O)=C2C3=CC(O)=C(O)C=C3)=O)C(O2)=C1,"InChI=1S/C15H10O7/c16-7-4-10(19)12-11(5-7)22-15(14(21)13(12)20)6-1-2-8(17)9(18)3-6/h1-5,16-19,21H",REFJWTPEDVJJIY-UHFFFAOYSA-N,虎杖
HZ-042,槲皮素-3-O-阿拉伯糖苷,Guajavarin,22255-13-6,434.35,C20H18O11,,黄酮类,O=C(C(O[C@H]1[C@@H]([C@H]([C@H](CO1)O)O)O)=C(C2=CC(O)=C(C=C2)O)OC3=CC(O)=C4)C3=C4O,"InChI=1S/C20H18O11/c21-8-4-11(24)14-13(5-8)30-18(7-1-2-9(22)10(23)3-7)19(16(14)27)31-20-17(28)15(26)12(25)6-29-20/h1-5,12,15,17,20-26,28H,6H2/t12-,15-,17+,20-/m0/s1",PZZRDJXEMZMZFD-IEGSVRCHSA-N,虎杖
HZ-043,槲皮素-3-O-鼠李糖苷,Quercitrin,522-12-3,448.38,C21H20O11,,黄酮类,O=C(C(O[C@H]1[C@@H]([C@@H]([C@H]([C@@H](O1)C)O)O)O)=C(C2=CC(O)=C(C=C2)O)OC3=CC(O)=C4)C3=C4O,"InChI=1S/C21H20O11/c1-7-15(26)17(28)18(29)21(30-7)32-20-16(27)14-12(25)5-9(22)6-13(14)31-19(20)8-2-3-10(23)11(24)4-8/h2-7,15,17-18,21-26,28-29H,1H3/t7-,15-,17+,18+,21-/m0/s1",OXGUCUVFOIWWQJ-HQBVPOQASA-N,虎杖
HZ-044,槲皮素3-O-(6″-没食子酰基)-β-D-半乳糖苷,Quercetin 3-O-(6''-galloyl)-β-D-galactopyranoside,53171-28-1,616.48,C28H24O16,,黄酮类,O=C(C(O[C@@H]1O[C@@H]([C@@H]([C@@H]([C@H]1O)O)O)COC(C2=CC(O)=C(C(O)=C2)O)=O)=C(C3=CC(O)=C(C=C3)O)OC4=CC(O)=C5)C4=C5O,"InChI=1S/C28H24O16/c29-11-6-14(32)19-17(7-11)42-25(9-1-2-12(30)13(31)3-9)26(22(19)37)44-28-24(39)23(38)21(36)18(43-28)8-41-27(40)10-4-15(33)20(35)16(34)5-10/h1-7,18,21,23-24,28-36,38-39H,8H2/t18-,21+,23+,24-,28+/m1/s1",FMQQLXJREAGPHS-OJWSHTDTSA-N,虎杖
HZ-045,槲皮素-3-O-葡萄糖苷,Isoquercitrin,21637-25-2,464.38,C21H20O12,,黄酮类,O=C(C(O[C@@H]1O[C@]([C@@H]([C@H]1O)O)([H])[C@H](O)CO)=C(C2=CC(O)=C(C=C2)O)OC3=CC(O)=C4)C3=C4O,"InChI=1S/C21H20O12/c22-6-12(27)19-16(29)17(30)21(32-19)33-20-15(28)14-11(26)4-8(23)5-13(14)31-18(20)7-1-2-9(24)10(25)3-7/h1-5,12,16-17,19,21-27,29-30H,6H2/t12-,16-,17-,19-,21+/m1/s1",OPJZLUXFQFQYAI-GNPVFZCLSA-N,虎杖
HZ-046,木犀草素-7-O-葡萄糖苷,Cynaroside,5373/11/5,448.38,C21H20O11,,黄酮类,O=C1C2=C(O)C=C(O[C@@H]3O[C@@H]([C@H]([C@@H]([C@H]3O)O)O)CO)C=C2OC(C4=CC(O)=C(C=C4)O)=C1,"InChI=1S/C21H20O11/c22-7-16-18(27)19(28)20(29)21(32-16)30-9-4-12(25)17-13(26)6-14(31-15(17)5-9)8-1-2-10(23)11(24)3-8/h1-6,16,18-25,27-29H,7H2/t16-,18-,19+,20-,21-/m1/s1",PEFNSGRTCBGNAN-QNDFHXLGSA-N,虎杖
HZ-047,儿茶素,(+)-Catechin,154-23-4,290.27,C15H14O6,,酚酸类,O[C@@H]1[C@@H](C2=CC(O)=C(C=C2)O)OC3=CC(O)=CC(O)=C3C1,"InChI=1S/C15H14O6/c16-8-4-11(18)9-6-13(20)15(21-14(9)5-8)7-1-2-10(17)12(19)3-7/h1-5,13,15-20H,6H2/t13-,15+/m0/s1",PFTAWBLQPZVEMU-DZGCQCFKSA-N,虎杖
HZ-048,芹菜素,Apigenin,520-36-5,270.24,C15H10O5,,黄酮类,OC1=CC=C(C2=CC(C3=C(O)C=C(O)C=C3O2)=O)C=C1,"InChI=1S/C15H10O5/c16-9-3-1-8(2-4-9)13-7-12(19)15-11(18)5-10(17)6-14(15)20-13/h1-7,16-18H",KZNIFHPLKGYRTM-UHFFFAOYSA-N,虎杖
HZ-049,Polyflavanostilbene A,Polyflavanostilbene A,1420203-65-1,846.74,C42H38O19,,酚酸类,O[C@@]12[C@@]34[C@]([C@@H](C5=CC=C(C=C5)O)O2)([H])C6=CC(O[C@@H]7O[C@@H]([C@H]([C@@H]([C@H]7O)O)O)CO)=CC(O)=C6[C@]3([H])[C@H]([C@@H](C8=CC(O)=C(C=C8)O)OC4=CC(C1)=O)OC(C9=CC(O)=C(C(O)=C9)O)=O,"InChI=1S/C42H38O19/c43-14-27-33(52)34(53)35(54)40(58-27)57-20-11-21-29(24(48)12-20)31-38(60-39(55)17-8-25(49)32(51)26(50)9-17)37(16-3-6-22(46)23(47)7-16)59-28-10-19(45)13-41(56)42(28,31)30(21)36(61-41)15-1-4-18(44)5-2-15/h1-12,27,30-31,33-38,40,43-44,46-54,56H,13-14H2/t27-,30-,31-,33-,34+,35-,36-,37-,38-,40-,41+,42+/m1/s1",PUVCOCLLOUYBTL-FMFNXWPYSA-N,虎杖
HZ-050,芦丁,Rutin,153-18-4,610.52,C27H30O16,,黄酮类,O=C(C(O[C@@H]1O[C@@H]([C@H]([C@@H]([C@H]1O)O)O)CO[C@H]2[C@@H]([C@@H]([C@H]([C@@H](O2)C)O)O)O)=C(C3=CC(O)=C(C=C3)O)OC4=CC(O)=C5)C4=C5O,"InChI=1S/C27H30O16/c1-8-17(32)20(35)22(37)26(40-8)39-7-15-18(33)21(36)23(38)27(42-15)43-25-19(34)16-13(31)5-10(28)6-14(16)41-24(25)9-2-3-11(29)12(30)4-9/h2-6,8,15,17-18,20-23,26-33,35-38H,7H2,1H3/t8-,15+,17-,18+,20+,21-,22+,23+,26+,27-/m0/s1",IKGXIBQEEMLURG-NVPNHPEKSA-N,虎杖
HZ-051,山柰酚,Kaempferol,520-18-3,286.24,C15H10O6,,黄酮类,OC1=CC=C(C2=C(O)C(C3=C(O)C=C(O)C=C3O2)=O)C=C1,"InChI=1S/C15H10O6/c16-8-3-1-7(2-4-8)15-14(20)13(19)12-10(18)5-9(17)6-11(12)21-15/h1-6,16-18,20H",IYRMWMYZSQPJKC-UHFFFAOYSA-N,虎杖
HZ-052,橙皮素,Hesperetin,520-33-2,302.28,C16H14O6,,黄酮类,O=C1C2=C(O)C=C(O)C=C2O[C@H](C3=CC(O)=C(C=C3)OC)C1,"InChI=1S/C16H14O6/c1-21-13-3-2-8(4-10(13)18)14-7-12(20)16-11(19)5-9(17)6-15(16)22-14/h2-6,14,17-19H,7H2,1H3/t14-/m0/s1",AIONOLUJZLIMTK-AWEZNQCLSA-N,虎杖
HZ-053,(－)-表儿茶素没食子酸酯,(-)-Epicatechin gallate,1257-08-5,442.37,C22H18O10,,酚酸类,O=C(C1=CC(O)=C(C(O)=C1)O)O[C@H]2[C@@H](C3=CC(O)=C(C=C3)O)OC4=CC(O)=CC(O)=C4C2,"InChI=1S/C22H18O10/c23-11-6-14(25)12-8-19(32-22(30)10-4-16(27)20(29)17(28)5-10)21(31-18(12)7-11)9-1-2-13(24)15(26)3-9/h1-7,19,21,23-29H,8H2/t19-,21-/m1/s1",LSHVYAFMTMFKBA-TZIWHRDSSA-N,虎杖
HZ-054,染料木素,Genistein,446-72-0,270.24,C15H10O5,,黄酮类,OC1=CC=C(C2=COC3=CC(O)=CC(O)=C3C2=O)C=C1,"InChI=1S/C15H10O5/c16-9-3-1-8(2-4-9)11-7-20-13-6-10(17)5-12(18)14(13)15(11)19/h1-7,16-18H",TZBJGXHYKVUXJN-UHFFFAOYSA-N,虎杖
HZ-055,(－)-表儿茶素-3-O-克拉维酸,"Benzeneacetic acid, 2-acetyl-3,5-dihydroxy-, (2R,3R)-2-(3,4-dihydroxyphenyl)-3,4-dihydro-5,7-dihydroxy-2H-1-benzopyran-3-yl ester (ACI)",1646632-62-3,482.44,C25H22O10,,酚酸类,CC(C(C(O)=CC(O)=C1)=C1CC(O[C@H]2[C@@H](C3=CC(O)=C(C=C3)O)OC4=CC(O)=CC(O)=C4C2)=O)=O,"InChI=1S/C25H22O10/c1-11(26)24-13(4-14(27)8-20(24)32)6-23(33)34-22-10-16-18(30)7-15(28)9-21(16)35-25(22)12-2-3-17(29)19(31)5-12/h2-5,7-9,22,25,27-32H,6,10H2,1H3/t22-,25-/m1/s1",BCEQGTQBSCDFLY-RCZVLFRGSA-N,虎杖
HZ-056,槲皮素-3-O-β-D-木糖苷,Reynoutrin,549-32-6,434.35,C20H18O11,,黄酮类,O=C(C(O[C@H]1[C@@H]([C@H]([C@@H](CO1)O)O)O)=C(C2=CC(O)=C(C=C2)O)OC3=CC(O)=C4)C3=C4O,"InChI=1S/C20H18O11/c21-8-4-11(24)14-13(5-8)30-18(7-1-2-9(22)10(23)3-7)19(16(14)27)31-20-17(28)15(26)12(25)6-29-20/h1-5,12,15,17,20-26,28H,6H2/t12-,15+,17-,20+/m1/s1",PZZRDJXEMZMZFD-BWYUNELBSA-N,虎杖
HZ-057,金丝桃苷,Hyperoside,482-36-0,464.38,C21H20O12,,黄酮类,O=C(C(O[C@@H]1O[C@@H]([C@@H]([C@@H]([C@H]1O)O)O)CO)=C(C2=CC(O)=C(C=C2)O)OC3=CC(O)=C4)C3=C4O,"InChI=1S/C21H20O12/c22-6-13-15(27)17(29)18(30)21(32-13)33-20-16(28)14-11(26)4-8(23)5-12(14)31-19(20)7-1-2-9(24)10(25)3-7/h1-5,13,15,17-18,21-27,29-30H,6H2/t13-,15+,17+,18-,21+/m1/s1",OVSQVDMCBVZWGM-DTGCRPNFSA-N,虎杖
HZ-058,(－)-表儿茶素-3-O-(E)-咖啡酸,"2-Propenoic acid, 3-(3,4-dihydroxyphenyl)-, (2R,3R)-2-(3,4-dihydroxyphenyl)-3,4-dihydro-5,7-dihydroxy-2H-1-benzopyran-3-yl ester, (2E)- (ACI)",1646632-63-4,452.41,C24H20O9,,酚酸类,OC(C=C1/C=C/C(O[C@H]2[C@@H](C3=CC(O)=C(C=C3)O)OC4=CC(O)=CC(O)=C4C2)=O)=C(C=C1)O,"InChI=1S/C24H20O9/c25-14-9-18(28)15-11-22(32-23(31)6-2-12-1-4-16(26)19(29)7-12)24(33-21(15)10-14)13-3-5-17(27)20(30)8-13/h1-10,22,24-30H,11H2/b6-2+/t22-,24-/m1/s1",JWPZQWKMASEBNO-SQMJIZMMSA-N,虎杖
HZ-059,原儿茶酸,Protocatechuic acid,99-50-3,154.12,C7H6O4,,酚酸类,OC1=C(O)C=C(C(O)=O)C=C1,"InChI=1S/C7H6O4/c8-5-2-1-4(7(10)11)3-6(5)9/h1-3,8-9H,(H,10,11)",YQUVCSBJEUQKSH-UHFFFAOYSA-N,虎杖
HZ-060,2，5-二甲基-7-羟基色酮,"2,5-Dimethyl-7-hydroxychromone",38412-47-4,190.2,C11H10O3,,酚酸类,CC1=CC(O)=CC2=C1C(C=C(O2)C)=O,"InChI=1S/C11H10O3/c1-6-3-8(12)5-10-11(6)9(13)4-7(2)14-10/h3-5,12H,1-2H3",CRNGFKXWIYTEPH-UHFFFAOYSA-N,虎杖
HZ-061,5-羟甲基-7-羟基-2-甲基色原酮,"4H-1-Benzopyran-4-one, 7-hydroxy-5-methoxy-2-methyl- (9CI, ACI)",3449-40-9,206.2,C11H10O4,,酚酸类,CC1=CC(C2=C(OC)C=C(O)C=C2O1)=O,"InChI=1S/C11H10O4/c1-6-3-8(13)11-9(14-2)4-7(12)5-10(11)15-6/h3-5,12H,1-2H3",CEYBVHFSZZQISA-UHFFFAOYSA-N,虎杖
HZ-062,5，7-二羟基-1(3H)-异苯并呋喃酮,"1(3H)-Isobenzofuranone, 5,7-dihydroxy- (9CI, ACI)",27979-58-4,166.13,C8H6O4,,酚酸类,OC1=CC(O)=C2C(COC2=O)=C1,"InChI=1S/C8H6O4/c9-5-1-4-3-12-8(11)7(4)6(10)2-5/h1-2,9-10H,3H2",MASWIRTUXFZGAF-UHFFFAOYSA-N,虎杖
HZ-063,黄葵内酯,Ambrettolide,123-69-3,252.39,C16H28O2,,挥发油类,O=C1CCCC/C=C/CCCCCCCCCO1,"InChI=1S/C16H28O2/c17-16-14-12-10-8-6-4-2-1-3-5-7-9-11-13-15-18-16/h4,6H,1-3,5,7-15H2/b6-4+",HMWPDRYGIBLSHB-GQCTYLIASA-N,虎杖
HZ-064,没食子酸,Gallic acid,149-91-7,170.12,C7H6O5,,酚酸类,OC1=C(O)C(O)=CC(C(O)=O)=C1,"InChI=1S/C7H6O5/c8-4-1-3(7(11)12)2-5(9)6(4)10/h1-2,8-10H,(H,11,12)",LNTHITQWFMADLM-UHFFFAOYSA-N,虎杖
HZ-065,2，6-二羟基苯甲酸,"2,6-Dihydroxybenzoic acid",303-07-1,154.12,C7H6O4,,酚酸类,OC1=C(C(O)=O)C(O)=CC=C1,"InChI=1S/C7H6O4/c8-4-2-1-3-5(9)6(4)7(10)11/h1-3,8-9H,(H,10,11)",AKEUNCKRJATALU-UHFFFAOYSA-N,虎杖
HZ-066,β-谷甾醇,β-Sitosterol,83-46-5,414.71,C29H50O,,甾体类,C[C@@]12[C@](CC[C@]2([H])[C@H](C)CC[C@@H](CC)C(C)C)([H])[C@@]3([H])[C@@](CC1)([H])[C@@]4(C(C[C@H](CC4)O)=CC3)C,"InChI=1S/C29H50O/c1-7-21(19(2)3)9-8-20(4)25-12-13-26-24-11-10-22-18-23(30)14-16-28(22,5)27(24)15-17-29(25,26)6/h10,19-21,23-27,30H,7-9,11-18H2,1-6H3/t20-,21-,23+,24+,25-,26+,27+,28+,29-/m1/s1",KZJWDPNRJALLNS-VJSFXXLFSA-N,虎杖
HZ-067,齐墩果酸,Oleanolic acid,508-02-1,456.7,C30H48O3,,三萜类,C[C@]12[C@]3(C([C@@]4([H])[C@@](CC3)(CCC(C)(C4)C)C(O)=O)=CC[C@]1([H])[C@@]5([C@@](C(C)([C@H](CC5)O)C)([H])CC2)C)C,"InChI=1S/C30H48O3/c1-25(2)14-16-30(24(32)33)17-15-28(6)19(20(30)18-25)8-9-22-27(5)12-11-23(31)26(3,4)21(27)10-13-29(22,28)7/h8,20-23,31H,9-18H2,1-7H3,(H,32,33)/t20-,21-,22+,23-,27-,28+,29+,30-/m0/s1",MIJYXULNPSFWEK-GTOFXWBISA-N,虎杖
HZ-068,1-(3-O-β-D-吡喃葡萄糖基-4，5-二羟基-苯基)-乙酮,"1- (3-O)- β- D-glucopyranose-4,5-dihydroxy-phenyl) - ethanone",/,316.26,C13H16O9,,苯丙素类,CC(C1=CC(O[C@H]2[C@H](O)[C@H](O)C(O)[C@@H](O)O2)=C(O)C(O)=C1)=O,"InChI=1S/C13H16O9/c1-4(14)5-2-6(15)8(16)7(3-5)21-13-11(19)9(17)10(18)12(20)22-13/h2-3,9-13,15-20H,1H3/t9-,10?,11-,12+,13-/m1/s1",BRGOIACOTQSOPY-JVGWCMFKSA-N,虎杖
HZ-069,它乔糖苷,Tachioside,109194-60-7,302.28,C13H18O8,,糖苷类,OC[C@H]([C@H]([C@@H]([C@H]1O)O)O)O[C@H]1OC2=CC(OC)=C(C=C2)O,"InChI=1S/C13H18O8/c1-19-8-4-6(2-3-7(8)15)20-13-12(18)11(17)10(16)9(5-14)21-13/h2-4,9-18H,5H2,1H3/t9-,10-,11+,12-,13-/m1/s1",KWVHACHAQJFTLZ-UJPOAAIJSA-N,虎杖
HZ-070,异它乔糖苷,Isotachioside,31427-08-4,302.28,C13H18O8,,糖苷类,COC(C=C(C=C1)O)=C1O[C@@H]2O[C@@H]([C@H]([C@@H]([C@H]2O)O)O)CO,"InChI=1S/C13H18O8/c1-19-8-4-6(15)2-3-7(8)20-13-12(18)11(17)10(16)9(5-14)21-13/h2-4,9-18H,5H2,1H3/t9-,10-,11+,12-,13-/m1/s1",LWEHRPZXRYZMDC-UJPOAAIJSA-N,虎杖
HZ-071,酒石酸,Tartaric acid,87-69-4,150.09,C4H6O6,,酚酸类,OC([C@H](O)[C@@H](O)C(O)=O)=O,"InChI=1S/C4H6O6/c5-1(3(7)8)2(6)4(9)10/h1-2,5-6H,(H,7,8)(H,9,10)/t1-,2-/m1/s1",FEWJPZIEWOKRBE-JCYAYHJZSA-N,虎杖
HZ-072,苹果酸,Malic acid,6915-15-7,134.09,C4H6O5,,酚酸类,OC(C(O)=O)CC(O)=O,"InChI=1S/C4H6O5/c5-2(4(8)9)1-3(6)7/h2,5H,1H2,(H,6,7)(H,8,9)",BJEPYKJPYRNKOW-UHFFFAOYSA-N,虎杖
HZ-073,柠檬酸,Citric acid,77-92-9,192.12,C6H8O7,,酚酸类,O=C(O)CC(C(O)=O)(O)CC(O)=O,"InChI=1S/C6H8O7/c7-3(8)1-6(13,5(11)12)2-4(9)10/h13H,1-2H2,(H,7,8)(H,9,10)(H,11,12)",KRKNYBCHXYNGOX-UHFFFAOYSA-N,虎杖
HZ-074,维生素 C,Vitamin C,50-81-7,176.12,C6H8O6,,酚酸类,OC[C@@H]([C@]1([H])C(O)=C(C(O1)=O)O)O,"InChI=1S/C6H8O6/c7-1-2(8)5-3(9)4(10)6(11)12-5/h2,5,7-10H,1H2/t2-,5+/m0/s1",CIWBSHSKHKDKBQ-JLAZNSOCSA-N,虎杖
HZ-075,草酸,Oxalic acid,144-62-7,90.03,C2H2O4,,酚酸类,OC(C(O)=O)=O,"InChI=1S/C2H2O4/c3-1(4)2(5)6/h(H,3,4)(H,5,6)",MUBZPKHOEPUJKR-UHFFFAOYSA-N,虎杖
HZ-076,色氨酸,Tryptophan,73-22-3,204.23,C11H12N2O2,,酚酸类,OC([C@@H](N)CC1=CNC2=CC=CC=C12)=O,"InChI=1S/C11H12N2O2/c12-9(11(14)15)5-7-6-13-10-4-2-1-3-8(7)10/h1-4,6,9,13H,5,12H2,(H,14,15)/t9-/m0/s1",QIVBCDIJIAJPQS-VIFPVBQESA-N,虎杖
HZ-077,1-(3-O-β-D-吡喃葡萄糖苷-4，5-二羟基苯基)-氨基苯乙酮,"1-[3-(β-D-Glucopyranosyloxy)-4,5-dihydroxyphenyl]ethanone",448949-59-5,330.29,C14H18O9,,苯丙素类,O=C(C)C1=CC(O)=C(O)C(O[C@@H]2[C@@H](O)[C@H](O)[C@@H](O)[C@H](CO)O2)=C1,"InChI=1S/C14H18O9/c1-5(16)6-2-7(17)10(18)8(3-6)22-14-13(21)12(20)11(19)9(4-15)23-14/h2-3,9,11-15,17-21H,4H2,1H3/t9-,11-,12+,13-,14-/m0/s1",QLFNMRWROGMDLF-HNGSFYKJSA-N,虎杖
HZ-078,2，6-二羟基苯乙酸,"2,6-dihydroxyphenylacetic acid",64700-73-8,168.15,C8H8O4,,苯丙素类,OC(C=CC=C1O)=C1CC(O)=O,"InChI=1S/C8H8O4/c9-6-2-1-3-7(10)5(6)4-8(11)12/h1-3,9-10H,4H2,(H,11,12)",CROCAQYJJNCZQH-UHFFFAOYSA-N,虎杖
HZ-079,1-(3'，5'-二羟苯基)-2-(4″-羟苯基)-乙烷基-1，2-二醇,"5-[1,2-Dihydroxy-2-(4-hydroxyphenyl)ethyl]-1,3-benzenediol",1945942-54-0,262.26,C14H14O5,,黄酮类,OC1=CC(O)=CC(C(O)C(O)C2=CC=C(O)C=C2)=C1,"InChI=1S/C14H14O5/c15-10-3-1-8(2-4-10)13(18)14(19)9-5-11(16)7-12(17)6-9/h1-7,13-19H",GGSOFAHOBAQOMR-UHFFFAOYSA-N,虎杖
HZ-080,3，4-二羟基-5-甲氧基苯甲酸钠,sodium 2-hydroxy-6-methoxy-4-(methoxycarbonyl)phenyl sulfate,/,300.21,C9H9NaO8S,,苯丙素类,O=C(OC)C1=CC(OC)=C(OS(=O)(O[Na])=O)C(O)=C1,"InChI=1S/C9H10O8S.Na/c1-15-7-4-5(9(11)16-2)3-6(10)8(7)17-18(12,13)14;/h3-4,10H,1-2H3,(H,12,13,14);/q;+1/p-1",IUASNIDXZZTXJY-UHFFFAOYSA-M,虎杖
HZ-081,绿原酸,Chlorogenic acid,327-97-9,354.31,C16H18O9,,酚酸类,OC(C=C1C=CC(O[C@@H]2C[C@@](O)(C[C@H]([C@H]2O)O)C(O)=O)=O)=C(C=C1)O,"InChI=1S/C16H18O9/c17-9-3-1-8(5-10(9)18)2-4-13(20)25-12-7-16(24,15(22)23)6-11(19)14(12)21/h1-5,11-12,14,17-19,21,24H,6-7H2,(H,22,23)/t11-,12-,14-,16+/m1/s1",CWVRJTMFETXNAD-NCZKRNLISA-N,虎杖
HZ-082,胡萝卜苷,Daucosterol,474-58-8,576.85,C35H60O6,,甾体类,C[C@@]12[C@](CC[C@]2([H])[C@H](C)CC[C@@H](CC)C(C)C)([H])[C@@]3([H])[C@@](CC1)([H])[C@@]4(C(C[C@H](CC4)O[C@@H]5O[C@@H]([C@H]([C@@H]([C@H]5O)O)O)CO)=CC3)C,"InChI=1S/C35H60O6/c1-7-22(20(2)3)9-8-21(4)26-12-13-27-25-11-10-23-18-24(14-16-34(23,5)28(25)15-17-35(26,27)6)40-33-32(39)31(38)30(37)29(19-36)41-33/h10,20-22,24-33,36-39H,7-9,11-19H2,1-6H3/t21-,22-,24+,25+,26-,27+,28+,29-,30-,31+,32-,33-,34+,35-/m1/s1",NPJICTMALKLTFW-OFUAXYCQSA-N,虎杖
HZ-083,新绿原酸,Neochlorogenic acid,906-33-2,354.31,C16H18O9,,酚酸类,OC(C=C1/C=C/C(O[C@@H]2C[C@](O)(C[C@H]([C@@H]2O)O)C(O)=O)=O)=C(C=C1)O,"InChI=1S/C16H18O9/c17-9-3-1-8(5-10(9)18)2-4-13(20)25-12-7-16(24,15(22)23)6-11(19)14(12)21/h1-5,11-12,14,17-19,21,24H,6-7H2,(H,22,23)/b4-2+/t11-,12-,14+,16-/m1/s1",CWVRJTMFETXNAD-NXLLHMKUSA-N,虎杖
HZ-084,5，7-二羟基-6-甲氧基-3-(9-羟基苯基甲基)-色原酮,"2-hydroxybenzyl 5,7-dihydroxy-6-methoxy-4-oxochromane-3-carboxylate",/,360.32,C18H16O8,,香豆素类,OC(C=CC=C1)=C1COC(C2C(C3=C(O)C(OC)=C(O)C=C3OC2)=O)=O,"InChI=1S/C18H16O8/c1-24-17-12(20)6-13-14(16(17)22)15(21)10(8-25-13)18(23)26-7-9-4-2-3-5-11(9)19/h2-6,10,19-20,22H,7-8H2,1H3",KFOZWEZDDKAWLN-UHFFFAOYSA-N,虎杖
HZ-085,4-羟基苯乙酮,4′-Hydroxyacetophenone,99-93-4,136.15,C8H8O2,,苯丙素类,CC(C1=CC=C(O)C=C1)=O,"InChI=1S/C8H8O2/c1-6(9)7-2-4-8(10)5-3-7/h2-5,10H,1H3",TXFPEBPIARQUIG-UHFFFAOYSA-N,虎杖
HZ-086,蔗糖,Sucrose,57-50-1,342.3,C12H22O11,,糖苷类,OC[C@]1(O[C@@H]([C@H]([C@@H]1O)O)CO)O[C@H]2O[C@@H]([C@H]([C@@H]([C@H]2O)O)O)CO,"InChI=1S/C12H22O11/c13-1-4-6(16)8(18)9(19)11(21-4)23-12(3-15)10(20)7(17)5(2-14)22-12/h4-11,13-20H,1-3H2/t4-,5-,6-,7-,8+,9-,10+,11-,12+/m1/s1",CZMRCDWAGMRECN-UGDNZRGBSA-N,虎杖
HZ-087,7-羟基-4-甲氧基-5-甲基香豆素,7-Hydroxy-5-methyl-4-(phenoxymethyl)-2H-1-benzopyran-2-one,2012553-52-3,220.22,C12H12O4,,香豆素类,COCC(C1=C(C)C=C(O)C=C1O2)=CC2=O,"InChI=1S/C12H12O4/c1-7-3-9(13)5-10-12(7)8(6-15-2)4-11(14)16-10/h3-5,13H,6H2,1-2H3",XKVIDJMGRFMDQC-UHFFFAOYSA-N,虎杖
HZ-088,香豆素,Coumarin,91-64-5,146.14,C9H6O2,,香豆素类,O=C1C=CC2=CC=CC=C2O1,InChI=1S/C9H6O2/c10-9-6-5-7-3-1-2-4-8(7)11-9/h1-6H,ZYGHJZDHTFUPRJ-UHFFFAOYSA-N,虎杖
HZ-089,利奥尼西林-2a-硫酸钠(－),"sodium ((1R,2S)-7-hydroxy-1-(4-hydroxy-3,5-dimethoxyphenyl)-3-(hydroxymethyl)-6,8-dimethoxy-1,2,3,4-tetrahydronaphthalen-2-yl)methyl sulfate",/,522.5,C22H27NaO11S,,酚酸类,OC[C@@H]1[C@@H](COS(=O)(O[Na])=O)[C@H](C2=CC(OC)=C(O)C(OC)=C2)C3=C(OC)C(O)=C(OC)C=C3C1,"InChI=1S/C22H28O11S.Na/c1-29-15-7-12(8-16(30-2)20(15)24)18-14(10-33-34(26,27)28)13(9-23)5-11-6-17(31-3)21(25)22(32-4)19(11)18;/h6-8,13-14,18,23-25H,5,9-10H2,1-4H3,(H,26,27,28);/q;+1/p-1/t13-,14-,18+;/m1./s1",MSHHPPJZIIMLBT-KYAUMTNUSA-M,虎杖
HZ-090,利奥尼西林-2a-硫酸钠(+),"sodium ((1S,3R)-7-hydroxy-1-(4-hydroxy-3-methoxyphenyl)-3-(hydroxymethyl)-6,8-dimethoxy-1,2,3,4-tetrahydronaphthalen-2-yl)methyl sulfate",/,492.47,C21H25NaO10S,,酚酸类,OC[C@H]1[C@H](COS(=O)(O[Na])=O)[C@@H](C2=CC=C(O)C(OC)=C2)C3=C(OC)C(O)=C(OC)C=C3C1,"InChI=1S/C21H26O10S.Na/c1-28-16-7-11(4-5-15(16)23)18-14(10-31-32(25,26)27)13(9-22)6-12-8-17(29-2)20(24)21(30-3)19(12)18;/h4-5,7-8,13-14,18,22-24H,6,9-10H2,1-3H3,(H,25,26,27);/q;+1/p-1/t13-,14-,18+;/m0./s1",SBXDOTDUDRNFML-IWXIITRMSA-M,虎杖
HZ-091,5，7-二羟基异苯唑呋喃,"4,6-Isobenzofurandiol",722458-14-2,150.13,C8H6O3,,苯丙素类,OC1=CC2=COC=C2C(O)=C1,"InChI=1S/C8H6O3/c9-6-1-5-3-11-4-7(5)8(10)2-6/h1-4,9-10H",VFJHDXXCGLXOCO-UHFFFAOYSA-N,虎杖
HZ-092,软脂酸,Palmitic acid,1957/10/3,256.42,C16H32O2,,酚酸类,CCCCCCCCCCCCCCCC(O)=O,"InChI=1S/C16H32O2/c1-2-3-4-5-6-7-8-9-10-11-12-13-14-15-16(17)18/h2-15H2,1H3,(H,17,18)",IPCSVZSSVZVIGE-UHFFFAOYSA-N,虎杖
HZ-093,硬脂酸,Stearic acid,1957/11/4,284.48,C18H36O2,,酚酸类,CCCCCCCCCCCCCCCCCC(O)=O,"InChI=1S/C18H36O2/c1-2-3-4-5-6-7-8-9-10-11-12-13-14-15-16-17-18(19)20/h2-17H2,1H3,(H,19,20)",QIQXTHQIDYTFRH-UHFFFAOYSA-N,虎杖
HZ-094,花生酸,Arachidonic acid,506-32-1,304.47,C20H32O2,,酚酸类,CCCCC/C=C\C/C=C\C/C=C\C/C=C\CCCC(O)=O,"InChI=1S/C20H32O2/c1-2-3-4-5-6-7-8-9-10-11-12-13-14-15-16-17-18-19-20(21)22/h6-7,9-10,12-13,15-16H,2-5,8,11,14,17-19H2,1H3,(H,21,22)/b7-6-,10-9-,13-12-,16-15-",YZXBAPSDXZZRGB-DOFZRALJSA-N,虎杖
HZ-095,决明松,Torachrysone,22649-04-3,246.26,C14H14O4,,酚酸类,CCCCC/C=C\C/C=C\C/C=C\C/C=C\CCCC(O)=O,"InChI=1S/C20H32O2/c1-2-3-4-5-6-7-8-9-10-11-12-13-14-15-16-17-18-19-20(21)22/h6-7,9-10,12-13,15-16H,2-5,8,11,14,17-19H2,1H3,(H,21,22)/b7-6-,10-9-,13-12-,16-15-",YZXBAPSDXZZRGB-DOFZRALJSA-N,虎杖
HZ-096,,"methyl 2-(6-((7-acetyl-8-hydroxy-3-methoxy-6-methylnaphthalen-1-yl)oxy)-3,4,5-trihydroxytetrahydro-2H-pyran-2-yl)acetate",/,450.44,C22H26O10,,酚酸类,CCCCC/C=C\C/C=C\C/C=C\C/C=C\CCCC(O)=O,"InChI=1S/C20H32O2/c1-2-3-4-5-6-7-8-9-10-11-12-13-14-15-16-17-18-19-20(21)22/h6-7,9-10,12-13,15-16H,2-5,8,11,14,17-19H2,1H3,(H,21,22)/b7-6-,10-9-,13-12-,16-15-",YZXBAPSDXZZRGB-DOFZRALJSA-N,虎杖
HZ-097,咖啡酸,Caffeic acid,331-39-5,180.16,C9H8O4,,酚酸类,CCCCC/C=C\C/C=C\C/C=C\C/C=C\CCCC=O,"InChI=1S/C20H32O/c1-2-3-4-5-6-7-8-9-10-11-12-13-14-15-16-17-18-19-20-21/h6-7,9-10,12-13,15-16,20H,2-5,8,11,14,17-19H2,1H3/b7-6-,10-9-,13-12-,16-15-",XTZSIVLWZNRBAB-DOFZRALJSA-N,虎杖
HZ-098,,"6,8-Dihydroxy-3-(2-hydroxypropyl)-1H-2-benzopyran-1-one",159980-40-2,236.22,C12H12O5,,酚酸类,CCCCC/C=C\C/C=C\C/C=C\C/C=C\CCCC(O)=O,"InChI=1S/C20H32O2/c1-2-3-4-5-6-7-8-9-10-11-12-13-14-15-16-17-18-19-20(21)22/h6-7,9-10,12-13,15-16H,2-5,8,11,14,17-19H2,1H3,(H,21,22)/b7-6-,10-9-,13-12-,16-15-",YZXBAPSDXZZRGB-DOFZRALJSA-N,虎杖
HZ-099,表儿茶素,Epicatechin,490-46-0,290.27,C15H14O6,,酚酸类,O[C@H]1[C@@H](C2=CC(O)=C(C=C2)O)OC3=CC(O)=CC(O)=C3C1,"InChI=1S/C15H14O6/c16-8-4-11(18)9-6-13(20)15(21-14(9)5-8)7-1-2-10(17)12(19)3-7/h1-5,13,15-20H,6H2/t13-,15-/m1/s1",PFTAWBLQPZVEMU-UKRRQHHQSA-N,虎杖
HZ-100,儿茶素-5-O-β-D-吡喃葡萄糖苷,(+)-Catechin-5-O-β-D-glucopyranoside,88126-53-8,452.41,C21H24O11,,黄酮类,O[C@@H]1[C@@H](C2=CC(O)=C(C=C2)O)OC3=CC(O)=CC(O[C@@H]4O[C@@H]([C@H]([C@@H]([C@H]4O)O)O)CO)=C3C1,"InChI=1S/C21H24O11/c22-7-16-17(27)18(28)19(29)21(32-16)31-15-5-9(23)4-14-10(15)6-13(26)20(30-14)8-1-2-11(24)12(25)3-8/h1-5,13,16-29H,6-7H2/t13-,16+,17+,18-,19+,20+,21+/m0/s1",ZESJTWVSXGZYTD-FBEISHDNSA-N,虎杖
HZ-101,Xanthorin,Xanthorin,17526-15-7,300.26,C16H12O6,,蒽醌类,CC1=CC(C(C2=C3C(O)=CC(OC)=C2O)=O)=C(C3=O)C(O)=C1,"InChI=1S/C16H12O6/c1-6-3-7-11(8(17)4-6)16(21)12-9(18)5-10(22-2)15(20)13(12)14(7)19/h3-5,17-18,20H,1-2H3",GLLRIXZGBQOFLM-UHFFFAOYSA-N,虎杖
HZ-102,Isorhodoptilometrin,Isorhodoptilometrin,15979-75-6,314.29,C17H14O6,,蒽醌类,O=C1C2=CC(C[C@H](O)C)=CC(O)=C2C(C3=C(O)C=C(O)C=C31)=O,"InChI=1S/C17H14O6/c1-7(18)2-8-3-10-14(12(20)4-8)17(23)15-11(16(10)22)5-9(19)6-13(15)21/h3-7,18-21H,2H2,1H3/t7-/m1/s1",LCYTUQNPPBLNJZ-SSDOTTSWSA-N,虎杖
HZ-103,虎杖素A,Cuspidatumin A,1155728-52-1,244.24,C14H12O4,,蒽醌类,CCOC1=CC(C2=CC=CC(C(C)=O)=C2C1=O)=O,"InChI=1S/C14H12O4/c1-3-18-12-7-11(16)10-6-4-5-9(8(2)15)13(10)14(12)17/h4-7H,3H2,1-2H3",FCVKXURNLWCZSV-UHFFFAOYSA-N,虎杖
HZ-104,虎杖素C,Cuspidatumin C,/,504.45,C27H20O10,,蒽醌类,O=C(C)C(C(C1=C2C(C3=C(OC)C=C(O)C4=C3C(C(C)=C(C=O)C4=O)=O)=C(OC)C=C1O)=O)=C(C)C2=O,"InChI=1S/C27H20O10/c1-9-12(8-28)26(34)18-13(30)6-15(36-4)20(22(18)24(9)32)21-16(37-5)7-14(31)19-23(21)25(33)10(2)17(11(3)29)27(19)35/h6-8,30-31H,1-5H3",JUXMXNOOWSMMNU-UHFFFAOYSA-N,虎杖
HZ-105,"6-乙酰基-2-乙氧基-5-羟基-7-甲基-1,4-萘醌","6-acetyl-2-ethoxy-5-hydroxy-7-methyl-1,4-naphthoquinone",1417900-21-0,274.27,C15H14O5,,蒽醌类,CCOC1=CC(C2=C(C1=O)C=C(C(C(C)=O)=C2O)C)=O,"InChI=1S/C15H14O5/c1-4-20-11-6-10(17)13-9(14(11)18)5-7(2)12(8(3)16)15(13)19/h5-6,19H,4H2,1-3H3",HHPDGVKSXLTKLE-UHFFFAOYSA-N,虎杖
HZ-106,"6-乙酰基-5,8-二羟基-2-甲氧基-7-甲基-1,4-萘醌","6-acetyl-5,8-dihydroxy-2-methoxy-7-methyl-1,4-naphthoquinone",1515646-02-2,276.24,C14H12O6,,蒽醌类,CC(C(C(C)=O)=C1O)=C(O)C2=C1C(C=C(OC)C2=O)=O,"InChI=1S/C14H12O6/c1-5-9(6(2)15)14(19)10-7(16)4-8(20-3)13(18)11(10)12(5)17/h4,17,19H,1-3H3",PHRQNTXVBVJWJE-UHFFFAOYSA-N,虎杖
HZ-107,"3-乙酰基-5-羟基7-甲氧基-2-甲基-1,4-萘醌","3-acetyl-5-hydroxy7-methoxy-2-methyl-1,4-naphthoquinone",144761-28-4,260.24,C14H12O5,,蒽醌类,CC(C(C1=C2C(O)=CC(OC)=C1)=O)=C(C2=O)C(C)=O,"InChI=1S/C14H12O5/c1-6-11(7(2)15)14(18)12-9(13(6)17)4-8(19-3)5-10(12)16/h4-5,16H,1-3H3",GBEJSKTVOVIDMP-UHFFFAOYSA-N,虎杖
HZ-108,阿魏酸,Ferulic acid,1135-24-6,194.18,C10H10O4,,酚酸类,COC1=C(O)C=CC(/C=C/C(O)=O)=C1,"InChI=1S/C10H10O4/c1-14-9-6-7(2-4-8(9)11)3-5-10(12)13/h2-6,11H,1H3,(H,12,13)/b5-3+",KSEBMYQBYZTDHS-HWKANZROSA-N,虎杖
HZ-109,D-甘露醇,D-Mannitol,69-65-8,182.17,C6H14O6,,酚酸类,OC[C@@H](O)[C@@H](O)[C@H](O)[C@H](O)CO,"InChI=1S/C6H14O6/c7-1-3(9)5(11)6(12)4(10)2-8/h3-12H,1-2H2/t3-,4-,5-,6-/m1/s1",FBPFZTCFMRRESA-KVTDHHQDSA-N,虎杖
HZ-110,芒果苷,Mangiferin,4773-96-0,422.34,C19H18O11,,蒽醌类,OC1=C2C(OC3=CC(O)=C(O)C=C3C2=O)=CC(O)=C1[C@@H]4O[C@@H]([C@H]([C@@H]([C@H]4O)O)O)CO,"InChI=1S/C19H18O11/c20-4-11-15(25)17(27)18(28)19(30-11)12-8(23)3-10-13(16(12)26)14(24)5-1-6(21)7(22)2-9(5)29-10/h1-3,11,15,17-23,25-28H,4H2/t11-,15-,17+,18-,19+/m1/s1",AEDDIBAIWPIIBD-ZJKJAXBQSA-N,虎杖
HZ-111,新芒果苷,Neomangiferin,64809-67-2,584.48,C25H28O16,,蒽醌类,OC1=C2C(OC3=CC(O)=C(O[C@@H]4O[C@@H]([C@H]([C@@H]([C@H]4O)O)O)CO)C=C3C2=O)=CC(O)=C1[C@@H]5O[C@@H]([C@H]([C@@H]([C@H]5O)O)O)CO,"InChI=1S/C25H28O16/c26-4-12-17(31)20(34)22(36)24(39-12)14-8(29)3-11-15(19(14)33)16(30)6-1-10(7(28)2-9(6)38-11)40-25-23(37)21(35)18(32)13(5-27)41-25/h1-3,12-13,17-18,20-29,31-37H,4-5H2/t12-,13-,17-,18-,20+,21+,22-,23-,24+,25-/m1/s1",VUWOVGXVRYBSGI-IRXABLMPSA-N,虎杖
HZ-112,何首乌乙素,Polygonimitin B,156980-62-0,418.39,C21H22O9,,蒽醌类,O=C(C(C(OC1=C2)=CC(O)=C3)=C3O[C@@H]4O[C@@H]([C@H]([C@@H]([C@H]4O)O)O)CO)C1=CC(C)=C2C,"InChI=1S/C21H22O9/c1-8-3-11-12(4-9(8)2)28-13-5-10(23)6-14(16(13)17(11)24)29-21-20(27)19(26)18(25)15(7-22)30-21/h3-6,15,18-23,25-27H,7H2,1-2H3/t15-,18-,19+,20-,21-/m1/s1",WMAOOSUVFZELAH-CMWLGVBASA-N,虎杖
HZ-113,穗花杉黄酮,Amentoflavone,1617-53-4,538.46,C30H18O10,,黄酮类,,,,虎杖
HZ-114,紫云英苷,Astragalin,480-10-4,448.38,C21H20O11,,黄酮类,,,,虎杖
HZ-115,三叶豆苷,Trifolin,23627-87-4,448.38,C21H20O11,,黄酮类,,,,虎杖
HZ-116,扁蓄苷,Avicularin,572-30-5,434.35,C20H18O11,,黄酮类,,,,虎杖
HZ-117,蓼黄烷茋 B,Polyflavanostilbene B,2241235-74-3,684.6,C36H28O14,,酚酸类,,,,虎杖
HZ-118,蒜头果素 C,Malaferin C,1437640-83-9,466.44,C25H22O9,,酚酸类,,,,虎杖
HZ-119,"原花青素 B-2,3-O-没食子酸酯",Procyanidin B 2 3′-O-gallate,73086-04-1,730.63,C37H30O16,,酚酸类,,,,虎杖
