编号,英文名称,化合物名称,分子式,分子量,CAS号,2D图,分类,smiles,inchi,inchikey,药材名称
DH-001,Columbianadin,欧当归内酯A、二氢欧山芹醇当归酸酯、BH6,C19H20O5,328.131 1,5058-13-9,,其他,O=C1OC2=C3C(O[C@H](C(C)(C)OC(/C(C)=C/C)=O)C3)=CC=C2C=C1,"InChI=1S/C19H20O5/c1-5-11(2)18(21)24-19(3,4)15-10-13-14(22-15)8-6-12-7-9-16(20)23-17(12)13/h5-9,15H,10H2,1-4H3/b11-5+/t15-/m0/s1",JRIBPWOXWIRQOQ-RILDOFPPSA-N,独活
DH-002,Columbianetin,二氢山芹醇、二氢欧山芹素、BH4,C14H14O4,246.089 2,3804-70-4,,其他,O=C1OC2=C3C(O[C@H](C(C)(O)C)C3)=CC=C2C=C1,"InChI=1S/C14H14O4/c1-14(2,16)11-7-9-10(17-11)5-3-8-4-6-12(15)18-13(8)9/h3-6,11,16H,7H2,1-2H3/t11-/m0/s1",YRAQEMCYCSSHJG-NSHDSACASA-N,独活
DH-003,Columbianetin Acetate,二氢欧山芹醇乙酸酯、BH2,C16H16O5,288.099 8,23180-65-6,,其他,O=C(C=C1)OC2=C1C=CC3=C2C[C@@H](C(OC(C)=O)(C)C)O3,"InChI=1S/C16H16O5/c1-9(17)21-16(2,3)13-8-11-12(19-13)6-4-10-5-7-14(18)20-15(10)11/h4-7,13H,8H2,1-3H3/t13-/m0/s1",IQTTZQQJJBEAIM-ZDUSSCGKSA-N,独活
DH-004,Angelmarin,/,C23H20O6,392.126 0,876384-53-1,,苯丙素,CC([C@@H]1CC(C(O1)=CC=C2C=C3)=C2OC3=O)(C)OC(/C=C/C4=CC=C(C=C4)O)=O,"InChI=1S/C23H20O6/c1-23(2,29-21(26)11-5-14-3-8-16(24)9-4-14)19-13-17-18(27-19)10-6-15-7-12-20(25)28-22(15)17/h3-12,19,24H,13H2,1-2H3/b11-5+/t19-/m0/s1",YPULLITUOWRRPG-RXERPNITSA-N,独活
DH-005,Bergapten,香柑内酯,C12H8O4,216.042 3,484-20-8,,香豆素,COC1=C(C=CC2=O)C(O2)=CC3=C1C=CO3,"InChI=1S/C12H8O4/c1-14-12-7-2-3-11(13)16-10(7)6-9-8(12)4-5-15-9/h2-6H,1H3",BGEBZHIAGXMEMV-UHFFFAOYSA-N,独活
DH-006,Bergaptol,佛手酚,C11H6O4,202.026 6,486-60-2,,香豆素,OC1=C2C(OC(C=C2)=O)=CC3=C1C=CO3,"InChI=1S/C11H6O4/c12-10-2-1-6-9(15-10)5-8-7(11(6)13)3-4-14-8/h1-5,13H",GIJHDGJRTUSBJR-UHFFFAOYSA-N,独活
DH-007,Psoralen,补骨脂素,C11H6O3,186.031 7,66-97-7,,香豆素,O=C1C=CC2=CC3=C(C=C2O1)OC=C3,InChI=1S/C11H6O3/c12-11-2-1-7-5-8-3-4-13-9(8)6-10(7)14-11/h1-6H,ZCCUUQDIBDJBTK-UHFFFAOYSA-N,独活
DH-008,Xanthotoxin,花椒毒素,C12H8O4,216.042 3,298-81-7,,香豆素,COC1=C(OC2=O)C(C=C2)=CC3=C1OC=C3,"InChI=1S/C12H8O4/c1-14-12-10-8(4-5-15-10)6-7-2-3-9(13)16-11(7)12/h2-6H,1H3",QXKHYNVANLEOEG-UHFFFAOYSA-N,独活
DH-009,Pabulenol,栓翅芹烯醇,C16H14O5,286.084 1,33889-70-2,,香豆素,O=C1C=CC2=C(OC[C@@H](O)C(C)=C)C3=C(OC=C3)C=C2O1,"InChI=1S/C16H14O5/c1-9(2)12(17)8-20-16-10-3-4-15(18)21-14(10)7-13-11(16)5-6-19-13/h3-7,12,17H,1,8H2,2H3/t12-/m1/s1",BVMOMQJYQYBMKL-GFCCVEGCSA-N,独活
DH-010,Imperatorin,欧前胡素,C16H14O4,270.089 2,482-44-0,,香豆素,C/C(C)=C/COC1=C2C(C=CC(O2)=O)=CC3=C1OC=C3,"InChI=1S/C16H14O4/c1-10(2)5-7-19-16-14-12(6-8-18-14)9-11-3-4-13(17)20-15(11)16/h3-6,8-9H,7H2,1-2H3",OLOOJGVNMBJLLR-UHFFFAOYSA-N,独活
DH-011,Oxypeucedanine,氧化前胡素,C16H14O5,286.084 1,737-52-0,,香豆素,O=C(C=C1)OC2=C1C(OC[C@@H]3OC3(C)C)=C(C=CO4)C4=C2,"InChI=1S/C16H14O5/c1-16(2)13(21-16)8-19-15-9-3-4-14(17)20-12(9)7-11-10(15)5-6-18-11/h3-7,13H,8H2,1-2H3/t13-/m0/s1",QTAGQHZOLRFCBU-ZDUSSCGKSA-N,独活
DH-012,Isoimperatorin,异欧前胡素,C16H14O4,270.089 2,482-45-1,,香豆素,O=C(C=C1)OC2=C1C(OC/C=C(C)/C)=C(C=CO3)C3=C2,"InChI=1S/C16H14O4/c1-10(2)5-7-19-16-11-3-4-15(17)20-14(11)9-13-12(16)6-8-18-13/h3-6,8-9H,7H2,1-2H3",IGWDEVSBEKYORK-UHFFFAOYSA-N,独活
DH-013,Isooxypeucedanine,异氧化前胡素,C16H14O5,286.084 1,5058-15-1,,香豆素,O=C1C=CC2=C(OCC(C(C)C)=O)C3=C(OC=C3)C=C2O1,"InChI=1S/C16H14O5/c1-9(2)12(17)8-20-16-10-3-4-15(18)21-14(10)7-13-11(16)5-6-19-13/h3-7,9H,8H2,1-2H3",USLPJJIUMAKBIU-UHFFFAOYSA-N,独活
DH-014,Cnidilin,异珊瑚菜素,C17H16O5,300.099 8,14348-22-2,,香豆素,O=C1OC2=C(OC)C3=C(C=CO3)C(OCCC(C)=C)=C2C=C1,"InChI=1S/C17H16O5/c1-10(2)6-8-20-14-11-4-5-13(18)22-16(11)17(19-3)15-12(14)7-9-21-15/h4-5,7,9H,1,6,8H2,2-3H3",NLCZXBMHVWPRAR-UHFFFAOYSA-N,独活
DH-015,Byak-angelicin,白当归素,C17H18O7,334.105 3,482-25-7,,香豆素,O=C1C=CC2=C(OC)C3=C(OC=C3)C(OCC(C)(O)C(O)C)=C2O1,"InChI=1S/C17H18O7/c1-9(18)17(2,20)8-23-16-14-11(6-7-22-14)13(21-3)10-4-5-12(19)24-15(10)16/h4-7,9,18,20H,8H2,1-3H3",SVCCDIYBECRBCZ-UHFFFAOYSA-N,独活
DH-016,Neobyakangelicol,新比克白芷内酯,C17H16O6,316.094 7,35214-82-5,,香豆素,O=C1C=CC2=C(O1)C(OCC(O)C(C)=C)=C(OC=C3)C3=C2OC,"InChI=1S/C17H16O6/c1-9(2)12(18)8-22-17-15-11(6-7-21-15)14(20-3)10-4-5-13(19)23-16(10)17/h4-7,12,18H,1,8H2,2-3H3",UBAMGTKSOKGECF-UHFFFAOYSA-N,独活
DH-017,Isopimpinellin,异茴芹内酯,C13H10O5,246.052 8,482-27-9,,香豆素,COC1=C2C(OC(C=C2)=O)=C(OC)C3=C1C=CO3,"InChI=1S/C13H10O5/c1-15-10-7-3-4-9(14)18-12(7)13(16-2)11-8(10)5-6-17-11/h3-6H,1-2H3",DFMAXQKDIGCMTL-UHFFFAOYSA-N,独活
DH-018,Osthole,蛇床子素,C15H16O3,244.109 9,484-12-8,,香豆素,COC1=C(C/C=C(C)/C)C(OC(C=C2)=O)=C2C=C1,"InChI=1S/C15H16O3/c1-10(2)4-7-12-13(17-3)8-5-11-6-9-14(16)18-15(11)12/h4-6,8-9H,7H2,1-3H3",MBRLOUHOWLUMFF-UHFFFAOYSA-N,独活
DH-019,Scopoletin,东莨菪内酯,C10H8O4,192.042 3,92-61-5,,香豆素,COC1=CC(C=CC2=O)=C(O2)C=C1O,"InChI=1S/C10H8O4/c1-13-9-4-6-2-3-10(12)14-8(6)5-7(9)11/h2-5,11H,1H3",RODXRVNMMDRFIK-UHFFFAOYSA-N,独活
DH-020,Peucedanol,前胡醇,C14H16O5,264.099 8,20516-23-8,,香豆素,CC([C@H](O)CC1=C(O)C=C2C(C=CC(O2)=O)=C1)(O)C,"InChI=1S/C14H16O5/c1-14(2,18)12(16)6-9-5-8-3-4-13(17)19-11(8)7-10(9)15/h3-5,7,12,15-16,18H,6H2,1-2H3/t12-/m1/s1",WRTWKAQFZYXAEJ-GFCCVEGCSA-N,独活
DH-021,Ulopterol,白花前胡醇,C15H18O5,278.115 4,28095-18-3,,香豆素,O=C(C=C1)OC(C=C2OC)=C1C=C2C[C@H](C(C)(C)O)O,"InChI=1S/C15H18O5/c1-15(2,18)13(16)7-10-6-9-4-5-14(17)20-12(9)8-11(10)19-3/h4-6,8,13,16,18H,7H2,1-3H3/t13-/m1/s1",BNLKKFPQJANWMM-CYBMUJFWSA-N,独活
DH-022,Osthenol,欧芹酚,C14H14O3,230.094 3,484-14-0,,香豆素,O=C1OC2=C(C/C=C(C)/C)C(O)=CC=C2C=C1,"InChI=1S/C14H14O3/c1-9(2)3-6-11-12(15)7-4-10-5-8-13(16)17-14(10)11/h3-5,7-8,15H,6H2,1-2H3",RAKJVIPCCGXHHS-UHFFFAOYSA-N,独活
DH-023,Glabra-lactone,当归素,C16H16O5,288.099 8,523-50-2,,香豆素,O=C1OC2=C(C=CO3)C3=CC=C2C=C1,InChI=1S/C11H6O3/c12-10-4-2-7-1-3-9-8(5-6-13-9)11(7)14-10/h1-6H,XDROKJSWHURZGO-UHFFFAOYSA-N,独活
DH-024,Coumurrayin,月橘香豆素,C16H18O4,274.120 5,17245-25-9,,香豆素,O=C1OC2=C(C(OC)=CC(OC)=C2C/C=C(C)\C)C=C1,"InChI=1S/C16H18O4/c1-10(2)5-6-11-13(18-3)9-14(19-4)12-7-8-15(17)20-16(11)12/h5,7-9H,6H2,1-4H3",CPXPWRXPEOMRNV-UHFFFAOYSA-N,独活
DH-025,Apiosylskimmin,阿彼斯基姆素,C20H24O12,456.126 8,103529-94-8,,香豆素,O[C@@H]1C(CO)O[C@@H](OC[C@@H]2[C@@H](O)[C@H](O)[C@@H](O)[C@H](OC3=CC=C(C=CC(O4)=O)C4=C3)O2)[C@@H]1O,"InChI=1S/C20H24O12/c21-6-11-14(23)17(26)19(31-11)28-7-12-15(24)16(25)18(27)20(32-12)29-9-3-1-8-2-4-13(22)30-10(8)5-9/h1-5,11-12,14-21,23-27H,6-7H2/t11?,12-,14-,15-,16+,17-,18-,19-,20-/m1/s1",FUJAHINUQJWHQP-JLBJXOBLSA-N,独活
DH-026,Meranzin Hydrate,橙皮内酯水合物,C15H18O5,278.115 4,5875-49-0,,香豆素,O=C1C=CC2=CC=C(OC)C(C[C@H](O)C(C)(O)C)=C2O1,"InChI=1S/C15H18O5/c1-15(2,18)12(16)8-10-11(19-3)6-4-9-5-7-13(17)20-14(9)10/h4-7,12,16,18H,8H2,1-3H3/t12-/m0/s1",KGGUASRIGLRPAX-LBPRGKRZSA-N,独活
DH-027,Umbelliferone,伞形花内酯,C9H6O3,162.031 7,93-35-6,,香豆素,OC1=CC(OC2=O)=C(C=C2)C=C1,"InChI=1S/C9H6O3/c10-7-3-1-6-2-4-9(11)12-8(6)5-7/h1-5,10H",ORHBXUUXSCNDEV-UHFFFAOYSA-N,独活
DH-028,Marmesinin,异紫花前胡苷,C20H24O9,408.142 0,495-30-7,,香豆素,CC([C@@H]1CC2=C(C=C3C(C=CC(O3)=O)=C2)O1)(O[C@H]4[C@H](O)[C@@H](O)[C@H](O)[C@@H](CO)O4)C,"InChI=1S/C20H24O9/c1-20(2,29-19-18(25)17(24)16(23)13(8-21)28-19)14-6-10-5-9-3-4-15(22)27-11(9)7-12(10)26-14/h3-5,7,13-14,16-19,21,23-25H,6,8H2,1-2H3/t13-,14+,16-,17+,18-,19+/m1/s1",HXCGUCZXPFBNRD-NEDVQNLSSA-N,独活
DH-029,Nodakenetin,紫花前胡苷元,C14H14O4,246.089 2,495-32-9,,香豆素,O=C(C=C1)OC2=C1C=C3C[C@H](C(C)(C)O)OC3=C2,"InChI=1S/C14H14O4/c1-14(2,16)12-6-9-5-8-3-4-13(15)18-10(8)7-11(9)17-12/h3-5,7,12,16H,6H2,1-2H3/t12-/m1/s1",FWYSBEAFFPBAQU-GFCCVEGCSA-N,独活
DH-030,Isobergapten,异佛手柑内酯,C12H8O4,216.042 3,482-48-4,,香豆素,O=C1C=CC2=C(OC)C=C(OC=C3)C3=C2O1,"InChI=1S/C12H8O4/c1-14-9-6-10-8(4-5-15-10)12-7(9)2-3-11(13)16-12/h2-6H,1H3",AJSPSRWWZBBIOR-UHFFFAOYSA-N,独活
DH-031,Isopsoralen,异补骨脂素,C11H6O3,186.031 7,523-50-2,,香豆素,O=C1OC2=C(C=CO3)C3=CC=C2C=C1,InChI=1S/C11H6O3/c12-10-4-2-7-1-3-9-8(5-6-13-9)11(7)14-10/h1-6H,XDROKJSWHURZGO-UHFFFAOYSA-N,独活
DH-032,Stigmasterol,豆甾醇,C29H48O,412.370 5,83-48-7,,甾体,[H][C@]12[C@]3([H])CC=C4C[C@@H](O)CC[C@]4(C)[C@@]3([H])CC[C@]1(C)[C@@H]([C@@H](/C=C/C(CC)C(C)C)C)CC2,"InChI=1S/C29H48O/c1-7-21(19(2)3)9-8-20(4)25-12-13-26-24-11-10-22-18-23(30)14-16-28(22,5)27(24)15-17-29(25,26)6/h8-10,19-21,23-27,30H,7,11-18H2,1-6H3/b9-8+/t20-,21?,23+,24+,25-,26+,27+,28+,29-/m1/s1",HCXVJBMSMIARIN-MFWSXVRSSA-N,独活
DH-033,β-Sitosterol,β-谷固醇,C29H50O,414.386 2,83-46-5,,甾体,C[C@@]1([C@]([C@@H](CC[C@@H](C(C)C)CC)C)([H])CC2)[C@]2([H])[C@@](CC=C3[C@@]4(CC[C@H](O)C3)C)([H])[C@]4([H])CC1,"InChI=1S/C29H50O/c1-7-21(19(2)3)9-8-20(4)25-12-13-26-24-11-10-22-18-23(30)14-16-28(22,5)27(24)15-17-29(25,26)6/h10,19-21,23-27,30H,7-9,11-18H2,1-6H3/t20-,21+,23+,24+,25-,26+,27+,28+,29-/m1/s1",KZJWDPNRJALLNS-FBZNIEFRSA-N,独活
DH-034,Linoleic Acid,亚油酸,C18H32O2,280.240 2,60-33-3,,脂肪酸,CCCCC/C=C\C/C=C\CCCCCCCC(O)=O,"InChI=1S/C18H32O2/c1-2-3-4-5-6-7-8-9-10-11-12-13-14-15-16-17-18(19)20/h6-7,9-10H,2-5,8,11-17H2,1H3,(H,19,20)/b7-6-,10-9-",OYHQOLUKZRVURQ-HZJYTTRNSA-N,独活
DH-035,Isoferulic Acid,异阿魏酸,C10H10O4,194.057 9,537-73-5,,酚酸,OC1=CC(C=CC(O)=O)=CC=C1OC,"InChI=1S/C10H10O4/c1-14-9-4-2-7(6-8(9)11)3-5-10(12)13/h2-6,11H,1H3,(H,12,13)",QURCVMIEKCOAJU-UHFFFAOYSA-N,独活
DH-036,Adenosine,腺苷,C10H13N5O4,267.096 8,58-61-7,,氨基酸,NC1=NC=NC2=C1N=CN2[C@H]3[C@H](O)[C@H](O)[C@@H](CO)O3,"InChI=1S/C10H13N5O4/c11-8-5-9(13-2-12-8)15(3-14-5)10-7(18)6(17)4(1-16)19-10/h2-4,6-7,10,16-18H,1H2,(H2,11,12,13)/t4-,6-,7-,10-/m1/s1",OIRDTQYFTABQOQ-KQYNXXCUSA-N,独活
DH-037,Uridine,尿嘧啶核苷,C9H12N2O6,244.069 5,58-96-8,,氨基酸,O[C@@H]1[C@H](O)[C@@H](CO)O[C@H]1N(C=C2)C(NC2=O)=O,"InChI=1S/C9H12N2O6/c12-3-4-6(14)7(15)8(17-4)11-2-1-5(13)10-9(11)16/h1-2,4,6-8,12,14-15H,3H2,(H,10,13,16)/t4-,6-,7-,8-/m1/s1",DRTQHJPVMGBUCF-XVFCMESISA-N,独活
DH-038,Sucrose,蔗糖,C12H22O11,342.116,57-50-1,,糖,O[C@H]([C@@H](CO)O[C@H](O[C@@]1(O[C@H](CO)[C@@H](O)[C@@H]1O)CO)[C@@H]2O)[C@@H]2O,"InChI=1S/C12H22O11/c13-1-4-6(16)8(18)9(19)11(21-4)23-12(3-15)10(20)7(17)5(2-14)22-12/h4-11,13-20H,1-3H2/t4-,5-,6-,7-,8+,9-,10+,11-,12+/m1/s1",CZMRCDWAGMRECN-UGDNZRGBSA-N,独活
DH-039,Falcarindiol,镰叶芳醇,C17H24O2,260.177 6,21852-80-2,,其他,C=C[C@@H](O)C#CC#CC/C=C\CCCCCCC,"InChI=1S/C17H24O/c1-3-5-6-7-8-9-10-11-12-13-14-15-16-17(18)4-2/h4,10-11,17-18H,2-3,5-9,12H2,1H3/b11-10-/t17-/m1/s1",UGJAEDFOKNAMQD-QXPKXGMISA-N,独活
DH-040,Neochlorogenic Acid,新绿原酸,C16H18O9,354.095 1,906-33-2,,苯丙素,OC1=C(O)C=CC(/C=C/C(O[C@H]2[C@@H](O)[C@H](O)C[C@](O)(C(O)=O)C2)=O)=C1,"InChI=1S/C16H18O9/c17-9-3-1-8(5-10(9)18)2-4-13(20)25-12-7-16(24,15(22)23)6-11(19)14(12)21/h1-5,11-12,14,17-19,21,24H,6-7H2,(H,22,23)/b4-2+/t11-,12-,14+,16-/m1/s1",CWVRJTMFETXNAD-NXLLHMKUSA-N,独活
DH-041,Chlorogenic Acid,绿原酸,C16H18O9,354.095 1,327-97-9,,苯丙素,O[C@H]1[C@@H](O)[C@H](OC(/C=C/C2=CC(O)=C(O)C=C2)=O)C[C@](O)(C(O)=O)C1,"InChI=1S/C16H18O9/c17-9-3-1-8(5-10(9)18)2-4-13(20)25-12-7-16(24,15(22)23)6-11(19)14(12)21/h1-5,11-12,14,17-19,21,24H,6-7H2,(H,22,23)/b4-2+/t11-,12-,14-,16+/m1/s1",CWVRJTMFETXNAD-JUHZACGLSA-N,独活
DH-042,Isochlorogenic Acid B,异绿原酸B,C25H24O12,516.126 8,14534-61-3,,苯丙素,OC1=C(O)C=CC(/C=C/C(O[C@@H]2[C@H](O)C[C@@](O)(C(O)=O)C[C@H]2OC(/C=C/C3=CC(O)=C(O)C=C3)=O)=O)=C1,"InChI=1S/C25H24O12/c26-15-5-1-13(9-17(15)28)3-7-21(31)36-20-12-25(35,24(33)34)11-19(30)23(20)37-22(32)8-4-14-2-6-16(27)18(29)10-14/h1-10,19-20,23,26-30,35H,11-12H2,(H,33,34)/b7-3+,8-4+/t19-,20-,23-,25+/m1/s1",UFCLZKMFXSILNL-PSEXTPKNSA-N,独活
DH-043,Isochlorogenic Acid A,异绿原酸A,C25H24O12,516.126 8,2450-53-5,,苯丙素,OC1=C(O)C=C(/C=C/C(O[C@H]2[C@H](O)[C@H](OC(/C=C/C3=CC(O)=C(O)C=C3)=O)C[C@@](O)(C(O)=O)C2)=O)C=C1,"InChI=1S/C25H24O12/c26-15-5-1-13(9-17(15)28)3-7-21(30)36-19-11-25(35,24(33)34)12-20(23(19)32)37-22(31)8-4-14-2-6-16(27)18(29)10-14/h1-10,19-20,23,26-29,32,35H,11-12H2,(H,33,34)/b7-3+,8-4+/t19-,20-,23-,25+/m1/s1",KRZBCHWVBQOTNZ-PSEXTPKNSA-N,独活
DH-044,/,"2,3,4,9-四氢-1H-吡啶并(3,4-b)吲哚-3-羧酸",C12H12N2O2,216.089 9,6052-68-2,,其他,O=C(O)C1NCC(N2)=C(C1)C3=C2C=CC=C3,"InChI=1S/C12H12N2O2/c15-12(16)10-5-8-7-3-1-2-4-9(7)14-11(8)6-13-10/h1-4,10,13-14H,5-6H2,(H,15,16)",FSNCEEGOMTYXKY-UHFFFAOYSA-N,独活
DH-045,Skimmin,茵芋苷,C15H16O8,324.28,93-39-0,,香豆素,O=C1C=CC2=CC=C(O[C@@H]3O[C@H](CO)[C@@H](O)[C@H](O)[C@H]3O)C=C2O1,"InChI=1S/C15H16O8/c16-6-10-12(18)13(19)14(20)15(23-10)21-8-3-1-7-2-4-11(17)22-9(7)5-8/h1-5,10,12-16,18-20H,6H2/t10-,12-,13+,14-,15-/m1/s1",VPAOSFFTKWUGAD-TVKJYDDYSA-N,独活
DH-046,scopolin,东莨菪苷,C16H18O9,354.309,531-44-2,,香豆素,COC1=CC2=C(OC(C=C2)=O)C=C1O[C@@H]3O[C@H](CO)[C@@H](O)[C@H](O)[C@H]3O,"InChI=1S/C16H18O9/c1-22-9-4-7-2-3-12(18)23-8(7)5-10(9)24-16-15(21)14(20)13(19)11(6-17)25-16/h2-5,11,13-17,19-21H,6H2,1H3/t11-,13-,14+,15-,16-/m1/s1",SGTCGCCQZOUMJJ-YMILTQATSA-N,独活
DH-047,Nodakenin,紫花前胡苷,C20H24O9,408.399,495-31-8,,香豆素,OC[C@H]1O[C@H]([C@@H]([C@H]([C@@H]1O)O)O)OC(C)([C@@H]2OC(C=C3O4)=C(C2)C=C3C=CC4=O)C,"InChI=1S/C20H24O9/c1-20(2,29-19-18(25)17(24)16(23)13(8-21)28-19)14-6-10-5-9-3-4-15(22)27-11(9)7-12(10)26-14/h3-5,7,13-14,16-19,21,23-25H,6,8H2,1-2H3/t13-,14-,16-,17+,18-,19+/m1/s1",HXCGUCZXPFBNRD-DNLMCPORSA-N,独活
DH-048,Xanthotoxol,花椒毒醇,C11H6O4,202.163,2009-24-7,,香豆素,OC1=C(OC2=O)C(C=C2)=CC3=C1OC=C3,"InChI=1S/C11H6O4/c12-8-2-1-6-5-7-3-4-14-10(7)9(13)11(6)15-8/h1-5,13H",JWVYQQGERKEAHW-UHFFFAOYSA-N,独活
DH-049,Oxypeucedanin hydrate,水合氧化前胡素,C16H16O6,304.295,133164-11-1,,香豆素,OC(C)(C)[C@H](COC1=C(C=C2)C(OC2=O)=CC3=C1C=CO3)O,"InChI=1S/C16H16O6/c1-16(2,19)13(17)8-21-15-9-3-4-14(18)22-12(9)7-11-10(15)5-6-20-11/h3-7,13,17,19H,8H2,1-2H3/t13-/m0/s1",PEWFWDOPJISUOK-ZDUSSCGKSA-N,独活
DH-050,marmesin,异紫花前胡内酯,C14H14O4,246.259,13849-08-6,,香豆素,O=C1OC2=CC3=C(C[C@@H](C(O)(C)C)O3)C=C2C=C1,"InChI=1S/C14H14O4/c1-14(2,16)12-6-9-5-8-3-4-13(15)18-10(8)7-11(9)17-12/h3-5,7,12,16H,6H2,1-2H3/t12-/m0/s1",FWYSBEAFFPBAQU-LBPRGKRZSA-N,独活
DH-051,Byakangelicol,白当归脑,C17H16O6,316.305,26091-79-2,,香豆素,COC1=C2C(OC(C=C2)=O)=C(OCC3OC3(C)C)C4=C1C=CO4,"InChI=1S/C17H16O6/c1-17(2)11(23-17)8-21-16-14-10(6-7-20-14)13(19-3)9-4-5-12(18)22-15(9)16/h4-7,11H,8H2,1-3H3",ORBITTMJKIGFNH-UHFFFAOYSA-N,独活
DH-052,Bergapten,佛手柑内酯,C12H8O4,216.189,484-20-8,,香豆素,COC1=C(C=CC2=O)C(O2)=CC3=C1C=CO3,"InChI=1S/C12H8O4/c1-14-12-7-2-3-11(13)16-10(7)6-9-8(12)4-5-15-9/h2-6H,1H3",BGEBZHIAGXMEMV-UHFFFAOYSA-N,独活
DH-053,Oxyimperatorin,栓翅芹内酯,C16H14O5,286.279,35740-18-2,,香豆素,O=C1C=CC2=CC3=C(OC=C3)C(OCC4C(C)(C)O4)=C2O1,"InChI=1S/C16H14O5/c1-16(2)11(21-16)8-19-15-13-10(5-6-18-13)7-9-3-4-12(17)20-14(9)15/h3-7,11H,8H2,1-2H3",CTJZWFCPUDPLME-UHFFFAOYSA-N,独活
DH-054,Suberenol,,C15H16O4,,18529-47-0,,香豆素,O=C1C=CC2=CC(/C=C/C(C)(O)C)=C(OC)C=C2O1,"InChI=1S/C15H16O4/c1-15(2,17)7-6-11-8-10-4-5-14(16)19-13(10)9-12(11)18-3/h4-9,17H,1-3H3/b7-6+",LNFVZUMSDAIQDQ-VOTSOKGWSA-N,独活
DH-055,Iso-oxypeucedanin,异氧化前胡内酯,C16H14O5,286.279,5058-15-1,,香豆素,O=C1C=CC2=C(OCC(C(C)C)=O)C3=C(OC=C3)C=C2O1,"InChI=1S/C16H14O5/c1-9(2)12(17)8-20-16-10-3-4-15(18)21-14(10)7-13-11(16)5-6-19-13/h3-7,9H,8H2,1-2H3",USLPJJIUMAKBIU-UHFFFAOYSA-N,独活
DH-056,Imperatorin,欧前胡素,C16H14O4,270.28,482-44-0,,香豆素,C/C(C)=C/COC1=C2C(C=CC(O2)=O)=CC3=C1OC=C3,"InChI=1S/C16H14O4/c1-10(2)5-7-19-16-14-12(6-8-18-14)9-11-3-4-13(17)20-15(11)16/h3-6,8-9H,7H2,1-2H3",OLOOJGVNMBJLLR-UHFFFAOYSA-N,独活
DH-057,Phellopterin,珊瑚菜素,C17H16O5,300.306,2543-94-4,,香豆素,O=C1OC2=C(OC/C=C(C)/C)C3=C(C=CO3)C(OC)=C2C=C1,"InChI=1S/C17H16O5/c1-10(2)6-8-21-17-15-12(7-9-20-15)14(19-3)11-4-5-13(18)22-16(11)17/h4-7,9H,8H2,1-3H3",BMLZFLQMBMYVHG-UHFFFAOYSA-N,独活
DH-058,Alloisoimperatorin,别异欧前胡素,C16H14O4,270.28,35214-83-6,,香豆素,C/C(C)=C\CC1=C(OC(C=C2)=O)C2=C(O)C3=C1OC=C3,"InChI=1S/C16H14O4/c1-9(2)3-4-12-15-11(7-8-19-15)14(18)10-5-6-13(17)20-16(10)12/h3,5-8,18H,4H2,1-2H3",JLCROWZWGSUEMR-UHFFFAOYSA-N,独活
DH-059,Bergamotine,佛手柑素,C21H22O4,338.397,7380-40-7,,香豆素,O=C1C=CC2=C(OC/C=C(C)/CC/C=C(C)/C)C3=C(OC=C3)C=C2O1,"InChI=1S/C21H22O4/c1-14(2)5-4-6-15(3)9-11-24-21-16-7-8-20(22)25-19(16)13-18-17(21)10-12-23-18/h5,7-10,12-13H,4,6,11H2,1-3H3/b15-9+",DBMJZOMNXBSRED-OQLLNIDSSA-N,独活
DH-060,Umbelliprenin,伞形花醚,C24H30O3,366.219 5,532-16-1,,香豆素,O=C1C=CC2=CC=C(OC/C=C(C)/CC/C=C(C)/CC/C=C(C)/C)C=C2O1,"InChI=1S/C24H30O3/c1-18(2)7-5-8-19(3)9-6-10-20(4)15-16-26-22-13-11-21-12-14-24(25)27-23(21)17-22/h7,9,11-15,17H,5-6,8,10,16H2,1-4H3/b19-9+,20-15+",GNMUGVNEWCZUAA-WOWYBKFKSA-N,独活
DH-061,Daucosteroside,胡萝卜苷,C35H60O6,576.439 0,474-58-8,,甾体,O[C@H]1[C@H](O)[C@@H](CO)O[C@@H](O[C@@H]2CC3=CC[C@]([C@@](CC[C@]4([H])[C@@H](CC[C@H](CC)C(C)C)C)([H])[C@]4(C)CC5)([H])[C@@]5([H])[C@@]3(C)CC2)[C@@H]1O,"InChI=1S/C35H60O6/c1-7-22(20(2)3)9-8-21(4)26-12-13-27-25-11-10-23-18-24(14-16-34(23,5)28(25)15-17-35(26,27)6)40-33-32(39)31(38)30(37)29(19-36)41-33/h10,20-22,24-33,36-39H,7-9,11-19H2,1-6H3/t21-,22+,24+,25+,26-,27+,28+,29-,30-,31+,32-,33-,34+,35-/m1/s1",NPJICTMALKLTFW-VPFCYKORSA-N,独活
DH-062,Stearic Acid,硬脂酸,C18H36O2,284.271 5,1957/11/4,,脂肪酸,OC(CCCCCCCCCCCCCCCCC)=O,"InChI=1S/C18H36O2/c1-2-3-4-5-6-7-8-9-10-11-12-13-14-15-16-17-18(19)20/h2-17H2,1H3,(H,19,20)",QIQXTHQIDYTFRH-UHFFFAOYSA-N,独活
DH-063,Ferulic Acid,阿魏酸,C10H10O4,194.057 9,1135-24-6,,苯丙素,O=C(O)/C=C/C1=CC=C(O)C(OC)=C1,"InChI=1S/C10H10O4/c1-14-9-6-7(2-4-8(9)11)3-5-10(12)13/h2-6,11H,1H3,(H,12,13)/b5-3+",KSEBMYQBYZTDHS-HWKANZROSA-N,独活
DH-064,Caffeic Acid,咖啡酸,C9H8O4,180.042 3,331-39-5,,苯丙素,O=C(O)/C=C/C1=CC=C(O)C(O)=C1,"InChI=1S/C9H8O4/c10-7-3-1-6(5-8(7)11)2-4-9(12)13/h1-5,10-11H,(H,12,13)/b4-2+",QAIPRVGONGVQAS-DUXPYHPUSA-N,独活
DH-065,Bisabolangelone,没药当归烯酮,C15H20O3,248.141 2,30557-81-4,,挥发油,C/C(C)=C\C=C1[C@](C)(O)[C@]2([H])C(C=C(C)C[C@]2([H])O\1)=O,"InChI=1S/C15H20O3/c1-9(2)5-6-13-15(4,17)14-11(16)7-10(3)8-12(14)18-13/h5-7,12,14,17H,8H2,1-4H3/b13-6-/t12-,14+,15-/m0/s1",GNWNPLBSEQDDQV-VRBKASCLSA-N,独活
DH-066,3-Methyl-butanoic acid ,3-甲基-丁酸,C5H10O2,102.132,503-74-2,,脂肪酸,CC(C)CC(O)=O,"InChI=1S/C5H10O2/c1-4(2)3-5(6)7/h4H,3H2,1-2H3,(H,6,7)",GWYFCOCPABKNJV-UHFFFAOYSA-N,独活
DH-067,2-Methyl-butanoic acid ,2-甲基-丁酸,C5H10O2,102.132,116-53-0,,脂肪酸,CC(CC)C(O)=O,"InChI=1S/C5H10O2/c1-3-4(2)5(6)7/h4H,3H2,1-2H3,(H,6,7)",WLAMNBDJUVNPJU-UHFFFAOYSA-N,独活
DH-068,Myristoleic acid,肉豆蔻烯酸,C14H26O2 ,226.355,544-64-9,,脂肪酸,O=C(O)CCCCCCC/C=C\CCCC,"InChI=1S/C14H26O2/c1-2-3-4-5-6-7-8-9-10-11-12-13-14(15)16/h5-6H,2-4,7-13H2,1H3,(H,15,16)/b6-5-",YWWVWXASSLXJHU-WAYWQWQTSA-N,独活
DH-069,Palmitoleic acid,棕榈油酸,C16H30O2,254.408,373-49-9,,脂肪酸,O=C(O)CCCCCCC/C=C\CCCCCC,"InChI=1S/C16H30O2/c1-2-3-4-5-6-7-8-9-10-11-12-13-14-15-16(17)18/h7-8H,2-6,9-15H2,1H3,(H,17,18)/b8-7-",SECPZKHBENQXJG-FPLPWBNLSA-N,独活
DH-070,Gamolenic acid,亚麻酸,C18H30O2,278.43,463-40-1,,脂肪酸,O=C(O)CCCCCCC/C=C\C/C=C\C/C=C\CC,"InChI=1S/C18H30O2/c1-2-3-4-5-6-7-8-9-10-11-12-13-14-15-16-17-18(19)20/h3-4,6-7,9-10H,2,5,8,11-17H2,1H3,(H,19,20)/b4-3-,7-6-,10-9-",DTOSIQBPPRVQHS-PDBXOOCHSA-N,独活
DH-071,n-Hexadecanoic acid,正十六烷酸,C16H32O2  ,256.424,057-10-3,,脂肪酸,OC(CCCCCCCCCCCCCCC)=O,"InChI=1S/C16H32O2/c1-2-3-4-5-6-7-8-9-10-11-12-13-14-15-16(17)18/h2-15H2,1H3,(H,17,18)",IPCSVZSSVZVIGE-UHFFFAOYSA-N,独活
DH-072,（R）-2-Octanol,（R）-2-辛醇,C8H18O,130.228,5978-70-1,,其他,O[C@H](C)CCCCCC,"InChI=1S/C8H18O/c1-3-4-5-6-7-8(2)9/h8-9H,3-7H2,1-2H3/t8-/m1/s1",SJWFXCIHNDVPSH-MRVPVSSYSA-N,独活
DH-073,Linalool oxide,芳樟醇氧化物, C10H18O2,170.249,60047-17-8,,挥发油,CC1(C=C)OC(C(C)(C)O)CC1,"InChI=1S/C10H18O2/c1-5-10(4)7-6-8(12-10)9(2,3)11/h5,8,11H,1,6-7H2,2-4H3",BRHDDEIRQPDPMG-UHFFFAOYSA-N,独活
DH-074,2-Nonanol,2-壬醇,C9H20O,144.255,628-99-9,,其他,CC(O)CCCCCCC,"InChI=1S/C9H20O/c1-3-4-5-6-7-8-9(2)10/h9-10H,3-8H2,1-2H3",NGDNVOAEIVQRFH-UHFFFAOYSA-N,独活
DH-075,4-Methyl-4-heptanol ,4-甲基-4-庚醇,C8H18O,130.228,598-01-6,,其他,CCCC(O)(C)CCC,"InChI=1S/C8H18O/c1-4-6-8(3,9)7-5-2/h9H,4-7H2,1-3H3",IQXKGRKRIRMQCQ-UHFFFAOYSA-N,独活
DH-076,3-Methyl-3-nonanol,3-甲基-3-壬醇,C10H22O,158.281,21078-72-8,,其他,CCC(C)(O)CCCCCC,"InChI=1S/C10H22O/c1-4-6-7-8-9-10(3,11)5-2/h11H,4-9H2,1-3H3",VZBFPIMCUSPDLS-UHFFFAOYSA-N,独活
DH-077,p-Mentha-1，5-dien-8-ol,,C10H16O,152.233,1686-20-0,,二萜,CC(O)(C1C=CC(C)=CC1)C,"InChI=1S/C10H16O/c1-8-4-6-9(7-5-8)10(2,3)11/h4-6,9,11H,7H2,1-3H3",FQEXRDMYDXBXEO-UHFFFAOYSA-N,独活
DH-078,Camphol,樟醇,C10H18O,154.249,464-43-7,,单萜,C[C@]12CC[C@@H](C2(C)C)C[C@@H]1O,"InChI=1S/C10H18O/c1-9(2)7-4-5-10(9,3)8(11)6-7/h7-8,11H,4-6H2,1-3H3/t7-,8+,10+/m1/s1",DTGKSKDOIYIVQL-WEDXCCLWSA-N,独活
DH-079,p-Cymen-8-ol,对-甲基异丙基苯-8-醇,C10H14O,150.218,1197-01-9,,单萜,CC1=CC=C(C(C)(O)C)C=C1,"InChI=1S/C10H14O/c1-8-4-6-9(7-5-8)10(2,3)11/h4-7,11H,1-3H3",XLPDVYGDNRIQFV-UHFFFAOYSA-N,独活
DH-080,α-Terpineol,α-松油醇,C10H18O,154.249,98-55-5,,单萜,CC(O)(C1CCC(C)=CC1)C,"InChI=1S/C10H18O/c1-8-4-6-9(7-5-8)10(2,3)11/h4,9,11H,5-7H2,1-3H3",WUOACPNHFRMFPN-UHFFFAOYSA-N,独活
DH-081,Myrtanol,桃金娘醇,C10H18O,154.249,514-99-8,,单萜,OCC1C(C2)C(C)(C)C2CC1,"InChI=1S/C10H18O/c1-10(2)8-4-3-7(6-11)9(10)5-8/h7-9,11H,3-6H2,1-2H3",LDWAIHWGMRVEFR-UHFFFAOYSA-N,独活
DH-082,trans-Piperitol,反式胡椒醇,C10H18O,154.249,16721-39-4,,单萜,CC1=C[C@H](O)[C@@H](C(C)C)CC1,"InChI=1S/C10H18O/c1-7(2)9-5-4-8(3)6-10(9)11/h6-7,9-11H,4-5H2,1-3H3/t9-,10+/m1/s1",HPOHAUWWDDPHRS-ZJUUUORDSA-N,独活
DH-083,Carveol,香芹醇,C10H16O,152.233,99-48-9,,单萜,OC1C(C)=CCC(C(C)=C)C1,"InChI=1S/C10H16O/c1-7(2)9-5-4-8(3)10(11)6-9/h4,9-11H,1,5-6H2,2-3H3",BAVONGHXFVOKBV-UHFFFAOYSA-N,独活
DH-084,Phytol,植醇,C20H40O,296.531,150-86-7,,其他,CC(C)CCC[C@@H](C)CCC[C@@H](C)CCCC(C)=CCO,"InChI=1S/C20H40O/c1-17(2)9-6-10-18(3)11-7-12-19(4)13-8-14-20(5)15-16-21/h15,17-19,21H,6-14,16H2,1-5H3/t18-,19-/m1/s1",BOTWFXYSPFMFNR-RTBURBONSA-N,独活
DH-085,p-Cymen-7-ol,对-甲基 异丙基苯-7-醇, C10H14O,150.218,536-60-7,,单萜,CC(C1=CC=C(CO)C=C1)C,"InChI=1S/C10H14O/c1-8(2)10-5-3-9(7-11)4-6-10/h3-6,8,11H,7H2,1-2H3",OIGWAXDAPKFNCQ-UHFFFAOYSA-N,独活
DH-086,4-Methoxybenzene-1，2 diol,4-甲氧基苯-1，2-二醇,C7H8O3 ,140.137,3934-97-2,,挥发油,COC1=CC(O)=C(O)C=C1,"InChI=1S/C7H8O3/c1-10-5-2-3-6(8)7(9)4-5/h2-4,8-9H,1H3",JXZABYGWFNGNLB-UHFFFAOYSA-N,独活
DH-087,Humulenol,葎草烯醇,C15H24O,220.35,19888-01-8,,挥发油,O[C@@H]1CC(C)(C)/C=C\C/C(C)=C\CCC1=C,"InChI=1S/C15H24O/c1-12-7-5-9-13(2)14(16)11-15(3,4)10-6-8-12/h6-7,10,14,16H,2,5,8-9,11H2,1,3-4H3/b10-6-,12-7-/t14-/m1/s1",NMGJCQNNUTYSJJ-WRKUNCLDSA-N,独活
DH-088,trans-Methylisoeugenol,异丁香酚, C11H14O2 ,164.201,93-16-3,,挥发油,CC=CC1=CC=C(OC)C(OC)=C1,"InChI=1S/C11H14O2/c1-4-5-9-6-7-10(12-2)11(8-9)13-3/h4-8H,1-3H3",NNWHUJCUHAELCL-UHFFFAOYSA-N,独活
DH-089,Spathulenol,桉油烯醇,C15H24O,220.35,6750-60-3,,挥发油,OC1(C)CCC2C(CCC(C3(C)C)C3C12)=C,"InChI=1S/C15H24O/c1-9-5-6-11-13(14(11,2)3)12-10(9)7-8-15(12,4)16/h10-13,16H,1,5-8H2,2-4H3",FRMCCTDTYSRUBE-UHFFFAOYSA-N,独活
DH-090,Cedrenol,柏木烯醇,C15H24O,220.35,28231-03-0,,挥发油,CC1=CC[C@@]23[C@](CC[C@H]3C)([H])C(C)(CO)[C@@]1([H])C2,"InChI=1S/C15H24O/c1-10-6-7-15-8-12(10)14(3,9-16)13(15)5-4-11(15)2/h6,11-13,16H,4-5,7-9H2,1-3H3/t11-,12+,13+,14?,15-/m1/s1",PPTXKCYXNDLKTQ-YKYMWBLQSA-N,独活
DH-091,（－）-Spathulenol,（－）-桉油烯醇,C15H24O,220.35,6750-60-3,,挥发油,OC1(C)CCC2C(CCC(C3(C)C)C3C12)=C,"InChI=1S/C15H24O/c1-9-5-6-11-13(14(11,2)3)12-10(9)7-8-15(12,4)16/h10-13,16H,1,5-8H2,2-4H3",FRMCCTDTYSRUBE-UHFFFAOYSA-N,独活
DH-092,α-Ionol,α-紫罗兰醇,C13H22O,194.313,25312-34-9,,挥发油,CC(O)/C=C/C1C(C)=CCCC1(C)C,"InChI=1S/C13H22O/c1-10-6-5-9-13(3,4)12(10)8-7-11(2)14/h6-8,11-12,14H,5,9H2,1-4H3/b8-7+",PWDOJWCZWKWKSE-BQYQJAHWSA-N,独活
DH-093,（+）-Spathulenol,（+）-桉油烯醇,C15H24O  ,220.35,6750-60-3,,挥发油,OC1(C)CCC2C(CCC(C3(C)C)C3C12)=C,"InChI=1S/C15H24O/c1-9-5-6-11-13(14(11,2)3)12-10(9)7-8-15(12,4)16/h10-13,16H,1,5-8H2,2-4H3",FRMCCTDTYSRUBE-UHFFFAOYSA-N,独活
DH-094,3-Methyl-2-butenal,3-甲基-2-丁烯醛,C5H8O,84.116,107-86-8,,单萜,C/C(C)=C/C=O,"InChI=1S/C5H8O/c1-5(2)3-4-6/h3-4H,1-2H3",SEPQTYODOKLVSB-UHFFFAOYSA-N,独活
DH-095,Benzeneacetaldehyde,苯乙醛,C8H8O,120.148,122-78-1,,其他,O=CCC1=CC=CC=C1,"InChI=1S/C8H8O/c9-7-6-8-4-2-1-3-5-8/h1-5,7H,6H2",DTUQWGWMVIHBKE-UHFFFAOYSA-N,独活
DH-096,2-Nonenal,2-壬烯醛,C9H16O,140.223,18829-56-6,,其他,O=C/C=C/CCCCCC,"InChI=1S/C9H16O/c1-2-3-4-5-6-7-8-9-10/h7-9H,2-6H2,1H3/b8-7+",BSAIUMLZVGUGKX-BQYQJAHWSA-N,独活
DH-097,Phellandral,水芹醛,C10H16O,114.186, 21391-98-0,,萜类,CC(C1CC=C(C=O)CC1)C,"InChI=1S/C10H16O/c1-8(2)10-5-3-9(7-11)4-6-10/h3,7-8,10H,4-6H2,1-2H3",AEVLWICMAHGAMS-UHFFFAOYSA-N,独活
DH-098,2-Caren-10-al,2-蒈烯-10-醛,C10H14O,152.233,247911-68-8,,其他,CC1(C2CCC(C=O)=CC21)C,"InChI=1S/C10H14O/c1-10(2)8-4-3-7(6-11)5-9(8)10/h5-6,8-9H,3-4H2,1-2H3",RAHRTJHAYXOITA-UHFFFAOYSA-N,独活
DH-099,Safranal,藏红花醛,C10H14O,150.218,116-26-7,,其他,CC1(C(C=O)=C(C=CC1)C)C,"InChI=1S/C10H14O/c1-8-5-4-6-10(2,3)9(8)7-11/h4-5,7H,6H2,1-3H3",SGAWOGXMMPSZPB-UHFFFAOYSA-N,独活
DH-100,Myristicin,肉豆蔻醚,C11H12O3 ,192.211,607-91-0,,其他,COC1=C(OCO2)C2=CC(CC=C)=C1,"InChI=1S/C11H12O3/c1-3-4-8-5-9(12-2)11-10(6-8)13-7-14-11/h3,5-6H,1,4,7H2,2H3",BNWJOHGLIBDBOB-UHFFFAOYSA-N,独活
DH-101,Sabinyl acetate,乙酸香桧酯,C12H18O2,/,3536-54-7,,其他,CC(C)C1(CC21)CC(OC(C)=O)C2=C,"InChI=1S/C12H18O2/c1-7(2)12-5-10(12)8(3)11(6-12)14-9(4)13/h7,10-11H,3,5-6H2,1-2,4H3",PBWRFXQNNGSAQG-UHFFFAOYSA-N,独活
DH-102,Bornyl acetate,乙酸苄酯,C12H20O2 ,150.174,5655-61-8,,其他,CC1(C)[C@@H]2C[C@@H](OC(C)=O)[C@@]1(C)CC2,"InChI=1S/C12H20O2/c1-8(13)14-10-7-9-5-6-12(10,4)11(9,2)3/h9-10H,5-7H2,1-4H3/t9-,10+,12+/m0/s1",KGEKLUUHTZCSIP-HOSYDEDBSA-N,独活
DH-103,γ-Decalactone,γ-癸内酯,/,170.249,706-14-9,,其他,O=C1OC(CCCCCC)CC1,"InChI=1S/C10H18O2/c1-2-3-4-5-6-9-7-8-10(11)12-9/h9H,2-8H2,1H3",IFYYFLINQYPWGJ-UHFFFAOYSA-N,独活
DH-104,Heptanoic acid，heptyl ester,庚酸庚酯,C14H28O2  ,228.371,624-09-9,,其他,O=C(OCCCCCCC)CCCCCC,"InChI=1S/C14H28O2/c1-3-5-7-9-11-13-16-14(15)12-10-8-6-4-2/h3-13H2,1-2H3",QOIIBPAJVWFEPE-UHFFFAOYSA-N,独活
DH-105,Guaiac acetate,"(3S)-1,2,3,4,5,6,7,8-八氢化-3,8-四甲基-5-奥甲醇乙酸酯",C17H28O2,264.403,134-28-1,,其他,C[C@@H]1C2=C([C@@H](C)CC[C@@H](C(C)(C)OC(C)=O)C2)CC1,"InChI=1S/C17H28O2/c1-11-6-8-14(17(4,5)19-13(3)18)10-16-12(2)7-9-15(11)16/h11-12,14H,6-10H2,1-5H3/t11-,12-,14+/m0/s1",DRFSOBZVMGLICQ-SGMGOOAPSA-N,独活
DH-106,Dehydrocostuslactone,去氢木香内酯,C15H18O2 ,230.302,477-43-0,,其他,C=C1CC[C@@H]2[C@H](OC(C2=C)=O)[C@@H]3[C@H]1CCC3=C,"InChI=1S/C15H18O2/c1-8-4-7-12-10(3)15(16)17-14(12)13-9(2)5-6-11(8)13/h11-14H,1-7H2/t11-,12-,13-,14-/m0/s1",NETSQGRTUNRXEO-XUXIUFHCSA-N,独活
DH-107,Seselin,邪蒿素,C14H12O3,228.24, 523-59-1,,香豆素,O=C1OC2=C3C(OC(C)(C)C=C3)=CC=C2C=C1,"InChI=1S/C14H12O3/c1-14(2)8-7-10-11(17-14)5-3-9-4-6-12(15)16-13(9)10/h3-8H,1-2H3",QUVCQYQEIOLHFZ-UHFFFAOYSA-N,独活
DH-108,Methyl linoleate,亚油酸甲酯,C19H34O2 ,294.472,112-63-0,,其他,CCCCC/C=C\C/C=C\CCCCCCCC(OC)=O,"InChI=1S/C19H34O2/c1-3-4-5-6-7-8-9-10-11-12-13-14-15-16-17-18-19(20)21-2/h7-8,10-11H,3-6,9,12-18H2,1-2H3/b8-7-,11-10-",WTTJVINHCBCLGX-NQLNTKRDSA-N,独活
DH-109,Osthole,欧芹酚甲醚,C15H16O3,244.286,484-12-8,,香豆素,COC1=C(C/C=C(C)/C)C(OC(C=C2)=O)=C2C=C1,"InChI=1S/C15H16O3/c1-10(2)4-7-12-13(17-3)8-5-11-6-9-14(16)18-15(11)12/h4-6,8-9H,7H2,1-3H3",MBRLOUHOWLUMFF-UHFFFAOYSA-N,独活
DH-110,α-Pinene,α-蒎烯,C10H16,136.234,80-56-8,,挥发油,CC1=CCC2C(C1C2)(C)C,"InChI=1S/C10H16/c1-7-4-5-8-6-9(7)10(8,2)3/h4,8-9H,5-6H2,1-3H3",GRWFGVWFFZKLTI-UHFFFAOYSA-N,独活
DH-111,Sabinene,桧烯,C10H16,136.234,3387-41-5,,挥发油,CC(C(C1)(CC2)C1C2=C)C,"InChI=1S/C10H16/c1-7(2)10-5-4-8(3)9(10)6-10/h7,9H,3-6H2,1-2H3",NDVASEGYNIMXJL-UHFFFAOYSA-N,独活
DH-112,β-Pinene,β-蒎烯,C10H16,136.234,18172-67-3,,挥发油,C=C1[C@@](C2)([H])C(C)(C)[C@@]2([H])CC1,"InChI=1S/C10H16/c1-7-4-5-8-6-9(7)10(8,2)3/h8-9H,1,4-6H2,2-3H3/t8-,9-/m0/s1",WTARULDDTDQWMU-IUCAKERBSA-N,独活
DH-113,β-Myrcene,β-月桂烯,C10H16,136.234,123-35-3,,挥发油,C=C(C=C)CC/C=C(C)\C,"InChI=1S/C10H16/c1-5-10(4)8-6-7-9(2)3/h5,7H,1,4,6,8H2,2-3H3",UAHWPYUMFXYFJY-UHFFFAOYSA-N,独活
DH-114,α-Phellandrene,α-水芹烯,C10H16,136.234,99-83-2,,挥发油,CC1=CCC(C(C)C)C=C1,"InChI=1S/C10H16/c1-8(2)10-6-4-9(3)5-7-10/h4-6,8,10H,7H2,1-3H3",OGLDWXZKYODSOB-UHFFFAOYSA-N,独活
DH-115,3-Carene,3-蒈烯,C10H16,136.234,13466-78-9,,挥发油,CC1=CCC2C(C2C1)(C)C,"InChI=1S/C10H16/c1-7-4-5-8-9(6-7)10(8,2)3/h4,8-9H,5-6H2,1-3H3",BQOFWKZOCNGFEC-UHFFFAOYSA-N,独活
DH-116,4-Carene,4-蒈烯,C10H16,136.234,29050-33-7,,挥发油,CC(C1C=C2)(C)C1CC2C,"InChI=1S/C10H16/c1-7-4-5-8-9(6-7)10(8,2)3/h4-5,7-9H,6H2,1-3H3",LGNSZMLHOYDATP-UHFFFAOYSA-N,独活
DH-117,p-Cymene,对伞花烃,C10H14,134.218,99-87-6,,单萜,CC(C1=CC=C(C)C=C1)C,"InChI=1S/C10H14/c1-8(2)10-6-4-9(3)5-7-10/h4-8H,1-3H3",HFPZCAJZSCWRBC-UHFFFAOYSA-N,独活
DH-118,β-Phellandrene,β-水芹烯,C10H16,136.234,555-10-2,,单萜,CC(C(C=C1)CCC1=C)C,"InChI=1S/C10H16/c1-8(2)10-6-4-9(3)5-7-10/h4,6,8,10H,3,5,7H2,1-2H3",LFJQCDVYDGGFCH-UHFFFAOYSA-N,独活
DH-119,γ-Terpinene,γ-萜品烯,C10H16,136.234,99-85-4,,单萜,CC(C1=CCC(C)=CC1)C,"InChI=1S/C10H16/c1-8(2)10-6-4-9(3)5-7-10/h4,7-8H,5-6H2,1-3H3",YKFLAYDHMOASIY-UHFFFAOYSA-N,独活
DH-120,Cyclosativene,环苜蓿烯,C15H24,204.351,22469-52-9,,挥发油,[H][C@](CC1)(C(C)C)C2C(C3)[C@]1(C)C4(C)C3C42,"InChI=1S/C15H24/c1-8(2)9-5-6-14(3)10-7-11-13(12(9)10)15(11,14)4/h8-13H,5-7H2,1-4H3/t9-,10?,11?,12?,13?,14+,15?/m0/s1",XBWACJDEQIZTPR-ROZWMTPISA-N,独活
DH-121,β-Elemene,β-榄香烯,C15H24,204.351,515-13-9,,挥发油,C=C(C1CC(C(C)=C)C(C)(C=C)CC1)C,"InChI=1S/C15H24/c1-7-15(6)9-8-13(11(2)3)10-14(15)12(4)5/h7,13-14H,1-2,4,8-10H2,3,5-6H3",OPFTUNCRGUEPRZ-UHFFFAOYSA-N,独活
DH-122,α-Cedrene,α-雪松烯,C15H24,204.351,469-61-4,,挥发油,CC1(C)[C@@](CC[C@H]2C)([H])[C@]32C[C@]1(C(C)=CC3)[H],"InChI=1S/C15H24/c1-10-7-8-15-9-12(10)14(3,4)13(15)6-5-11(15)2/h7,11-13H,5-6,8-9H2,1-4H3/t11-,12+,13+,15+/m1/s1",IRAQOCYXUMOFCW-OSFYFWSMSA-N,独活
DH-123,Alloaromadendrene,别香橙烯,C15H24,204.351,25246-27-9,,挥发油,C=C1[C@](CC[C@H]2C)([H])[C@]2([H])[C@]([C@]([H])3CC1)([H])C3(C)C,"InChI=1S/C15H24/c1-9-6-8-12-14(15(12,3)4)13-10(2)5-7-11(9)13/h10-14H,1,5-8H2,2-4H3/t10-,11-,12-,13-,14-/m1/s1",ITYNGVSTWVVPIC-DHGKCCLASA-N,独活
DH-124,Humulene,葎草烯,C15H24,204.351,6753-98-6,,挥发油,C/C1=C\CC/C(C)=C/CC(C)(C)/C=C/C1,"InChI=1S/C15H24/c1-13-7-5-8-14(2)10-12-15(3,4)11-6-9-13/h6-7,10-11H,5,8-9,12H2,1-4H3/b11-6+,13-7+,14-10+",FAMPSKZZVDUYOS-HRGUGZIWSA-N,独活
DH-125,8-Methyl-1-decene,/,C11H24,154.292,61142-79-8,,萜类,C=CCCCCCC(C)CC,"InChI=1S/C11H22/c1-4-6-7-8-9-10-11(3)5-2/h4,11H,1,5-10H2,2-3H3",RFSMYVSHKACWAB-UHFFFAOYSA-N,独活
DH-126,Aristolochene,/,C15H24,204.351,26620-71-3,,其他,CC([C@H]1C[C@@]2(C)[C@H](C)CCCC2=CC1)=C,"InChI=1S/C15H24/c1-11(2)13-8-9-14-7-5-6-12(3)15(14,4)10-13/h9,12-13H,1,5-8,10H2,2-4H3/t12-,13-,15+/m1/s1",YONHOSLUBQJXPR-NFAWXSAZSA-N,独活
DH-127,α-Curcumene,α-姜黄烯,C15H22,202.34,644-30-4,,挥发油,CC1=CC=C(C(CC/C=C(C)/C)C)C=C1,"InChI=1S/C15H22/c1-12(2)6-5-7-14(4)15-10-8-13(3)9-11-15/h6,8-11,14H,5,7H2,1-4H3",VMYXUZSZMNBRCN-UHFFFAOYSA-N,独活
DH-128,β-Selinene,β-芹子烯,C15H24,204.351,17066-67-0,,挥发油,C=C([C@@H](C[C@@]12[H])CC[C@@]2(C)CCCC1=C)C,"InChI=1S/C15H24/c1-11(2)13-7-9-15(4)8-5-6-12(3)14(15)10-13/h13-14H,1,3,5-10H2,2,4H3/t13-,14+,15-/m1/s1",YOVSPTNQHMDJAG-QLFBSQMISA-N,独活
DH-129,cis-α-Bisabolene,顺式-α-红没药烯,C15H24,204.351,29837-07-8,,挥发油,C/C(C)=C\C/C=C(C)\C1CCC(C)=CC1,"InChI=1S/C15H24/c1-12(2)6-5-7-14(4)15-10-8-13(3)9-11-15/h6-8,15H,5,9-11H2,1-4H3/b14-7-",YHBUQBJHSRGZNF-AUWJEWJLSA-N,独活
DH-130,α-Selinene,α-芹子烯,C15H24,204.351,473-13-2,,挥发油,[H][C@]12C[C@@H](C(C)=C)CC[C@]1(CCC=C2C)C,"InChI=1S/C15H24/c1-11(2)13-7-9-15(4)8-5-6-12(3)14(15)10-13/h6,13-14H,1,5,7-10H2,2-4H3/t13-,14+,15+/m0/s1",OZQAPQSEYFAMCY-RRFJBIMHSA-N,独活
DH-131,Cuparene,花侧柏烯,C15H22 ,202.34,16982-00-6,,挥发油,C[C@]1(C2=CC=C(C)C=C2)C(C)(C)CCC1,"InChI=1S/C15H22/c1-12-6-8-13(9-7-12)15(4)11-5-10-14(15,2)3/h6-9H,5,10-11H2,1-4H3/t15-/m0/s1",SLKPBCXNFNIJSV-HNNXBMFYSA-N,独活
DH-132,α-Cuprenene,α-叩卜壬烯,C15H24,204.351,5046-93-5,,挥发油,CCCCC/C=C/C=C/C,"InChI=1S/C10H18/c1-3-5-7-9-10-8-6-4-2/h3,5,7,9H,4,6,8,10H2,1-2H3/b5-3+,9-7+",RMWHYWJWLBDARH-WJDMQLPWSA-N,独活
DH-133,6-Methyl-5-hepten-2-one,6-甲基-5-庚烯-2-酮,C8H14O,126.196,110-93-0,,挥发油,C/C(C)=C/CCC(C)=O,"InChI=1S/C8H14O/c1-7(2)5-4-6-8(3)9/h5H,4,6H2,1-3H3",UHEPJGULSIKKTP-UHFFFAOYSA-N,独活
DH-134,2-Acetyl-cyclohexanone,2-乙酰基环己酮,C8H12O2,140.18,874-23-7,,挥发油,CC(C(CCCC1)C1=O)=O,"InChI=1S/C8H12O2/c1-6(9)7-4-2-3-5-8(7)10/h7H,2-5H2,1H3",OEKATORRSPXJHE-UHFFFAOYSA-N,独活
DH-135,2-Decanone,2-癸酮,C10H20O,156.265,693-54-9,,挥发油,CC(CCCCCCCC)=O,"InChI=1S/C10H20O/c1-3-4-5-6-7-8-9-10(2)11/h3-9H2,1-2H3",ZAJNGDIORYACQU-UHFFFAOYSA-N,独活
DH-136,Sabinone,,C10H14O,150.218,116660-68-5,,挥发油,CC(C12CC1C(C(C2)=O)=C)C,"InChI=1S/C10H14O/c1-6(2)10-4-8(10)7(3)9(11)5-10/h6,8H,3-5H2,1-2H3",PBLWMCQDAGOTPV-UHFFFAOYSA-N,独活
DH-137,Thujone,侧柏酮,C10H16O,152.233,1125-12-8,,挥发油,O=C1CC2(C(C)C)C(C2)C1C,"InChI=1S/C10H16O/c1-6(2)10-4-8(10)7(3)9(11)5-10/h6-8H,4-5H2,1-3H3",USMNOWBWPHYOEA-UHFFFAOYSA-N,独活
DH-138,Berbenone,马苄烯酮,C10H14O,150.218,80-57-9,,挥发油,CC(C1C(C)(C2C1)C)=CC2=O,"InChI=1S/C10H14O/c1-6-4-9(11)8-5-7(6)10(8,2)3/h4,7-8H,5H2,1-3H3",DCSCXTJOXBUFGB-UHFFFAOYSA-N,独活
DH-139,Carvotanacetone,莳萝艾菊酮,C10H16O,152.233,499-71-8,,挥发油,O=C1C(C)=CC[C@H](C(C)C)C1,"InChI=1S/C10H16O/c1-7(2)9-5-4-8(3)10(11)6-9/h4,7,9H,5-6H2,1-3H3/t9-/m0/s1",WPGPCDVQHXOMQP-VIFPVBQESA-N,独活
DH-140,4-Hydroxy-3-methylaceto⁃ phenone,4-羟基-3-甲基苯乙酮,C9H10O2,150.174,876-02-8,,挥发油,O=C(C)C1=CC=C(O)C(C)=C1,"InChI=1S/C9H10O2/c1-6-5-8(7(2)10)3-4-9(6)11/h3-5,11H,1-2H3",LXBHHIZIQVZGFN-UHFFFAOYSA-N,独活
DH-141,α-Ionone,α-紫罗兰酮,C13H20O,192.297,127-41-3,,挥发油,CC(/C=C/C1C(C)=CCCC1(C)C)=O,"InChI=1S/C13H20O/c1-10-6-5-9-13(3,4)12(10)8-7-11(2)14/h6-8,12H,5,9H2,1-4H3/b8-7+",UZFLPKAIBPNNCA-BQYQJAHWSA-N,独活
DH-142,Oxacyclotridecan,氧杂环十三烷-2-酮,C12H22O2,198.302,947-05-7,,其他,O=C1OCCCCCCCCCCC1,InChI=1S/C12H22O2/c13-12-10-8-6-4-2-1-3-5-7-9-11-14-12/h1-11H2,DQGSJTVMODPFBK-UHFFFAOYSA-N,独活
DH-143,Oxacycloheptadecan- 2-one,氧杂环十七烷-2-酮,C16H30O2,254.408,109-29-5,,其他,O=C1CCCCCCCCCCCCCCCO1,InChI=1S/C16H30O2/c17-16-14-12-10-8-6-4-2-1-3-5-7-9-11-13-15-18-16/h1-15H2,LOKPJYNMYCVCRM-UHFFFAOYSA-N,独活
DH-144,Oxacycloheptadec-8-en- 2-one,氧代环十七碳-8-烯-2-酮,C16H28O2,252.392,28645-51-4,,其他,O=C1OCCCCCC/C=C\CCCCCCC1,"InChI=1S/C16H28O2/c17-16-14-12-10-8-6-4-2-1-3-5-7-9-11-13-15-18-16/h1,3H,2,4-15H2/b3-1-",QILMAYXCYBTEDM-IWQZZHSRSA-N,独活
DH-145,2-Ethyl-6-methyl-phenol,2-乙基-6-甲基苯酚,C9H12O,136.191,1687-64-5,,苯酚,CC1=C(O)C(CC)=CC=C1,"InChI=1S/C9H12O/c1-3-8-6-4-5-7(2)9(8)10/h4-6,10H,3H2,1-2H3",CIRRFAQIWQFQSS-UHFFFAOYSA-N,独活
DH-146,3-t-Butylphenol,3-叔丁基苯酚,C10H14O,150.218,585-34-2,,苯酚,CC(C)(C)C1=CC(O)=CC=C1,"InChI=1S/C10H14O/c1-10(2,3)8-5-4-6-9(11)7-8/h4-7,11H,1-3H3",CYEKUDPFXBLGHH-UHFFFAOYSA-N,独活
DH-147,2-Methoxy-4-vinylphenol,2-甲氧基-4-乙烯基苯酚,C9H10O2,150.174,7786-61-0,,苯酚,OC1=CC=C(C=C)C=C1OC,"InChI=1S/C9H10O2/c1-3-7-4-5-8(10)9(6-7)11-2/h3-6,10H,1H2,2H3",YOMSJEATGXXYPX-UHFFFAOYSA-N,独活
DH-148,Methyleugenol,甲基丁香酚,C11H14O2,178.228,93-15-2,,挥发油,COC1=CC=C(CC=C)C=C1OC,"InChI=1S/C11H14O2/c1-4-5-9-6-7-10(12-2)11(8-9)13-3/h4,6-8H,1,5H2,2-3H3",ZYEMGPIYFIJGTP-UHFFFAOYSA-N,独活
DH-149,Paeonal,丹皮酚,C9H10O3,166.174,552-41-0,,挥发油,OC1=CC(OC)=CC=C1C(C)=O,"InChI=1S/C9H10O3/c1-6(10)8-4-3-7(12-2)5-9(8)11/h3-5,11H,1-2H3",UILPJVPSNHJFIK-UHFFFAOYSA-N,独活
DH-150,2-Methoxy-p-cymene,香芹酚甲醚,C11H16O,164.244,6379-73-3,,挥发油,COC1=CC(C(C)C)=CC=C1C,"InChI=1S/C11H16O/c1-8(2)10-6-5-9(3)11(7-10)12-4/h5-8H,1-4H3",YVLHTQPPMZOCOW-UHFFFAOYSA-N,独活
DH-151,2，5-Dimethoxytoluene,2，5-二甲氧基甲苯,C9H12O2,152.19,24599-58-4,,其他,CC1=CC(OC)=CC=C1OC,"InChI=1S/C9H12O2/c1-7-6-8(10-2)4-5-9(7)11-3/h4-6H,1-3H3",IQISOVKPFBLQIQ-UHFFFAOYSA-N,独活
DH-152,3，5-Dimethoxytoluene,3，5-二甲氧基甲苯,C9H12O2,152.19,4179-19-5,,其他,COC1=CC(C)=CC(OC)=C1,"InChI=1S/C9H12O2/c1-7-4-8(10-2)6-9(5-7)11-3/h4-6H,1-3H3",RIZBLVRXRWHLFA-UHFFFAOYSA-N,独活
DH-153,Antioxine,香芹酚,C10H14O,150.218,499-75-2,,挥发油,CC(C1=CC=C(C)C(O)=C1)C,"InChI=1S/C10H14O/c1-7(2)9-5-4-8(3)10(11)6-9/h4-7,11H,1-3H3",RECUKUPTGUEGMW-UHFFFAOYSA-N,独活
DH-154,Elemicin,\,C12H16O3,208.254,487-11-6,,其他,COC1=CC(CC=C)=CC(OC)=C1OC,"InChI=1S/C12H16O3/c1-5-6-9-7-10(13-2)12(15-4)11(8-9)14-3/h5,7-8H,1,6H2,2-4H3",BPLQKQKXWHCZSS-UHFFFAOYSA-N,独活
DH-155,Musk ambrette,\,C12H16N2O5,268.266,83-66-9,,其他,COC1=C(C(C)(C)C)C=C([N+]([O-])=O)C(C)=C1[N+]([O-])=O,"InChI=1S/C12H16N2O5/c1-7-9(13(15)16)6-8(12(2,3)4)11(19-5)10(7)14(17)18/h6H,1-5H3",SUAUILGSCPYJCS-UHFFFAOYSA-N,独活
DH-156,α-Santonin,\,C15H18O3,246.302,481-06-1,,其他,C[C@]12C=CC(C(C)=C1[C@@H](OC([C@H]3C)=O)[C@H]3CC2)=O,"InChI=1S/C15H18O3/c1-8-10-4-6-15(3)7-5-11(16)9(2)12(15)13(10)18-14(8)17/h5,7-8,10,13H,4,6H2,1-3H3/t8-,10-,13-,15-/m0/s1",XJHDMGJURBVLLE-BOCCBSBMSA-N,独活
