Number,compounds（英文）,compounds,Molecular formula,Molecular weight,CAS No.,结构式,,smiles,inchi,inchikey,药物名称
ADC-001,Benzoquinone,苯醌,C6H4O2,108.10 ,106-51-4,,蒽醌,O=C(C=C1)C=CC1=O,InChI=1S/C6H4O2/c7-5-1-2-6(8)4-3-5/h1-4H,AZQWKYJCGOJGHM-UHFFFAOYSA-N,矮地茶
ADC-002,Fumaric acid,"富马酸,反丁烯二酸",C4H4O4,116.07 ,110-17-8,,脂肪酸,O=C(/C=C/C(O)=O)O,"InChI=1S/C4H4O4/c5-3(6)1-2-4(7)8/h1-2H,(H,5,6)(H,7,8)/b2-1+",VZCYOOQTPOCHFL-OWOJBTEDSA-N,矮地茶
ADC-003,Succinic acid,琥珀酸； 丁二酸,C4H6O4,118.09 ,110-15-6,,脂肪酸,OC(CCC(O)=O)=O,"InChI=1S/C4H6O4/c5-3(6)1-2-4(7)8/h1-2H2,(H,5,6)(H,7,8)",KDYFGRWQOYBRFD-UHFFFAOYSA-N,矮地茶
ADC-004,4-Hydroxybenzylalcohol,对羟基苯甲醇,C7H8O2,124.14 ,623-05-2,,其他,OC1=CC=C(CO)C=C1,"InChI=1S/C7H8O2/c8-5-6-1-3-7(9)4-2-6/h1-4,8-9H,5H2",BVJSUAQZOZWCKN-UHFFFAOYSA-N,矮地茶
ADC-005,Pyrogallol,邻苯三酚,C6H6O3,126.11 ,87-66-1,,酚酸,OC1=CC=CC(O)=C1O,"InChI=1S/C6H6O3/c7-4-2-1-3-5(8)6(4)9/h1-3,7-9H",WQGWDDDVZFFDIG-UHFFFAOYSA-N,矮地茶
ADC-006,DL-Malic acid,DL-苹果酸,C4H6O5,134.09 ,6915-15-7,,脂肪酸,OC(CC(O)C(O)=O)=O,"InChI=1S/C4H6O5/c5-2(4(8)9)1-3(6)7/h2,5H,1H2,(H,6,7)(H,8,9)",BJEPYKJPYRNKOW-UHFFFAOYSA-N,矮地茶
ADC-007,Phenylacetone,苯基丙酮,C9H10O,134.18 ,103-79-7,,其他,CC(CC1=CC=CC=C1)=O,"InChI=1S/C9H10O/c1-8(10)7-9-5-3-2-4-6-9/h2-6H,7H2,1H3",QCCDLTOVEPVEJK-UHFFFAOYSA-N,矮地茶
ADC-008,L-Threonic acid,,C4H8O5,136.10 ,7306-96-9,,脂肪酸,O[C@H]([C@H](CO)O)C(O)=O,"InChI=1S/C4H8O5/c5-1-2(6)3(7)4(8)9/h2-3,5-7H,1H2,(H,8,9)/t2-,3+/m0/s1",JPIJQSOTBSSVTP-STHAYSLISA-N,矮地茶
ADC-009,Salicylic acid,水杨酸,C7H6O3,138.12 ,69-72-7,,酚酸,OC1=CC=CC=C1C(O)=O,"InChI=1S/C7H6O3/c8-6-4-2-1-3-5(6)7(9)10/h1-4,8H,(H,9,10)",YGSDEFSMJLZEOE-UHFFFAOYSA-N,矮地茶
ADC-010,(+)-carvone,(S)-(+)-香芹酮,C10H14O,150.22 ,2244-16-8,,萜类,CC1=CC[C@H](C(C)=C)CC1=O,"InChI=1S/C10H14O/c1-7(2)9-5-4-8(3)10(11)6-9/h4,9H,1,5-6H2,2-3H3/t9-/m0/s1",ULDHMXUKGWMISQ-VIFPVBQESA-N,矮地茶
ADC-011,Carvacrol,香芹酚,C10H14O,150.22 ,499-75-2,,萜类,CC(C1=CC=C(C)C(O)=C1)C,"InChI=1S/C10H14O/c1-7(2)9-5-4-8(3)10(11)6-9/h4-7,11H,1-3H3",RECUKUPTGUEGMW-UHFFFAOYSA-N,矮地茶
ADC-012,methyl salicylate,水杨酸甲酯,C8H8O3,152.15 ,119-36-8,,其他,OC1=CC=CC=C1C(OC)=O,"InChI=1S/C8H8O3/c1-11-8(10)6-4-2-3-5-7(6)9/h2-5,9H,1H3",OSWPMRLSEDHDFF-UHFFFAOYSA-N,矮地茶
ADC-013,(-)-4-Terpineol,4-萜烯醇,C10H18O,154.25 ,562-74-3,,萜类,CC1=CCC(C(C)C)(O)CC1,"InChI=1S/C10H18O/c1-8(2)10(11)6-4-9(3)5-7-10/h4,8,11H,5-7H2,1-3H3",WRYLYDPHFGVWKC-UHFFFAOYSA-N,矮地茶
ADC-014,(+)-borneol,(+)-冰片,C10H18O,154.25 ,464-43-7,,萜类,C[C@]12CC[C@@H](C2(C)C)C[C@@H]1O,"InChI=1S/C10H18O/c1-9(2)7-4-5-10(9,3)8(11)6-7/h7-8,11H,4-6H2,1-3H3/t7-,8+,10+/m1/s1",DTGKSKDOIYIVQL-WEDXCCLWSA-N,矮地茶
ADC-015,Umbelliferone,伞形花内酯； 7-羟基香豆素,C9H6O3,162.14 ,93-35-6,,香豆素,OC1=CC(OC2=O)=C(C=C2)C=C1,"InChI=1S/C9H6O3/c10-7-3-1-6-2-4-9(11)12-8(6)5-7/h1-5,10H",ORHBXUUXSCNDEV-UHFFFAOYSA-N,矮地茶
ADC-016,Isoeugenol,异丁香酚,C10H12O2,164.20 ,97-54-1,,苯丙素,OC1=CC=C(/C=C/C)C=C1OC,"InChI=1S/C10H12O2/c1-3-4-8-5-6-9(11)10(7-8)12-2/h3-7,11H,1-2H3/b4-3+",BJIOGJUNALELMI-ONEGZZNKSA-N,矮地茶
ADC-017,Paeonol,丹皮酚,C9H10O3,166.17 ,552-41-0,,苯丙素,OC1=CC(OC)=CC=C1C(C)=O,"InChI=1S/C9H10O3/c1-6(10)8-4-3-7(12-2)5-9(8)11/h3-5,11H,1-2H3",UILPJVPSNHJFIK-UHFFFAOYSA-N,矮地茶
ADC-018,Gallic acid,"没食子酸; 3,4,5-三羟基苯甲酸",C7H6O5,170.12 ,149-91-7,,酚酸,O=C(C1=CC(O)=C(O)C(O)=C1)O,"InChI=1S/C7H6O5/c8-4-1-3(7(11)12)2-5(9)6(4)10/h1-2,8-10H,(H,11,12)",LNTHITQWFMADLM-UHFFFAOYSA-N,矮地茶
ADC-019,trans-caffeic acid,"3,4-二羟基肉桂酸",C9H8O4,180.16 ,501-16-6,,酚酸,O=C(O)/C=C/C1=CC(O)=C(O)C=C1,"InChI=1S/C9H8O4/c10-7-3-1-6(5-8(7)11)2-4-9(12)13/h1-5,10-11H,(H,12,13)/b4-2+",QAIPRVGONGVQAS-DUXPYHPUSA-N,矮地茶
ADC-020,Veratric acid,藜芦酸,C9H10O4,182.17 ,93-07-2,,酚酸,COC1=CC=C(C(O)=O)C=C1OC,"InChI=1S/C9H10O4/c1-12-7-4-3-6(9(10)11)5-8(7)13-2/h3-5H,1-2H3,(H,10,11)",DAUAQNGYDSHRET-UHFFFAOYSA-N,矮地茶
ADC-021,Azelaic acid,壬二酸,C9H16O4,188.22 ,123-99-9,,脂肪酸,O=C(O)CCCCCCCC(O)=O,"InChI=1S/C9H16O4/c10-8(11)6-4-2-1-3-5-7-9(12)13/h1-7H2,(H,10,11)(H,12,13)",BDJRBEYXGGNYIS-UHFFFAOYSA-N,矮地茶
ADC-022,Citric acid,柠檬酸,C6H8O7,192.12 ,77-92-9,,酚酸,OC(CC(CC(O)=O)(O)C(O)=O)=O,"InChI=1S/C6H8O7/c7-3(8)1-6(13,5(11)12)2-4(9)10/h13H,1-2H2,(H,7,8)(H,9,10)(H,11,12)",KRKNYBCHXYNGOX-UHFFFAOYSA-N,矮地茶
ADC-023,"5,7-Dihydroxy-4-methylcoumarin","5,7-二羟基-4-甲基香豆素",C10H8O4,192.17 ,2107-76-8,,香豆素,O=C1C=C(C)C2=C(O)C=C(O)C=C2O1,"InChI=1S/C10H8O4/c1-5-2-9(13)14-8-4-6(11)3-7(12)10(5)8/h2-4,11-12H,1H3",QNVWGEJMXOQQPM-UHFFFAOYSA-N,矮地茶
ADC-024,Scopoletin,东莨菪内酯,C10H8O4,192.17 ,92-61-5,,香豆素,COC1=CC(C=CC2=O)=C(O2)C=C1O,"InChI=1S/C10H8O4/c1-13-9-4-6-2-3-10(12)14-8(6)5-7(9)11/h2-5,11H,1H3",RODXRVNMMDRFIK-UHFFFAOYSA-N,矮地茶
ADC-025,"3,4-dihydroxyphenylpyruvic acid","3,4-二羟基苯基丙酮酸",C9H8O5,196.16 ,4228-66-4,,酚酸,O=C(C(O)=O)CC1=CC(O)=C(O)C=C1,"InChI=1S/C9H8O5/c10-6-2-1-5(3-7(6)11)4-8(12)9(13)14/h1-3,10-11H,4H2,(H,13,14)",LQQFFJFGLSKYIR-UHFFFAOYSA-N,矮地茶
ADC-026,"3,4,5-Trimethoxybenzaldehyde","3,4,5-三甲氧基苯甲醛",C10H12O4,196.20 ,86-81-7,,其他,O=C(C(O)=O)CC1=CC(O)=C(O)C=C1,"InChI=1S/C9H8O5/c10-6-2-1-5(3-7(6)11)4-8(12)9(13)14/h1-3,10-11H,4H2,(H,13,14)",LQQFFJFGLSKYIR-UHFFFAOYSA-N,矮地茶
ADC-027,Ethyl  gallate,没食子酸乙酯,C9H10O5,198.17 ,831-61-8,,脂肪酸,OC1=C(O)C(O)=CC(C(OCC)=O)=C1,"InChI=1S/C9H10O5/c1-2-14-9(13)5-3-6(10)8(12)7(11)4-5/h3-4,10-12H,2H2,1H3",VFPFQHQNJCMNBZ-UHFFFAOYSA-N,矮地茶
ADC-028,guaiazulene,愈创奥,C15H18,198.30 ,489-84-9,,萜类,CC(C=CC(C(C)C)=C1)=C2C1=C(C)C=C2,"InChI=1S/C15H18/c1-10(2)13-7-5-11(3)14-8-6-12(4)15(14)9-13/h5-10H,1-4H3",FWKQNCXZGNBPFD-UHFFFAOYSA-N,矮地茶
ADC-029,α-calacorene,,C15H20,200.32 ,77129-50-1,,萜类,CC(C1CC=C(C)C2=C1C=C(C)C=C2)C,"InChI=1S/C15H20/c1-10(2)13-8-6-12(4)14-7-5-11(3)9-15(13)14/h5-7,9-10,13H,8H2,1-4H3",CUUMXRBKJIDIAY-UHFFFAOYSA-N,矮地茶
ADC-030,3-tert-Butyladipic acid,3-叔丁基己二酸,C10H18O4,202.25 ,10347-88-3,,脂肪酸,OC(CC(CCC(O)=O)C(C)(C)C)=O,"InChI=1S/C10H18O4/c1-10(2,3)7(6-9(13)14)4-5-8(11)12/h7H,4-6H2,1-3H3,(H,11,12)(H,13,14)",LHSCNQRBIIDZCB-UHFFFAOYSA-N,矮地茶
ADC-031,(Z)-calamenene,,C15H22,202.34 ,72937-55-4,,萜类,CC([C@@H]1CC[C@H](C)C2=C1C=C(C)C=C2)C,"InChI=1S/C15H22/c1-10(2)13-8-6-12(4)14-7-5-11(3)9-15(13)14/h5,7,9-10,12-13H,6,8H2,1-4H3/t12-,13-/m0/s1",PGTJIOWQJWHTJJ-STQMWFEESA-N,矮地茶
ADC-032,3-Acetyl-7-hydroxy-chromen-2-one,3-乙酰基-7-羟基-苯并吡喃-2-酮,C11H8O4,204.18 ,10441-27-7,,香豆素,OC(C=C1O2)=CC=C1C=C(C(C)=O)C2=O,"InChI=1S/C11H8O4/c1-6(12)9-4-7-2-3-8(13)5-10(7)15-11(9)14/h2-5,13H,1H3",BRQZHMHHZLRXOO-UHFFFAOYSA-N,矮地茶
ADC-033,Maraniol,7-乙氧基-4-甲基香豆素,C12H12O3,204.22 , 87-05-8,,香豆素,CC(C(C=C1)=C(O2)C=C1OCC)=CC2=O,"InChI=1S/C12H12O3/c1-3-14-9-4-5-10-8(2)6-12(13)15-11(10)7-9/h4-7H,3H2,1-2H3",NKRISXMDKXBVRJ-UHFFFAOYSA-N,矮地茶
ADC-034,(-)-Isocaryophyllene,(-)-异丁香烯,C15H24,204.35 ,118-65-0,,萜类,CC1([C@@](CC/C(C)=C\CCC2=C)([H])[C@]2([H])C1)C,"InChI=1S/C15H24/c1-11-6-5-7-12(2)13-10-15(3,4)14(13)9-8-11/h6,13-14H,2,5,7-10H2,1,3-4H3/b11-6-/t13-,14-/m1/s1",NPNUFJAVOOONJE-FLFDDASRSA-N,矮地茶
ADC-035,(-)-α-longipinene,(+)-α-长叶蒎烯,C15H24,204.35 , 5989-08-2,,萜类,C[C@]1(CCC2)[C@@]3([H])C(C)=CC[C@]1([H])[C@@]([H])3C2(C)C,"InChI=1S/C15H24/c1-10-6-7-11-13-12(10)15(11,4)9-5-8-14(13,2)3/h6,11-13H,5,7-9H2,1-4H3/t11-,12+,13+,15-/m1/s1",HICYDYJTCDBHMZ-UKTARXLSSA-N,矮地茶
ADC-036,(-)-β-cadinene,,C15H24,204.35 ,523-47-7,,萜类,CC([C@H]1[C@@](CC(C)=CC2)([H])[C@]2([H])C(C)=CC1)C,"InChI=1S/C15H24/c1-10(2)13-8-6-12(4)14-7-5-11(3)9-15(13)14/h5-6,10,13-15H,7-9H2,1-4H3/t13-,14-,15-/m0/s1",USDOQCCMRDNVAH-KKUMJFAQSA-N,矮地茶
ADC-037,(+)-AROMADENDRENE,,C15H24,204.35 ,72747-25-2,,萜类,C[C@@H]1CC[C@@H]2[C@@H]1[C@H]3[C@@H](CCC2=C)C3(C)C,"InChI=1S/C15H24/c1-9-6-8-12-14(15(12,3)4)13-10(2)5-7-11(9)13/h10-14H,1,5-8H2,2-4H3/t10-,11+,12-,13-,14-/m1/s1",ITYNGVSTWVVPIC-XVIXHAIJSA-N,矮地茶
ADC-038,"(E, Z)-alpha-farnesene",,C15H24,204.35 ,28973-98-0,,萜类,C/C(C)=C\CC/C(C)=C\C/C=C(C=C)\C,"InChI=1S/C15H24/c1-6-14(4)10-8-12-15(5)11-7-9-13(2)3/h6,9-10,12H,1,7-8,11H2,2-5H3/b14-10+,15-12-",CXENHBSYCFFKJS-DZKMRSEMSA-N,矮地茶
ADC-039,(S)-β-bisabolene,,C15H24,204.35 ,495-61-4,,萜类,CC1=CC[C@@H](C(CC/C=C(C)\C)=C)CC1,"InChI=1S/C15H24/c1-12(2)6-5-7-14(4)15-10-8-13(3)9-11-15/h6,8,15H,4-5,7,9-11H2,1-3H3/t15-/m1/s1",XZRVRYFILCSYSP-OAHLLOKOSA-N,矮地茶
ADC-040,"10,10-Dimethyl-2,6-dimethylenebicyclo[7.2.0]undecane",,C15H24,204.35 ,136296-38-3,,萜类,CC1(C)CC2C1CCC(CCCC2=C)=C,"InChI=1S/C15H24/c1-11-6-5-7-12(2)13-10-15(3,4)14(13)9-8-11/h13-14H,1-2,5-10H2,3-4H3",PMMLIVYPEUJENN-UHFFFAOYSA-N,矮地茶
ADC-041,Alpha-Cubebene,(-)-Alpha-荜澄茄油烯,C15H24,204.35 ,17699-14-8,,萜类,[H][C@]12[C@@]3([C@H](C)CC[C@H]2C(C)C)CC=C(C)[C@@H]31,"InChI=1S/C15H24/c1-9(2)12-6-5-11(4)15-8-7-10(3)13(15)14(12)15/h7,9,11-14H,5-6,8H2,1-4H3/t11-,12+,13-,14-,15-/m1/s1",XUEHVOLRMXNRKQ-XLWJZTARSA-N,矮地茶
ADC-042,a-Ylangene,,C15H24,204.35 ,14912-44-8,,萜类,CC([C@H]1[C@]2([H])[C@@]3([H])CC=C(C)[C@]2([H])[C@@]3(C)CC1)C,"InChI=1S/C15H24/c1-9(2)11-7-8-15(4)12-6-5-10(3)14(15)13(11)12/h5,9,11-14H,6-8H2,1-4H3/t11-,12+,13+,14-,15-/m0/s1",VLXDPFLIRFYIME-QRTUWBSPSA-N,矮地茶
ADC-043,Humulene,α-石竹烯,C15H24,204.35 ,6753-98-6,,萜类,C/C1=C\CC/C(C)=C/CC(C)(C)/C=C/C1,"InChI=1S/C15H24/c1-13-7-5-8-14(2)10-12-15(3,4)11-6-9-13/h6-7,10-11H,5,8-9,12H2,1-4H3/b11-6+,13-7+,14-10+",FAMPSKZZVDUYOS-HRGUGZIWSA-N,矮地茶
ADC-044,"(4R)-4-[(1E,3R)-3-Hydroxy-1-buten-1-yl]-3,5,5-trimethyl-2-cyclohexen-1-one","(6R,7E,9R)-9-羟基-4,7-巨豆二烯-3-酮",C13H20O2,208.00 ,52210-15-8,,萜类,O=C1C=C(C)[C@H](/C=C/[C@H](O)C)C(C)(C)C1,"InChI=1S/C13H20O2/c1-9-7-11(15)8-13(3,4)12(9)6-5-10(2)14/h5-7,10,12,14H,8H2,1-4H3/b6-5+/t10-,12+/m1/s1",MDCGEAGEQVMWPE-SXGMEYSMSA-N,矮地茶
ADC-045,Fraxetin,秦皮素,C10H8O5,208.17 ,574-84-5,,香豆素,OC(C(OC1=O)=C(C=C1)C=C2OC)=C2O,"InChI=1S/C10H8O5/c1-14-6-4-5-2-3-7(11)15-10(5)9(13)8(6)12/h2-4,12-13H,1H3",HAVWRBANWNTOJX-UHFFFAOYSA-N,矮地茶
ADC-046,Asarone,α-细辛脑,C12H16O3,208.25 ,2883-98-9,,萜类,COC1=C(C=C(OC)C(OC)=C1)/C=C/C,"InChI=1S/C12H16O3/c1-5-6-9-7-11(14-3)12(15-4)8-10(9)13-2/h5-8H,1-4H3/b6-5+",RKFAZBXYICVSKP-AATRIKPKSA-N,矮地茶
ADC-047,5-Heptylresorcinol,"5-庚基苯-1,3-二醇",C13H20O2,208.30 ,500-67-4,,萜类,CCCCCCCC1=CC(O)=CC(O)=C1,"InChI=1S/C13H20O2/c1-2-3-4-5-6-7-11-8-12(14)10-13(15)9-11/h8-10,14-15H,2-7H2,1H3",QENPJKGENOZEEJ-UHFFFAOYSA-N,矮地茶
ADC-048,Ethyl 3-coumarincarboxylate,香豆素-3-羧酸乙酯,C12H10O4,218.21 ,1846-76-0,,香豆素,O=C(C(C(O1)=O)=CC2=C1C=CC=C2)OCC,"InChI=1S/C12H10O4/c1-2-15-11(13)9-7-8-5-3-4-6-10(8)16-12(9)14/h3-7H,2H2,1H3",XKHPEMKBJGUYCM-UHFFFAOYSA-N,矮地茶
ADC-049,(7-Hydroxy-2-oxo-2H-chromen-3-yl) acetic acid,2-(7-羟基-2-氧代-2H-色烯-3-基)乙酸,C11H8O5,220.18 ,104093-04-1,,香豆素,O=C(O)CC(C1=O)=CC2=C(O1)C=C(O)C=C2,"InChI=1S/C11H8O5/c12-8-2-1-6-3-7(4-10(13)14)11(15)16-9(6)5-8/h1-3,5,12H,4H2,(H,13,14)",UYEOESMZNPTWBZ-UHFFFAOYSA-N,矮地茶
ADC-050,Butylated hydroxytoluene,抗氧剂BHT,C15H24O,220.35 ,128-37-0,,其他,CC(C1=CC(C)=CC(C(C)(C)C)=C1O)(C)C,"InChI=1S/C15H24O/c1-10-8-11(14(2,3)4)13(16)12(9-10)15(5,6)7/h8-9,16H,1-7H3",,矮地茶
ADC-051,Caryophyllene oxide,石竹素,C15H24O,220.35 ,1139-30-6,,萜类,C=C1CCC2O[C@@](C)2CC[C@]3([H])[C@]1([H])CC3(C)C,"InChI=1S/C15H24O/c1-10-5-6-13-15(4,16-13)8-7-12-11(10)9-14(12,2)3/h11-13H,1,5-9H2,2-4H3/t11-,12-,13?,15-/m1/s1",NVEQFIOZRFFVFW-CZPDGURSSA-N,矮地茶
ADC-052,Sinapinic acid,芥子酸,C11H12O5,224.21 ,530-59-6,,酚酸,OC1=C(OC)C=C(C=CC(O)=O)C=C1OC,"InChI=1S/C11H12O5/c1-15-8-5-7(3-4-10(12)13)6-9(16-2)11(8)14/h3-6,14H,1-2H3,(H,12,13)",PCMORTLOPMLEFB-UHFFFAOYSA-N,矮地茶
ADC-053,Blumenol A,吐叶醇,C13H20O2,224.30 ,23526-45-6,,其他,CC1(C)CC(C=C(C)[C@]1(O)/C=C/[C@H](O)C)=O,"InChI=1S/C13H20O3/c1-9-7-11(15)8-12(3,4)13(9,16)6-5-10(2)14/h5-7,10,14,16H,8H2,1-4H3/b6-5+/t10-,13-/m1/s1",KPQMCAKZRXOZLB-KOIHBYQTSA-N,矮地茶
ADC-054,2-Hydroxybenzyl benzoate,,C14H12O3,228.24 ,30923-59-2,,其他,O=C(OCC1=CC=CC=C1O)C2=CC=CC=C2,"InChI=1S/C14H12O3/c15-13-9-5-4-8-12(13)10-17-14(16)11-6-2-1-3-7-11/h1-9,15H,10H2",FYLCFQWGCDFKDT-WUXMJOGZSA-N,矮地茶
ADC-055,Myristic acid,肉豆蔻酸,C14H28O2,228.37 ,544-63-8,,脂肪酸,O=C(O)CCCCCCCCCCCCC,"InChI=1S/C14H28O2/c1-2-3-4-5-6-7-8-9-10-11-12-13-14(15)16/h2-13H2,1H3,(H,15,16)",TUNFSRHWOTWDNC-UHFFFAOYSA-N,矮地茶
ADC-056,Dodecanedioic acid,十二烷二酸,C12H22O4,230.30 ,693-23-2,,脂肪酸,OC(CCCCCCCCCCC(O)=O)=O,"InChI=1S/C12H22O4/c13-11(14)9-7-5-3-1-2-4-6-8-10-12(15)16/h1-10H2,(H,13,14)(H,15,16)",TVIDDXQYHWJXFK-UHFFFAOYSA-N,矮地茶
ADC-057,"(3E)-3-(1,3-Benzodioxol-5-ylmethylene)-2,4(3H,5H)-furandione",,C12H8O5,232.19 ,87191-93-3,,其他,O=C(/C1=C([H])\C2=CC3=C(OCO3)C=C2)COC1=O,"InChI=1S/C12H8O5/c13-9-5-15-12(14)8(9)3-7-1-2-10-11(4-7)17-6-16-10/h1-4H,5-6H2/b8-3+",WMDLMQGCPDNRAX-FPYGCLRLSA-N,矮地茶
ADC-058,"Ethyl 3-(1,3-benzodioxol-5-yl)-3-oxopropanoate",3-(6-胡椒环基)-3-氧代丙酸乙酯,C12H12O5,236.22 ,81581-27-3,,其他,O=C(OCC)CC(C1=CC=C(OCO2)C2=C1)=O,"InChI=1S/C12H12O5/c1-2-15-12(14)6-9(13)8-3-4-10-11(5-8)17-7-16-10/h3-5H,2,6-7H2,1H3",UGSBCTHYWAADNY-UHFFFAOYSA-N,矮地茶
ADC-059,"5-(1,1-Dimethylheptyl) resorcinol","5-(1,1-二甲基基)间苯二酚",C15H24O2,236.35 ,56469-10-4,,其他,OC1=CC(C(CCCCCC)(C)C)=CC(O)=C1,"InChI=1S/C15H24O2/c1-4-5-6-7-8-15(2,3)12-9-13(16)11-14(17)10-12/h9-11,16-17H,4-8H2,1-3H3",GWBGUJWRDDDVBI-UHFFFAOYSA-N,矮地茶
ADC-060,"Methyl 2,4-dihydroxy-6-pentylbenzoate","2,4-二羟基-6-戊基苯甲酸甲酯",C13H18O4,238.28 ,58016-28-7,,其他,O=C(OC)C(C(CCCCC)=C1)=C(O)C=C1O,"InChI=1S/C13H18O4/c1-3-4-5-6-9-7-10(14)8-11(15)12(9)13(16)17-2/h7-8,14-15H,3-6H2,1-2H3",RQGAOBDPFOADCM-UHFFFAOYSA-N,矮地茶
ADC-061,pentadecanoic acid,十五烷酸,C15H30O2,242.40 ,1002-84-2,,脂肪酸,O=C(O)CCCCCCCCCCCCCC,"InChI=1S/C15H30O2/c1-2-3-4-5-6-7-8-9-10-11-12-13-14-15(16)17/h2-14H2,1H3,(H,16,17)",WQEPLUUGTLDZJY-UHFFFAOYSA-N,矮地茶
ADC-062,Loxoprofen,洛索洛芬,C15H18O3,246.30 ,68767-14-6,,其他,CC(C1=CC=C(CC2CCCC2=O)C=C1)C(O)=O,"InChI=1S/C15H18O3/c1-10(15(17)18)12-7-5-11(6-8-12)9-13-3-2-4-14(13)16/h5-8,10,13H,2-4,9H2,1H3,(H,17,18)",YMBXTVYHTMGZDW-UHFFFAOYSA-N,矮地茶
ADC-063,Diethyl benzalmalonate,苯亚甲基丙二酸二乙酯,C14H16O4,248.27 ,5292-53-5,,其他,O=C(OCC)/C(C(OCC)=O)=C/C1=CC=CC=C1,"InChI=1S/C14H16O4/c1-3-17-13(15)12(14(16)18-4-2)10-11-8-6-5-7-9-11/h5-10H,3-4H2,1-2H3",VUWPIBNKJSEYIN-UHFFFAOYSA-N,矮地茶
ADC-064,"(5,7-Dihydroxy-2-oxo-2H-chromen-4-yl)methyl acetate",,C12H10O6,250.20 ,90059-77-1,,其他,CC(OCC1=CC(OC2=CC(O)=CC(O)=C12)=O)=O,"InChI=1S/C12H10O6/c1-6(13)17-5-7-2-11(16)18-10-4-8(14)3-9(15)12(7)10/h2-4,14-15H,5H2,1H3",RGYIAALENBKCGK-UHFFFAOYSA-N,矮地茶
ADC-065,"2,5-di-tert. - amylhydroquinone","2,5-二叔戊基对苯二酚",C16H26O2,250.38 ,79-74-3,,其他,OC1=C(C(C)(C)CC)C=C(O)C(C(C)(C)CC)=C1,"InChI=1S/C16H26O2/c1-7-15(3,4)11-9-14(18)12(10-13(11)17)16(5,6)8-2/h9-10,17-18H,7-8H2,1-6H3",CZNRFEXEPBITDS-UHFFFAOYSA-N,矮地茶
ADC-066,(Z)-11-hexadecenoic acid,顺式-11-十六碳二烯酸,C16H30O2,254.41 ,2416-20-8,,脂肪酸,O=C(O)CCCCCCCCC/C=C\CCCC,"InChI=1S/C16H30O2/c1-2-3-4-5-6-7-8-9-10-11-12-13-14-15-16(17)18/h5-6H,2-4,7-15H2,1H3,(H,17,18)/b6-5-",JGMYDQCXGIMHLL-WAYWQWQTSA-N,矮地茶
ADC-067,Palmitelaidic acid,反式-棕榈油酸,C16H30O2,254.41 ,10030-73-6,,脂肪酸,O=C(O)CCCCCCC/C=C/CCCCCC,"InChI=1S/C16H30O2/c1-2-3-4-5-6-7-8-9-10-11-12-13-14-15-16(17)18/h7-8H,2-6,9-15H2,1H3,(H,17,18)/b8-7+",SECPZKHBENQXJG-BQYQJAHWSA-N,矮地茶
ADC-068,Palmiticacid,棕榈酸； 十六酸； 软脂酸,C16H32O2,256.42 ,：57-10-3,,脂肪酸,OC(CCCCCCCCCCCCCCC)=O,"InChI=1S/C16H32O2/c1-2-3-4-5-6-7-8-9-10-11-12-13-14-15-16(17)18/h2-15H2,1H3,(H,17,18)",IPCSVZSSVZVIGE-UHFFFAOYSA-N,矮地茶
ADC-069,Helenalin,心菊内酯,C15H18O4,262.30 ,6754-13-8,,萜,O=C1C=C[C@@]2([H])[C@H](C)C[C@@H]3[C@@H](C(C(O3)=O)=C)[C@H](O)[C@@]21C,"InChI=1S/C15H18O4/c1-7-6-10-12(8(2)14(18)19-10)13(17)15(3)9(7)4-5-11(15)16/h4-5,7,9-10,12-13,17H,2,6H2,1,3H3/t7-,9+,10-,12-,13+,15+/m1/s1",ZVLOPMNVFLSSAA-XEPQRQSNSA-N,矮地茶
ADC-070,4-(Nonyloxy)benzoic acid,4-壬氧基苯甲酸,C16H24O3,264.36 ,15872-43-2,,其他,OC(C1=CC=C(OCCCCCCCCC)C=C1)=O,"InChI=1S/C16H24O3/c1-2-3-4-5-6-7-8-13-19-15-11-9-14(10-12-15)16(17)18/h9-12H,2-8,13H2,1H3,(H,17,18)",BOZLUAUKDKKZHJ-UHFFFAOYSA-N,矮地茶
ADC-071,methylbergenin,二-O-甲基岩白菜素,C13H18N2O4,266.29 ,33815-57-5,,萜,COC1=C(OC)C(OC)=C2C3C(OC(C2=C1)=O)C(O)C(O)C(CO)O3,"InChI=1S/C16H20O9/c1-21-7-4-6-9(13(23-3)12(7)22-2)14-15(25-16(6)20)11(19)10(18)8(5-17)24-14/h4,8,10-11,14-15,17-19H,5H2,1-3H3",RGHGUQJYNLPWPT-UHFFFAOYSA-N,矮地茶
ADC-072,(-) Alpinetin,山姜素,C16H14O4,270.28 ,36052-37-6,,黄酮,OC1=CC(O[C@@H]2C3=CC=CC=C3)=C(C(C2)=O)C(OC)=C1,"InChI=1S/C16H14O4/c1-19-14-7-11(17)8-15-16(14)12(18)9-13(20-15)10-5-3-2-4-6-10/h2-8,13,17H,9H2,1H3/t13-/m0/s1",QQQCWVDPMPFUGF-ZDUSSCGKSA-N,矮地茶
ADC-073,Cardamomin ,小豆蔻明,C16H14O4,270.28 ,19309-14-9,,黄酮,O=C(/C=C/C1=CC=CC=C1)C2=C(O)C=C(O)C=C2OC,"InChI=1S/C16H14O4/c1-20-15-10-12(17)9-14(19)16(15)13(18)8-7-11-5-3-2-4-6-11/h2-10,17,19H,1H3/b8-7+",NYSZJNUIVUBQMM-BQYQJAHWSA-N,矮地茶
ADC-074,Naringenin,柚皮素,C15H12O5,272.25 ,480-41-1,,黄酮,O=C1C[C@@H](C2=CC=C(O)C=C2)OC3=C1C(O)=CC(O)=C3,"InChI=1S/C15H12O5/c16-9-3-1-8(2-4-9)13-7-12(19)15-11(18)5-10(17)6-14(15)20-13/h1-6,13,16-18H,7H2/t13-/m0/s1",FTVWIRXFELQLPI-ZDUSSCGKSA-N,矮地茶
ADC-075,Nandrolone,诺龙,C18H26O2,274.40 ,434-22-0,,三萜,C[C@@](CC1)([C@H]2O)[C@](CC2)([H])[C@@](CC3)([H])[C@@]1([H])[C@](CC4)([H])C3=CC4=O,"InChI=1S/C18H26O2/c1-18-9-8-14-13-5-3-12(19)10-11(13)2-4-15(14)16(18)6-7-17(18)20/h10,13-17,20H,2-9H2,1H3/t13-,14+,15+,16-,17-,18-/m0/s1",NPAGDVCDWIYMMC-IZPLOLCNSA-N,矮地茶
ADC-076,exifone,依昔苯酮,C13H10O7,278.21 ,52479-85-3,,其他,O=C(C1=CC(O)=C(O)C(O)=C1)C2=CC(O)=C(O)C(O)=C2,"InChI=1S/C13H10O7/c14-7-1-5(2-8(15)12(7)19)11(18)6-3-9(16)13(20)10(17)4-6/h1-4,14-17,19-20H",IGKOKEBHGRCHSR-UHFFFAOYSA-N,矮地茶
ADC-077,Diethyl 4-methoxybenzalmalonate,4-甲氧基亚苄基丙二酸二乙酯,C15H18O5,278.30 ,6768-23-6,,其他,O=C(OCC)/C(C(OCC)=O)=C\C(C=C1)=CC=C1OC,"InChI=1S/C15H18O5/c1-4-19-14(16)13(15(17)20-5-2)10-11-6-8-12(18-3)9-7-11/h6-10H,4-5H2,1-3H3",KUBLMWHFTKNBHL-UHFFFAOYSA-N,矮地茶
ADC-078,Dibutyl phthalate,邻苯二甲酸二正丁酯,C16H22O4,278.34 ,84-74-2,,其他,O=C(OCCCC)C1=CC=CC=C1C(OCCCC)=O,"InChI=1S/C16H22O4/c1-3-5-11-19-15(17)13-9-7-8-10-14(13)16(18)20-12-6-4-2/h7-10H,3-6,11-12H2,1-2H3",DOIRQSBPFJWKBE-UHFFFAOYSA-N,矮地茶
ADC-079,Diisobutylphthalate,邻苯二甲酸二异丁酯,C16H22O4,278.34 ,84-69-5,,其他,O=C(OCC(C)C)C1=CC=CC=C1C(OCC(C)C)=O,"InChI=1S/C16H22O4/c1-11(2)9-19-15(17)13-7-5-6-8-14(13)16(18)20-10-12(3)4/h5-8,11-12H,9-10H2,1-4H3",MGWAVDBGNNKXQV-UHFFFAOYSA-N,矮地茶
ADC-080,"5-Dodecyl-1,3-benzenediol",,C18H30O2,278.43 ,72707-60-9,,脂肪酸,CCCCCCCCCCCCC1=CC(O)=CC(O)=C1,"InChI=1S/C18H30O2/c1-2-3-4-5-6-7-8-9-10-11-12-16-13-17(19)15-18(20)14-16/h13-15,19-20H,2-12H2,1H3",VXCBVCVQEPHVDJ-UHFFFAOYSA-N,矮地茶
ADC-081,Alpha-Linolenic acid,α-亚麻酸,C18H30O2,278.43 ,463-40-1,,脂肪酸,O=C(O)CCCCCCC/C=C\C/C=C\C/C=C\CC,"InChI=1S/C18H30O2/c1-2-3-4-5-6-7-8-9-10-11-12-13-14-15-16-17-18(19)20/h3-4,6-7,9-10H,2,5,8,11-17H2,1H3,(H,19,20)/b4-3-,7-6-,10-9-",DTOSIQBPPRVQHS-PDBXOOCHSA-N,矮地茶
ADC-082,α-Eleostearic acid,,C18H30O2,278.43 ,24022-76-2,,脂肪酸,O=C(O)CCCCCCC/C=C\C=C\C=C/CCCC,"InChI=1S/C18H30O2/c1-2-3-4-5-6-7-8-9-10-11-12-13-14-15-16-17-18(19)20/h5-10H,2-4,11-17H2,1H3,(H,19,20)/b6-5-,8-7+,10-9-",CUXYLFPMQMFGPL-BGDVVUGTSA-N,矮地茶
ADC-083,Linoleic acid,亚油酸,C18H32O2,280.45 ,60-33-3,,脂肪酸,CCCCC/C=C\C/C=C\CCCCCCCC(O)=O,"InChI=1S/C18H32O2/c1-2-3-4-5-6-7-8-9-10-11-12-13-14-15-16-17-18(19)20/h6-7,9-10H,2-5,8,11-17H2,1H3,(H,19,20)/b7-6-,10-9-",OYHQOLUKZRVURQ-HZJYTTRNSA-N,矮地茶
ADC-084,"Ethyl 3,4,5-trimethoxybenzoylacetate","3,4,5-三甲氧基苯甲酰乙酸乙酯",C14H18O6,282.29 ,3044-56-2,,脂肪酸,O=C(OCC)CC(C1=CC(OC)=C(OC)C(OC)=C1)=O,"InChI=1S/C14H18O6/c1-5-20-13(16)8-10(15)9-6-11(17-2)14(19-4)12(7-9)18-3/h6-7H,5,8H2,1-4H3",VEYNISLTHXQSGU-UHFFFAOYSA-N,矮地茶
ADC-085,Oleic acid,油酸,C18H34O2,282.46 ,112-80-1,,脂肪酸,OC(CCCCCCC/C=C\CCCCCCCC)=O,"InChI=1S/C18H34O2/c1-2-3-4-5-6-7-8-9-10-11-12-13-14-15-16-17-18(19)20/h9-10H,2-8,11-17H2,1H3,(H,19,20)/b10-9-",ZQPPMHVWECSIRJ-KTKRTIGZSA-N,矮地茶
ADC-086,Ethylpalmitate,棕榈酸乙酯,C18H36O2,284.48 ,628-97-7,,脂肪酸,O=C(OCC)CCCCCCCCCCCCCCC,"InChI=1S/C18H36O2/c1-3-5-6-7-8-9-10-11-12-13-14-15-16-17-18(19)20-4-2/h3-17H2,1-2H3",XIRNKXNNONJFQO-UHFFFAOYSA-N,矮地茶
ADC-087,Kaempferol,山奈酚,C15H10O6,286.24 ,520-18-3,,黄酮,O=C1C(C(O)=CC(O)=C2)=C2OC(C3=CC=C(O)C=C3)=C1O,"InChI=1S/C15H10O6/c16-8-3-1-7(2-4-8)15-14(20)13(19)12-10(18)5-9(17)6-11(12)21-15/h1-6,16-18,20H",IYRMWMYZSQPJKC-UHFFFAOYSA-N,矮地茶
ADC-088,Luteolin,木犀草素,C15H10O6,286.24 ,491-70-3,,黄酮,OC1=CC2=C(C(C=C(C3=CC=C(C(O)=C3)O)O2)=O)C(O)=C1,"InChI=1S/C15H10O6/c16-8-4-11(19)15-12(20)6-13(21-14(15)5-8)7-1-2-9(17)10(18)3-7/h1-6,16-19H",IQPNAANSBPBGFQ-UHFFFAOYSA-N,矮地茶
ADC-089,Eriodictyol,圣草酚,C15H12O6,288.25 ,552-58-9,,黄酮,OC(C(O)=C1)=CC=C1[C@@H]2CC(C3=C(O)C=C(O)C=C3O2)=O,"InChI=1S/C15H12O6/c16-8-4-11(19)15-12(20)6-13(21-14(15)5-8)7-1-2-9(17)10(18)3-7/h1-5,13,16-19H,6H2/t13-/m0/s1",SBHXYTNGIZCORC-ZDUSSCGKSA-N,矮地茶
ADC-090,Cianidanol,儿茶素,C15H14O6,290.27 ,154-23-4,,黄酮,OC1=CC([C@@H](O2)[C@@H](O)CC3=C2C=C(O)C=C3O)=CC=C1O,"InChI=1S/C15H14O6/c16-8-4-11(18)9-6-13(20)15(21-14(9)5-8)7-1-2-10(17)12(19)3-7/h1-5,13,15-20H,6H2/t13-,15+/m0/s1",PFTAWBLQPZVEMU-DZGCQCFKSA-N,矮地茶
ADC-091,Epicatechin,表儿茶素(EC),C15H14O6,290.27 ,490-46-0,,黄酮,O[C@H]1[C@@H](C2=CC=C(O)C(O)=C2)OC(C=C(O)C=C3O)=C3C1,"InChI=1S/C15H14O6/c16-8-4-11(18)9-6-13(20)15(21-14(9)5-8)7-1-2-10(17)12(19)3-7/h1-5,13,15-20H,6H2/t13-,15-/m1/s1",PFTAWBLQPZVEMU-UKRRQHHQSA-N,矮地茶
ADC-092,octinoxate,对甲氧基肉桂酸辛酯,C18H26O3,290.40 ,5466-77-3,,其他,O=C(OCC(CC)CCCC)C=CC1=CC=C(OC)C=C1,"InChI=1S/C18H26O3/c1-4-6-7-15(5-2)14-21-18(19)13-10-16-8-11-17(20-3)12-9-16/h8-13,15H,4-7,14H2,1-3H3",YBGZDTIWKVFICR-UHFFFAOYSA-N,矮地茶
ADC-093,Androstanolone,雄诺龙,C19H30O2,290.44 ,521-18-6,,三萜,C[C@@]12[C@](CC[C@]3([H])[C@]2([H])CC[C@@]4(C)[C@@]3([H])CC[C@@H]4O)([H])CC(CC1)=O,"InChI=1S/C19H30O2/c1-18-9-7-13(20)11-12(18)3-4-14-15-5-6-17(21)19(15,2)10-8-16(14)18/h12,14-17,21H,3-11H2,1-2H3/t12-,14-,15-,16-,17-,18-,19-/m0/s1",NVKAWKQGWWIWPM-ABEVXSGRSA-N,矮地茶
ADC-094,Metilox,"3-(3,5-二叔丁基-4-羟基苯基)丙酸甲酯",C18H28O3,292.41 ,6386-38-5,,其他,O=C(OC)CCC1=CC(C(C)(C)C)=C(O)C(C(C)(C)C)=C1,"InChI=1S/C18H28O3/c1-17(2,3)13-10-12(8-9-15(19)21-7)11-14(16(13)20)18(4,5)6/h10-11,20H,8-9H2,1-7H3",PXMJCECEFTYEKE-UHFFFAOYSA-N,矮地茶
ADC-095,Embelin,恩贝灵； 恩贝酸,C17H24O4,294.39 ,550-24-3,,蒽醌,O=C(C=C1O)C(O)=C(CCCCCCCCCCC)C1=O,"InChI=1S/C17H26O4/c1-2-3-4-5-6-7-8-9-10-11-13-16(20)14(18)12-15(19)17(13)21/h12,18,21H,2-11H2,1H3",IRSFLDGTOHBADP-UHFFFAOYSA-N,矮地茶
ADC-096,(+/-)9-HODE,,C18H32O3,296.45 ,98524-19-7,,脂肪酸,OC(/C=C/C=C\CCCCC)CCCCCCCC(O)=O,"InChI=1S/C18H32O3/c1-2-3-4-5-6-8-11-14-17(19)15-12-9-7-10-13-16-18(20)21/h6,8,11,14,17,19H,2-5,7,9-10,12-13,15-16H2,1H3,(H,20,21)/b8-6-,14-11+",NPDSHTNEKLQQIJ-ZJHFMPGASA-N,矮地茶
ADC-097,Hydroxygenkwanin,羟基芫花素,C16H12O6,300.26 ,20243-59-8,,黄酮,O=C1C=C(C2=CC=C(O)C(O)=C2)OC3=C1C(O)=CC(OC)=C3,"InChI=1S/C16H12O6/c1-21-9-5-12(19)16-13(20)7-14(22-15(16)6-9)8-2-3-10(17)11(18)4-8/h2-7,17-19H,1H3",RRRSSAVLTCVNIQ-UHFFFAOYSA-N,矮地茶
ADC-098,Quercetin,槲皮素,C15H10O7,302.24 ,117-39-5,,黄酮,OC1=CC(C(O2)=C(O)C(C3=C2C=C(O)C=C3O)=O)=CC=C1O,"InChI=1S/C15H10O7/c16-7-4-10(19)12-11(5-7)22-15(14(21)13(12)20)6-1-2-8(17)9(18)3-6/h1-5,16-19,21H",REFJWTPEDVJJIY-UHFFFAOYSA-N,矮地茶
ADC-099,Taxifolin,花旗松素,C15H12O7,304.25 ,480-18-2,,黄酮,OC1=CC([C@@H](O2)[C@@H](O)C(C3=C2C=C(O)C=C3O)=O)=CC=C1O,"InChI=1S/C15H12O7/c16-7-4-10(19)12-11(5-7)22-15(14(21)13(12)20)6-1-2-8(17)9(18)3-6/h1-5,14-19,21H/t14-,15+/m0/s1",CXQWRCVTCMQVQX-LSDHHAIUSA-N,矮地茶
ADC-100,epigallocatechin,表没食子儿茶素,C15H14O7,306.27 ,970-74-1,,黄酮,O[C@H]1[C@@H](C2=CC(O)=C(O)C(O)=C2)OC3=C(C(O)=CC(O)=C3)C1,"InChI=1S/C15H14O7/c16-7-3-9(17)8-5-12(20)15(22-13(8)4-7)6-1-10(18)14(21)11(19)2-6/h1-4,12,15-21H,5H2/t12-,15-/m1/s1",XMOCLSLCDHWDHP-IUODEOHRSA-N,矮地茶
ADC-101,Gallocatechin,(+)-棓儿茶酸,C15H14O7,306.27 ,970-73-0,,黄酮,O[C@H]1CC2=C(O)C=C(O)C=C2O[C@@H]1C3=CC(O)=C(O)C(O)=C3,"InChI=1S/C15H14O7/c16-7-3-9(17)8-5-12(20)15(22-13(8)4-7)6-1-10(18)14(21)11(19)2-6/h1-4,12,15-21H,5H2/t12-,15+/m0/s1",XMOCLSLCDHWDHP-SWLSCSKDSA-N,矮地茶
ADC-102,Di-n-Amyl phthalate,邻苯二甲酸二戊酯,C18H26O4,306.40 ,131-18-0,,其他,O=C(OCCCCC)C1=CC=CC=C1C(OCCCCC)=O,"InChI=1S/C18H26O4/c1-3-5-9-13-21-17(19)15-11-7-8-12-16(15)18(20)22-14-10-6-4-2/h7-8,11-12H,3-6,9-10,13-14H2,1-2H3",IPKKHRVROFYTEK-UHFFFAOYSA-N,矮地茶
ADC-103,"(3beta,5alpha,6beta)-Androstane-3,5,6-triol",,C19H32O3,308.46 ,4725-51-3,,三萜,O[C@H]1CC[C@@]2([C@]3(CC[C@@]4(CCC[C@]4([C@@]3(C[C@H]([C@]2(C1)O)O)[H])[H])C)[H])C,"InChI=1S/C19H32O3/c1-17-7-3-4-14(17)13-10-16(21)19(22)11-12(20)5-9-18(19,2)15(13)6-8-17/h12-16,20-22H,3-11H2,1-2H3/t12-,13-,14-,15-,16+,17-,18+,19-/m0/s1",IFRIPYPBJCUNAG-OTMXHXQLSA-N,矮地茶
ADC-104,"3-Oxoestra-4,9,11-trien-17-yl acetate",群勃龙醋酸脂,C20H24O3,312.40 ,10161-34-9,,三萜,CC(O[C@H]1CC[C@@H]2[C@]1(C)C=CC3=C4CCC(C=C4CC[C@@H]23)=O)=O,"InChI=1S/C20H24O3/c1-12(21)23-19-8-7-18-17-5-3-13-11-14(22)4-6-15(13)16(17)9-10-20(18,19)2/h9-11,17-19H,3-8H2,1-2H3/t17-,18+,19+,20+/m1/s1",CMRJPMODSSEAPL-FYQPLNBISA-N,矮地茶
ADC-105,(9E)-9-Octadecenedioic acid,十八碳-9-烯酸,C18H32O4,312.44 ,4494-16-0,,脂肪酸,O=C(O)CCCCCCC/C=C/CCCCCCCC(O)=O,"InChI=1S/C18H32O4/c19-17(20)15-13-11-9-7-5-3-1-2-4-6-8-10-12-14-16-18(21)22/h1-2H,3-16H2,(H,19,20)(H,21,22)/b2-1+",SBLKVIQSIHEQOF-OWOJBTEDSA-N,矮地茶
ADC-106,Norbergenin,去甲岩白菜素,C13H14O9,314.25 ,79595-97-4,,萜类,O=C1OC(C2O)C(OC(C2O)CO)C3=C1C=C(O)C(O)=C3O,"InChI=1S/C13H14O9/c14-2-5-8(17)10(19)12-11(21-5)6-3(13(20)22-12)1-4(15)7(16)9(6)18/h1,5,8,10-12,14-19H,2H2",GDYGAIKPBLFCKR-UHFFFAOYSA-N,矮地茶
ADC-107,Pregnenolone,孕烯醇酮,C21H32O2,316.48 ,145-13-1,,甾体,O[C@H](C1)CC[C@@]2(C)C1=CC[C@]3([H])[C@]2([H])CC[C@@]4(C)[C@@]3([H])CC[C@@H]4C(C)=O,"InChI=1S/C21H32O2/c1-13(22)17-6-7-18-16-5-4-14-12-15(23)8-10-20(14,2)19(16)9-11-21(17,18)3/h4,15-19,23H,5-12H2,1-3H3/t15-,16-,17+,18-,19-,20-,21+/m0/s1",ORNBQBCIOKFOEO-QGVNFLHTSA-N,矮地茶
ADC-108,Myricetin,杨梅素,C15H10O8,318.24 ,529-44-2,,黄酮,O=C1C(C(O)=CC(O)=C2)=C2OC(C(C=C3O)=CC(O)=C3O)=C1O,"InChI=1S/C15H10O8/c16-6-3-7(17)11-10(4-6)23-15(14(22)13(11)21)5-1-8(18)12(20)9(19)2-5/h1-4,16-20,22H",IKMDFBPHZNJCSN-UHFFFAOYSA-N,矮地茶
ADC-109,"5-[(Z)-Pentadec-8-enyl] benzene-1,3-diol",,C21H34O2,318.49 ,22910-86-7,,其他,CCCCCC/C=C\CCCCCCCC1=CC(O)=CC(O)=C1,"InChI=1S/C21H34O2/c1-2-3-4-5-6-7-8-9-10-11-12-13-14-15-19-16-20(22)18-21(23)17-19/h7-8,16-18,22-23H,2-6,9-15H2,1H3/b8-7-",TUGAUFMQYWZJAB-FPLPWBNLSA-N,矮地茶
ADC-110,Mycophenolic acid,霉酚酸,C17H20O6,320.34 ,24280-93-1,,其他,O=C1OCC2=C1C(O)=C(C/C=C(C)/CCC(O)=O)C(OC)=C2C,"InChI=1S/C17H20O6/c1-9(5-7-13(18)19)4-6-11-15(20)14-12(8-23-17(14)21)10(2)16(11)22-3/h4,20H,5-8H2,1-3H3,(H,18,19)/b9-4+",HPNSFSBZBAHARI-RUDMXATFSA-N,矮地茶
ADC-111,"8(S)-Hydroxy-(5Z,9E,11Z,14Z)-eicosatetraenoic acid","8-羟基-[S-(E,Z,Z,Z)]-5,9,11,14-二十碳四烯酸",C20H32O3,320.47 ,98462-03-4,,脂肪酸,O[C@H](/C=C/C=C\C/C=C\CCCCC)C/C=C\CCCC(O)=O,"InChI=1S/C20H32O3/c1-2-3-4-5-6-7-8-9-10-13-16-19(21)17-14-11-12-15-18-20(22)23/h6-7,9-11,13-14,16,19,21H,2-5,8,12,15,17-18H2,1H3,(H,22,23)/b7-6-,10-9-,14-11-,16-13+/t19-/m1/s1",NLUNAYAEIJYXRB-VYOQERLCSA-N,矮地茶
ADC-112,"(2beta,5beta,6beta,8alpha,9beta,10alpha,13alpha,15alpha)-Kaur-16-ene-2,6,15-triol","16-贝壳杉烯-2,6,15-三醇",C20H32O3,320.47 ,53452-32-7,,萜,OC1CC(C)(C)[C@]2([H])C(O)C[C@](C(O)C([C@]3([H])CC4)=C)(C3)[C@@]4([H])[C@@]2(C)C1,"InChI=1S/C20H32O3/c1-11-12-5-6-15-19(4)9-13(21)8-18(2,3)16(19)14(22)10-20(15,7-12)17(11)23/h12-17,21-23H,1,5-10H2,2-4H3/t12-,13?,14?,15-,16+,17?,19-,20-/m1/s1",OUDUFOYDAUOXPD-UZHLRENFSA-N,矮地茶
ADC-113,Rapanone,酸藤子醌,C19H30O4,322.44 ,573-40-0,,蒽醌,O=C1C(CCCCCCCCCCCCC)=C(O)C(C=C1O)=O,"InChI=1S/C19H30O4/c1-2-3-4-5-6-7-8-9-10-11-12-13-15-18(22)16(20)14-17(21)19(15)23/h14,20,23H,2-13H2,1H3",AMKNOBHCKRZHIO-UHFFFAOYSA-N,矮地茶
ADC-114,Bergenin,岩白菜素,C14H16O9,328.27 ,477-90-7,,萜类,[H][C@@]1(C2=C3C=C(O)C(OC)=C2O)O[C@H](CO)[C@@H](O)[C@H](O)[C@]([H])1OC3=O.O,"InChI=1S/C14H16O9.H2O/c1-21-11-5(16)2-4-7(9(11)18)12-13(23-14(4)20)10(19)8(17)6(3-15)22-12;/h2,6,8,10,12-13,15-19H,3H2,1H3;1H2/t6-,8-,10+,12+,13-;/m1./s1",QCWSXSAFDSGKAT-YOKSUNLASA-N,矮地茶
ADC-115,Corchorifatty acid F,"(10E,15Z)-9,12,13-三羟基八十-10,15-二烯oic acid",C18H32O5,328.44 ,185147-97-1,,其他,CC/C=C\CC(O)C(O)/C=C/C(O)CCCCCCCC(O)=O,"InChI=1S/C18H32O5/c1-2-3-7-11-16(20)17(21)14-13-15(19)10-8-5-4-6-9-12-18(22)23/h3,7,13-17,19-21H,2,4-6,8-12H2,1H3,(H,22,23)/b7-3-,14-13+",MKYUCBXUUSZMQB-MKZMYESJSA-N,矮地茶
ADC-116,Laricitrin,西伯利亚落叶松黄酮,C16H12O8,332.26 ,53472-37-0,,黄酮,O=C1C(O)=C(C2=CC(OC)=C(O)C(O)=C2)OC3=C1C(O)=CC(O)=C3,"InChI=1S/C16H12O8/c1-23-11-3-6(2-9(19)13(11)20)16-15(22)14(21)12-8(18)4-7(17)5-10(12)24-16/h2-5,17-20,22H,1H3",CFYMYCCYMJIYAB-UHFFFAOYSA-N,矮地茶
ADC-117,Alfaxalone,阿法沙龙,C21H32O3,332.48 ,23930-19-0,,甾体,CC([C@H]([C@]1(C2)C)CC[C@@]1([H])[C@]3([H])CC[C@@]4([H])CC(O)CC[C@]4(C)[C@@]3([H])C2=O)=O,"InChI=1S/C21H32O3/c1-12(22)16-6-7-17-15-5-4-13-10-14(23)8-9-20(13,2)19(15)18(24)11-21(16,17)3/h13-17,19,23H,4-11H2,1-3H3/t13-,14?,15-,16+,17-,19+,20-,21+/m0/s1",DUHUCHOQIDJXAT-VEFHSKDMSA-N,矮地茶
ADC-118,Androstanolone acetate,雄诺龙醋酸酯,C21H32O3,332.48 ,1164-91-6,,其他,[H][C@@]12CCC3C4CC[C@@H](C4(CCC3[C@]1(CCC(C2)=O)C)C)OC(C)=O,"InChI=1S/C21H32O3/c1-13(22)24-19-7-6-17-16-5-4-14-12-15(23)8-10-20(14,2)18(16)9-11-21(17,19)3/h14,16-19H,4-12H2,1-3H3/t14-,16?,17?,18?,19-,20-,21?/m0/s1",ILCTUFVQFCIIDS-WZULAGPKSA-N,矮地茶
ADC-119,2-Methylcardol monoene,,C22H36O2,332.52 ,50423-13-7,,其他,CCCCCC/C=C\CCCCCCCC1=CC(O)=C(C)C(O)=C1,"InChI=1S/C22H36O2/c1-3-4-5-6-7-8-9-10-11-12-13-14-15-16-20-17-21(23)19(2)22(24)18-20/h8-9,17-18,23-24H,3-7,10-16H2,1-2H3/b9-8-",LDBPJTXLCRXBIJ-HJWRWDBZSA-N,矮地茶
ADC-120,3-Methoxy-5-[(10Z)-10-pentadecen-1-yl]phenol,,C22H36O2,332.52 ,137786-94-8,,其他,OC1=CC(CCCCCCCCC/C=C\CCCC)=CC(OC)=C1,"InChI=1S/C22H36O2/c1-3-4-5-6-7-8-9-10-11-12-13-14-15-16-20-17-21(23)19-22(18-20)24-2/h6-7,17-19,23H,3-5,8-16H2,1-2H3/b7-6-",NKOPRUNFJQCUCF-SREVYHEPSA-N,矮地茶
ADC-121,Ganaxolone,加奈索酮,C22H36O2,332.52 ,38398-32-2,,三萜,C[C@@]12[C@](CC[C@@H]2C(C)=O)([H])[C@]3([H])CC[C@@]4([H])C[C@](C)(O)CC[C@]4(C)[C@@]3([H])CC1,"InChI=1S/C22H36O2/c1-14(23)17-7-8-18-16-6-5-15-13-20(2,24)11-12-21(15,3)19(16)9-10-22(17,18)4/h15-19,24H,5-13H2,1-4H3/t15-,16-,17+,18-,19-,20+,21-,22+/m0/s1",PGTVWKLGGCQMBR-FLBATMFCSA-N,矮地茶
ADC-122,Tetrahydrodeoxycorticosterone,21-羟基孕烷醇酮,C21H34O3,334.49 ,567-03-3,,甾体,O[C@@H]1CC[C@@]2(C)[C@@](CC[C@]3([H])[C@]2([H])CC[C@@]4(C)[C@@]3([H])CC[C@@H]4C(CO)=O)([H])C1,"InChI=1S/C21H34O3/c1-20-9-7-14(23)11-13(20)3-4-15-16-5-6-18(19(24)12-22)21(16,2)10-8-17(15)20/h13-18,22-23H,3-12H2,1-2H3/t13-,14-,15+,16+,17+,18-,20+,21+/m1/s1",CYKYBWRSLLXBOW-DATPGIFZSA-N,矮地茶
ADC-123,Idebenone,艾地苯醌,C19H30O5,338.44 ,58186-27-9,,蒽醌,COC1=C(C(C(CCCCCCCCCCO)=C(C1=O)C)=O)OC,"InChI=1S/C19H30O5/c1-14-15(12-10-8-6-4-5-7-9-11-13-20)17(22)19(24-3)18(23-2)16(14)21/h20H,4-13H2,1-3H3",JGPMMRGNQUBGND-UHFFFAOYSA-N,矮地茶
ADC-124,Docosanoic Acid,山嵛酸,C22H44O2,340.58 ,112-85-6,,脂肪酸,O=C(O)CCCCCCCCCCCCCCCCCCCCC,"InChI=1S/C22H44O2/c1-2-3-4-5-6-7-8-9-10-11-12-13-14-15-16-17-18-19-20-21-22(23)24/h2-21H2,1H3,(H,23,24)",UKMSUNONTOPOIO-UHFFFAOYSA-N,矮地茶
ADC-125,Alpha-Trehalose,D-海藻糖,C12H22O11,342.30 ,99-20-7,,糖,O[C@H]1[C@H](O)[C@@H](CO)O[C@H](O[C@H]2[C@@H](O)[C@H](O)[C@@H](O)[C@H](CO)O2)[C@@H]1O,"InChI=1S/C12H22O11/c13-1-3-5(15)7(17)9(19)11(21-3)23-12-10(20)8(18)6(16)4(2-14)22-12/h3-20H,1-2H2/t3-,4+,5-,6+,7+,8-,9-,10+,11-,12+",HDTRYLNUVZCQOY-QYZOZNJRSA-N,矮地茶
ADC-126,4-Carboxyphenyl 4-hexyloxybenzoate,4-(4-己氧基苯甲酰氧基)苯甲酸,C20H22O5,342.39 ,52899-68-0,,其他,O=C(O)C1=CC=C(OC(C2=CC=C(OCCCCCC)C=C2)=O)C=C1,"InChI=1S/C20H22O5/c1-2-3-4-5-14-24-17-10-8-16(9-11-17)20(23)25-18-12-6-15(7-13-18)19(21)22/h6-13H,2-5,14H2,1H3,(H,21,22)",VQLWORYWCJWAAP-UHFFFAOYSA-N,矮地茶
ADC-127,Megestrol,甲地孕酮,C22H30O3,342.47 ,3562-63-8,,三萜,O=C1CC[C@@]2(C)C(C(C)=C[C@]3([H])[C@]2([H])CC[C@@]4(C)[C@@]3([H])CC[C@]4(O)C(C)=O)=C1,"InChI=1S/C22H30O3/c1-13-11-16-17(20(3)8-5-15(24)12-19(13)20)6-9-21(4)18(16)7-10-22(21,25)14(2)23/h11-12,16-18,25H,5-10H2,1-4H3/t16-,17+,18+,20-,21+,22+/m1/s1",VXIMPSPISRVBPZ-NWUMPJBXSA-N,矮地茶
ADC-128,Ardisianone A,"Z-2-(10’-十五烯基)-6-甲氧基-1,4-苯醌",C22H34O3,346.50 ,97987-89-8,,蒽醌,CCCCCC(C1=CC(C=CC1=O)=O)CC/C=C/CCCC(OC)C,"InChI=1S/C22H34O3/c1-4-5-9-13-19(21-17-20(23)15-16-22(21)24)14-11-8-6-7-10-12-18(2)25-3/h6,8,15-19H,4-5,7,9-14H2,1-3H3/b8-6+",WNZXOLJKBYUFDZ-SOFGYWHQSA-N,矮地茶
ADC-129,Ginkgoic acid,银杏酸 C15:1,C22H34O3,346.50 ,22910-60-7,,脂肪酸,OCC1=C(O)C=CC=C1CCCCCCC.CCCCCC,"InChI=1S/C14H22O2.C6H14/c1-2-3-4-5-6-8-12-9-7-10-14(16)13(12)11-15;1-3-5-6-4-2/h7,9-10,15-16H,2-6,8,11H2,1H3;3-6H2,1-2H3",WYOCDFDKTCOREQ-UHFFFAOYSA-N,矮地茶
ADC-130,Anacardic acid,氢化白果酸,C22H36O3,348.52 ,16611-84-0,,脂肪酸,OC(C1=C(O)C=CC=C1CCCCCCCCCCCCCCC)=O,"InChI=1S/C22H36O3/c1-2-3-4-5-6-7-8-9-10-11-12-13-14-16-19-17-15-18-20(23)21(19)22(24)25/h15,17-18,23H,2-14,16H2,1H3,(H,24,25)",ADFWQBGTDJIESE-UHFFFAOYSA-N,矮地茶
ADC-131,Estradiol valerate,戊酸雌二醇,C23H32O3,356.50 ,979-32-8,,甾体,[H][C@]12[C@]([C@]3([H])CC[C@]1(C)[C@@H](OC(CCCC)=O)CC2)([H])CCC4=C3C=CC(O)=C4,"InChI=1S/C23H32O3/c1-3-4-5-22(25)26-21-11-10-20-19-8-6-15-14-16(24)7-9-17(15)18(19)12-13-23(20,21)2/h7,9,14,18-21,24H,3-6,8,10-13H2,1-2H3/t18-,19-,20+,21+,23+/m1/s1",RSEPBGGWRJCQGY-RBRWEJTLSA-N,矮地茶
ADC-132,3-[2-(β-D-Glucopyranosyloxy)-4-methoxyphenyl]propanoic acid,2-O-β-D-葡糖基氧基-4-甲氧基苯丙酸,C16H22O9,358.34 ,477873-63-5,,苷,O=C(O)CCC1=CC=C(OC)C=C1OC2[C@@H]([C@H]([C@@H]([C@@H](CO)O2)O)O)O,"InChI=1S/C16H22O9/c1-23-9-4-2-8(3-5-12(18)19)10(6-9)24-16-15(22)14(21)13(20)11(7-17)25-16/h2,4,6,11,13-17,20-22H,3,5,7H2,1H3,(H,18,19)/t11-,13-,14+,15-,16?/m1/s1",LIVNOUBJFOXZOR-YJUJGKJLSA-N,矮地茶
ADC-133,Matairesinol,罗汉松树脂酚,C20H22O6,358.39 ,580-72-3,,其他,COC1=C(O)C=CC(C[C@H]2COC([C@@H]2CC3=CC(OC)=C(O)C=C3)=O)=C1,"InChI=1S/C20H22O6/c1-24-18-9-12(3-5-16(18)21)7-14-11-26-20(23)15(14)8-13-4-6-17(22)19(10-13)25-2/h3-6,9-10,14-15,21-22H,7-8,11H2,1-2H3/t14-,15+/m0/s1",MATGKVZWFZHCLI-LSDHHAIUSA-N,矮地茶
ADC-134,Cannabidiolic acid,大麻二酚酸,C22H30O4,358.47 ,1244-58-2,,其他,O=C(O)C1=C(O)C([C@H](C=C2C)[C@@H](CC2)C(C)=C)=C(O)C=C1CCCCC,"InChI=1S/C22H30O4/c1-5-6-7-8-15-12-18(23)20(21(24)19(15)22(25)26)17-11-14(4)9-10-16(17)13(2)3/h11-12,16-17,23-24H,2,5-10H2,1,3-4H3,(H,25,26)/t16-,17+/m0/s1",WVOLTBSCXRRQFR-DLBZAZTESA-N,矮地茶
ADC-135,Drostanolone propionate,屈他雄酮丙酸酯,C23H36O3,360.53 ,521-12-0,,三萜,O=C([C@@H](C[C@@]1([C@@]2([H])CC[C@]34C)C)C)C[C@]1([H])CC[C@@]2([H])[C@]4([H])CC[C@@H]3OC(CC)=O,"InChI=1S/C23H36O3/c1-5-21(25)26-20-9-8-17-16-7-6-15-12-19(24)14(2)13-23(15,4)18(16)10-11-22(17,20)3/h14-18,20H,5-13H2,1-4H3/t14-,15+,16+,17+,18+,20+,22+,23+/m1/s1",NOTIQUSPUUHHEH-UXOVVSIBSA-N,矮地茶
ADC-136,Maesanin,,C22H34O4,362.50 ,82380-21-0,,其他,O=C1C(O)=C(CCCCCCCCC/C=C\CCCC)C(C(OC)=C1)=O,"InChI=1S/C22H34O4/c1-3-4-5-6-7-8-9-10-11-12-13-14-15-16-18-21(24)19(23)17-20(26-2)22(18)25/h6-7,17,24H,3-5,8-16H2,1-2H3/b7-6-",WVHQJXPRVZBEFP-SREVYHEPSA-N,矮地茶
ADC-137,Lignoceric acid,二十四烷酸,C24H48O2,368.64 ,557-59-5,,脂肪酸,OC(CCCCCCCCCCCCCCCCCCCCCCC)=O,"InChI=1S/C24H48O2/c1-2-3-4-5-6-7-8-9-10-11-12-13-14-15-16-17-18-19-20-21-22-23-24(25)26/h2-23H2,1H3,(H,25,26)",QZZGJDVWLFXDLK-UHFFFAOYSA-N,矮地茶
ADC-138,Rimexolone,瑞美松龙,C24H34O3,370.53 ,49697-38-3,,三萜,CCC(C1(C(CC2C3CCC4=CC(C=CC4(C3C(CC12C)O)C)=O)C)C)=O,"InChI=1S/C24H34O3/c1-6-20(27)24(5)14(2)11-18-17-8-7-15-12-16(25)9-10-22(15,3)21(17)19(26)13-23(18,24)4/h9-10,12,14,17-19,21,26H,6-8,11,13H2,1-5H3",QTTRZHGPGKRAFB-UHFFFAOYSA-N,矮地茶
ADC-139,(-) Arctigenin,牛蒡子苷元,C21H24O6,372.41 ,7770-78-7,,其他,O=C1[C@H](CC2=CC=C(O)C(OC)=C2)[C@@H](CC3=CC=C(OC)C(OC)=C3)CO1,"InChI=1S/C21H24O6/c1-24-18-7-5-13(11-20(18)26-3)8-15-12-27-21(23)16(15)9-14-4-6-17(22)19(10-14)25-2/h4-7,10-11,15-16,22H,8-9,12H2,1-3H3/t15-,16+/m0/s1",NQWVSMVXKMHKTF-JKSUJKDBSA-N,矮地茶
ADC-140,Digitoxigenin,毛地黄毒苷配基,C23H34O4,374.51 ,143-62-4,,三萜,O[C@H]1CC[C@@]2(C)[C@@](CC[C@]3([H])[C@]2([H])CC[C@@]4(C)[C@]3(O)CC[C@@H]4C(CO5)=CC5=O)([H])C1,"InChI=1S/C23H34O4/c1-21-8-5-16(24)12-15(21)3-4-19-18(21)6-9-22(2)17(7-10-23(19,22)26)14-11-20(25)27-13-14/h11,15-19,24,26H,3-10,12-13H2,1-2H3/t15-,16+,17-,18+,19-,21+,22-,23+/m1/s1",XZTUSOXSLKTKJQ-CESUGQOBSA-N,矮地茶
ADC-141,Estradiol enanthate,庚酸雌二醇,C25H36O3,384.55 ,4956-37-0,,三萜,C[C@@]12[C@@H](OC(CCCCCC)=O)CC[C@@]1([H])[C@]3([H])CCC4=C(C=CC(O)=C4)[C@@]3([H])CC2,"InChI=1S/C25H36O3/c1-3-4-5-6-7-24(27)28-23-13-12-22-21-10-8-17-16-18(26)9-11-19(17)20(21)14-15-25(22,23)2/h9,11,16,20-23,26H,3-8,10,12-15H2,1-2H3/t20-,21-,22+,23+,25+/m1/s1",RFWTZQAOOLFXAY-BZDYCCQFSA-N,矮地茶
ADC-142,Medroxyprogesterone 17-acetate,安宫黄体酮,C24H34O4,386.52 ,71-58-9,,三萜,C[C@@]1([C@](C(C)=O)(OC(C)=O)CC2)[C@]2([H])[C@@](C[C@H](C)C3=CC4=O)([H])[C@]([C@]3(CC4)C)([H])CC1,"InChI=1S/C24H34O4/c1-14-12-18-19(22(4)9-6-17(27)13-21(14)22)7-10-23(5)20(18)8-11-24(23,15(2)25)28-16(3)26/h13-14,18-20H,6-12H2,1-5H3/t14-,18+,19-,20-,22+,23-,24-/m0/s1",PSGAAPLEWMOORI-PEINSRQWSA-N,矮地茶
ADC-143,Bis(2-ethylhexyl) phthalate,邻苯二甲酸二辛酯,C24H38O4,390.56 ,117-81-7,,其他,O=C(OCC(CC)CCCC)C1=CC=CC=C1C(OCC(CC)CCCC)=O,"InChI=1S/C24H38O4/c1-5-9-13-19(7-3)17-27-23(25)21-15-11-12-16-22(21)24(26)28-18-20(8-4)14-10-6-2/h11-12,15-16,19-20H,5-10,13-14,17-18H2,1-4H3",BJQHLKABXJIVAM-UHFFFAOYSA-N,矮地茶
ADC-144,Oxprenoate,,C25H38O4,402.57 ,786592-95-8,,三萜,CCC[C@@H]1CC2=CC(CC[C@]2(C)[C@@H]3[C@@H]1[C@@H]4CC[C@](CCC(O)=O)(O)[C@@]4(C)CC3)=O,"InChI=1S/C25H38O4/c1-4-5-16-14-17-15-18(26)6-10-23(17,2)19-7-11-24(3)20(22(16)19)8-12-25(24,29)13-9-21(27)28/h15-16,19-20,22,29H,4-14H2,1-3H3,(H,27,28)/t16-,19+,20+,22-,23+,24+,25-/m1/s1",DNHCHRGCTVRAFT-JEHIOXJOSA-N,矮地茶
ADC-145,Isobutyl octyl phthalate,,C20H30O4,404.58 ,85851-88-3,,其他,O=C(OCCCCCCCC)C1=CC=CC=C1C(OCCCCCCC(C)C)=O,"InChI=1S/C25H40O4/c1-4-5-6-7-9-14-19-28-24(26)22-17-12-13-18-23(22)25(27)29-20-15-10-8-11-16-21(2)3/h12-13,17-18,21H,4-11,14-16,19-20H2,1-3H3",SUPUZEARBZMYPP-UHFFFAOYSA-N,矮地茶
ADC-146,7-ketodeoxycholic acid,"7-酮基-3alpha,12alpha-二羟基胆烷酸",C24H38O5,406.56 ,911-40-0,,三萜,O=C(C1)[C@]2([H])[C@]([C@](CC3)(C)[C@]1([H])C[C@@H]3O)([H])C[C@H](O)[C@]4(C)[C@@H]([C@H](C)CCC(O)=O)CC[C@]42[H],"InChI=1S/C24H38O5/c1-13(4-7-21(28)29)16-5-6-17-22-18(12-20(27)24(16,17)3)23(2)9-8-15(25)10-14(23)11-19(22)26/h13-18,20,22,25,27H,4-12H2,1-3H3,(H,28,29)/t13-,14-,15-,16-,17+,18+,20+,22+,23+,24-/m1/s1",RHCPKKNRWFXMAT-SJPJTCPHSA-N,矮地茶
ADC-147,MEVINIC ACID,,C23H36O6,408.50 ,84064-38-0,,其他,CCC(C(OC1CCC=C2C1C(CCC(O)CC(O)CC(O)=O)C(C)C=C2)=O)C,"InChI=1S/C23H36O6/c1-4-14(2)23(28)29-20-7-5-6-16-9-8-15(3)19(22(16)20)11-10-17(24)12-18(25)13-21(26)27/h6,8-9,14-15,17-20,22,24-25H,4-5,7,10-13H2,1-3H3,(H,26,27)",BOZILQFLQYBIIY-UHFFFAOYSA-N,矮地茶
ADC-148,METHYL 7-KETOCHOLATE,,C25H40O5,420.60 ,10538-65-5,,三萜,C[C@H](CCC(OC)=O)[C@H]1CC[C@@]2([H])[C@]3([H])C(C[C@]4([H])C[C@H](O)CC[C@]4(C)[C@@]3([H])C[C@H](O)[C@]12C)=O,"InChI=1S/C25H40O5/c1-14(5-8-22(29)30-4)17-6-7-18-23-19(13-21(28)25(17,18)3)24(2)10-9-16(26)11-15(24)12-20(23)27/h14-19,21,23,26,28H,5-13H2,1-4H3/t14-,15+,16-,17-,18+,19+,21+,23+,24+,25-/m1/s1",BCPZDSVCYKERMU-CDKLUHQYSA-N,矮地茶
ADC-149,3-friedelanone,无羁萜，木栓酮,C30H50O,426.72 ,559-74-0,,三萜,C[C@]([C@](CC[C@](C)([C@H]1C)[C@@]2([H])CCC1=O)([H])[C@@]2(C)CC3)(CC[C@]4(C)[C@@]5([H])CC(C)(C)CC4)[C@@]35C,"InChI=1S/C30H50O/c1-20-21(31)9-10-22-27(20,5)12-11-23-28(22,6)16-18-30(8)24-19-25(2,3)13-14-26(24,4)15-17-29(23,30)7/h20,22-24H,9-19H2,1-8H3/t20-,22+,23-,24+,26+,27+,28-,29+,30-/m0/s1",OFMXGFHWLZPCFL-SVRPQWSVSA-N,矮地茶
ADC-150,bauerenol,降香萜烯醇,C30H50O,426.72 ,6466-94-0,,三萜,OC1CCC2(C)C(C1(C)C)CC=C3C2CCC4(C5C(C(CCC5(CCC34C)C)C)C)C,"InChI=1S/C30H50O/c1-19-11-14-27(5)17-18-29(7)22-9-10-23-26(3,4)24(31)13-15-28(23,6)21(22)12-16-30(29,8)25(27)20(19)2/h9,19-21,23-25,31H,10-18H2,1-8H3",TZVDWGXUGGUMCE-UHFFFAOYSA-N,矮地茶
ADC-151,afzelin,阿福豆苷,C21H20O10,432.38 ,482-39-3,,黄酮,O=C1C(O[C@H](O[C@H]2C)[C@H](O)[C@H](O)[C@H]2O)=C(OC3=C1C(O)=CC(O)=C3)C(C=C4)=CC=C4O,"InChI=1S/C21H20O10/c1-8-15(25)17(27)18(28)21(29-8)31-20-16(26)14-12(24)6-11(23)7-13(14)30-19(20)9-2-4-10(22)5-3-9/h2-8,15,17-18,21-25,27-28H,1H3/t8-,15-,17+,18+,21-/m0/s1",SOSLMHZOJATCCP-AEIZVZFYSA-N,矮地茶
ADC-152,Epicatechin gallate,表儿茶素没食子酸酯,C22H18O10,442.37 ,1257-08-5,,黄酮,O=C(C1=CC(O)=C(O)C(O)=C1)O[C@H]2[C@@H](C3=CC(O)=C(O)C=C3)OC4=C(C(O)=CC(O)=C4)C2,"InChI=1S/C22H18O10/c23-11-6-14(25)12-8-19(32-22(30)10-4-16(27)20(29)17(28)5-10)21(31-18(12)7-11)9-1-2-13(24)15(26)3-9/h1-7,19,21,23-29H,8H2/t19-,21-/m1/s1",LSHVYAFMTMFKBA-TZIWHRDSSA-N,矮地茶
ADC-153,Luteoloside,木犀草苷; 木犀草素-7-O-葡萄糖苷,C21H20O11,448.38 , 5373-11-5,,黄酮,O=C1C=C(C2=CC=C(O)C(O)=C2)OC3=C1C(O)=CC(OC4[C@@H]([C@H]([C@@H]([C@@H](CO)O4)O)O)O)=C3,"InChI=1S/C21H20O11/c22-7-16-18(27)19(28)20(29)21(32-16)30-9-4-12(25)17-13(26)6-14(31-15(17)5-9)8-1-2-10(23)11(24)3-8/h1-6,16,18-25,27-29H,7H2/t16-,18-,19+,20-,21?/m1/s1",PEFNSGRTCBGNAN-MKJMBMEGSA-N,矮地茶
ADC-154,taxifolin-3-O-rhamnoside,,C21H22O11,450.40 ,29838-67-3,,黄酮,C[C@H]1[C@H](O)[C@@H](O)[C@@H](O)[C@H](O[C@@H]2[C@@H](C3=CC(O)=C(O)C=C3)OC4=CC(O)=CC(O)=C4C2=O)O1,"InChI=1S/C21H22O11/c1-7-15(26)17(28)18(29)21(30-7)32-20-16(27)14-12(25)5-9(22)6-13(14)31-19(20)8-2-3-10(23)11(24)4-8/h2-7,15,17-26,28-29H,1H3/t7-,15-,17+,18+,19+,20-,21-/m0/s1",ZROGCCBNZBKLEL-MPRHSVQHSA-N,矮地茶
ADC-155,3-epioleanolic acid,3-表齐墩果酸,C30H48O3,456.70 ,25499-90-5,,三萜,C[C@@]12C(CC[C@]3(C)C2CC=C4[C@@]3(C)CC[C@]5(C(O)=O)[C@@]4([H])CC(C)(C)CC5)C(C)(C)[C@H](O)CC1,"InChI=1S/C30H48O3/c1-25(2)14-16-30(24(32)33)17-15-28(6)19(20(30)18-25)8-9-22-27(5)12-11-23(31)26(3,4)21(27)10-13-29(22,28)7/h8,20-23,31H,9-18H2,1-7H3,(H,32,33)/t20-,21?,22?,23+,27-,28+,29+,30-/m0/s1",MIJYXULNPSFWEK-MTGKVMAVSA-N,矮地茶
ADC-156,Oleanolic acid,齐墩果酸,C30H48O3,456.70 ,508-02-1,,三萜,[H][C@@]12[C@@](CCC(C)(C)C2)(C(O)=O)CC[C@@]3(C)[C@]4(C)CC[C@@]5([H])C(C)(C)[C@@H](O)CC[C@]5(C)[C@@]4([H])CC=C31,"InChI=1S/C30H48O3/c1-25(2)14-16-30(24(32)33)17-15-28(6)19(20(30)18-25)8-9-22-27(5)12-11-23(31)26(3,4)21(27)10-13-29(22,28)7/h8,20-23,31H,9-18H2,1-7H3,(H,32,33)/t20-,21-,22+,23-,27-,28+,29+,30-/m0/s1",MIJYXULNPSFWEK-GTOFXWBISA-N,矮地茶
ADC-157,Epigallocatechin gallate,(-)-表没食子儿茶素没食子酸酯,C22H18O11,458.37 ,989-51-5,,黄酮,O=C(C1=CC(O)=C(O)C(O)=C1)O[C@H]2[C@@H](C3=CC(O)=C(O)C(O)=C3)OC4=C(C(O)=CC(O)=C4)C2,"InChI=1S/C22H18O11/c23-10-5-12(24)11-7-18(33-22(31)9-3-15(27)20(30)16(28)4-9)21(32-17(11)6-10)8-1-13(25)19(29)14(26)2-8/h1-6,18,21,23-30H,7H2/t18-,21-/m1/s1",WMBWREPUVVBILR-WIYYLYMNSA-N,矮地茶
ADC-158,Gallocatechin gallate,,C22H18O11,458.37 ,5127-64-0,,黄酮,OC1=CC([C@@H]2[C@@H](OC(C3=CC(O)=C(O)C(O)=C3)=O)CC4=C(O)C=C(O)C=C4O2)=CC(O)=C1O,"InChI=1S/C22H18O11/c23-10-5-12(24)11-7-18(33-22(31)9-3-15(27)20(30)16(28)4-9)21(32-17(11)6-10)8-1-13(25)19(29)14(26)2-8/h1-6,18,21,23-30H,7H2/t18-,21+/m0/s1",WMBWREPUVVBILR-GHTZIAJQSA-N,矮地茶
ADC-159,NP-021292,,C30H50O3,458.70 ,115334-05-9,,三萜,C[C@H]([C@@H]1CC[C@@]2(C)[C@@]1(C)CC[C@H]3C2=CC[C@@H]4[C@]3(C)CC[C@H](O)C4(C)C)C[C@@H](O)[C@H]5C(C)(C)O5,"InChI=1S/C30H50O3/c1-18(17-22(31)25-27(4,5)33-25)19-11-15-30(8)21-9-10-23-26(2,3)24(32)13-14-28(23,6)20(21)12-16-29(19,30)7/h9,18-20,22-25,31-32H,10-17H2,1-8H3/t18-,19-,20-,22+,23-,24-,25-,28+,29-,30+/m0/s1",UMTABACRBSGXGK-ZAVAKTSASA-N,矮地茶
ADC-160,Myricitrin,杨梅苷； 五羟基黄酮-3-鼠李糖苷,C21H20O12,464.38 ,17912-87-7,,黄酮,O=C1C(O[C@@H]2O[C@@H](C)[C@H](O)[C@@H](O)[C@H]2O)=C(C3=CC(O)=C(O)C(O)=C3)OC4=C1C(O)=CC(O)=C4,"InChI=1S/C21H20O12/c1-6-14(26)17(29)18(30)21(31-6)33-20-16(28)13-9(23)4-8(22)5-12(13)32-19(20)7-2-10(24)15(27)11(25)3-7/h2-6,14,17-18,21-27,29-30H,1H3/t6-,14-,17+,18+,21-/m0/s1",DCYOADKBABEMIQ-OWMUPTOHSA-N,矮地茶
ADC-161,18-β-Glycyrrhetinic acid,甘草次酸,C30H46O4,470.68 ,471-53-4,,三萜,O[C@H]1CC[C@@]2(C)C(CC[C@]([C@@](CC[C@]3(C)[C@@]4([H])C[C@](C(O)=O)(C)CC3)(C)C4=C5)(C)C2C5=O)C1(C)C,"InChI=1S/C30H46O4/c1-25(2)21-8-11-30(7)23(28(21,5)10-9-22(25)32)20(31)16-18-19-17-27(4,24(33)34)13-12-26(19,3)14-15-29(18,30)6/h16,19,21-23,32H,8-15,17H2,1-7H3,(H,33,34)/t19-,21?,22-,23?,26+,27-,28-,29+,30+/m0/s1",MPDGHEJMBKOTSU-VOPRYAMFSA-N,矮地茶
ADC-162,cyclamiretin A,,C30H48O4,472.70 ,5172-34-9,,三萜,C[C@]1(C=O)CC[C@@]23CO[C@@]4(CC[C@@H]5[C@@]6(C)CC[C@H](O)C(C)(C)[C@@H]6CC[C@@]5(C)[C@]4(C)C[C@H]3O)[C@@H]2C1,"InChI=1S/C30H48O4/c1-24(2)19-7-11-27(5)20(26(19,4)10-9-22(24)32)8-12-30-21-15-25(3,17-31)13-14-29(21,18-34-30)23(33)16-28(27,30)6/h17,19-23,32-33H,7-16,18H2,1-6H3/t19-,20+,21+,22-,23+,25-,26-,27+,28-,29+,30-/m0/s1",UBWMMEPLQFWYCH-GFRLSDCRSA-N,矮地茶
ADC-163,Gossypin,棉纤维素,C21H20O13,480.38 ,652-78-8,,黄酮,O=C1C(C(O)=CC(O)=C2OC([C@H](O)[C@@H](O)[C@@H]3O)O[C@@H]3CO)=C2OC(C(C=C4O)=CC=C4O)=C1O,"InChI=1S/C21H20O13/c22-5-11-13(27)15(29)17(31)21(32-11)34-19-10(26)4-9(25)12-14(28)16(30)18(33-20(12)19)6-1-2-7(23)8(24)3-6/h1-4,11,13,15,17,21-27,29-31H,5H2/t11-,13-,15+,17-,21?/m1/s1",SJRXVLUZMMDCNG-DPJMTGJNSA-N,矮地茶
ADC-164,Myricetin 3-O-galactoside,杨梅酮3-O-半乳糖苷,C21H20O13,480.38 ,15648-86-9,,黄酮,O=C1C(O[C@H]2[C@H](O)[C@@H](O)[C@@H](O)[C@@H](CO)O2)=C(C3=CC(O)=C(O)C(O)=C3)OC4=C1C(O)=CC(O)=C4,"InChI=1S/C21H20O13/c22-5-12-15(28)17(30)18(31)21(33-12)34-20-16(29)13-8(24)3-7(23)4-11(13)32-19(20)6-1-9(25)14(27)10(26)2-6/h1-4,12,15,17-18,21-28,30-31H,5H2/t12-,15+,17+,18-,21+/m1/s1",FOHXFLPXBUAOJM-MGMURXEASA-N,矮地茶
ADC-165,11-O-galloylbergenin,11-O-没食子酰岩白菜素, C21H20O13,480.38 ,82958-44-9,,黄酮,COC1=C(O)C=C2C(C3C(OC2=O)C(O)C(O)C(COC(C4=CC(O)=C(O)C(O)=C4)=O)O3)=C1O,"InChI=1S/C21H20O13/c1-31-17-10(24)4-7-12(15(17)27)18-19(34-21(7)30)16(28)14(26)11(33-18)5-32-20(29)6-2-8(22)13(25)9(23)3-6/h2-4,11,14,16,18-19,22-28H,5H2,1H3",CDRRULDABVKKHU-UHFFFAOYSA-N,矮地茶
ADC-166,isomyricitrin,,C21H20O13,480.40 ,19833-12-6,,黄酮,O=C1C(O[C@H]2[C@@H]([C@H]([C@@H]([C@@H](CO)O2)O)O)O)=C(C3=CC(O)=C(O)C(O)=C3)OC4=C1C(O)=CC(O)=C4,"InChI=1S/C21H20O13/c22-5-12-15(28)17(30)18(31)21(33-12)34-20-16(29)13-8(24)3-7(23)4-11(13)32-19(20)6-1-9(25)14(27)10(26)2-6/h1-4,12,15,17-18,21-28,30-31H,5H2/t12-,15-,17+,18-,21+/m1/s1",FOHXFLPXBUAOJM-LIBJPBHASA-N,矮地茶
ADC-167,Myricomplanoside,,C22H22O13,494.40 ,123442-26-2,,黄酮,COC1=C(O)C(O[C@H]2[C@H](O)[C@@H](O)[C@H](O)[C@@H](CO)O2)=CC(C3=C(O)C(C4=C(O)C=C(O)C=C4O3)=O)=C1,"InChI=1S/C22H22O13/c1-32-11-2-7(21-19(30)17(28)14-9(25)4-8(24)5-10(14)33-21)3-12(15(11)26)34-22-20(31)18(29)16(27)13(6-23)35-22/h2-5,13,16,18,20,22-27,29-31H,6H2,1H3/t13-,16-,18+,20-,22-/m1/s1",RUJHFBFKZCYVLZ-ROSPJSJWSA-N,矮地茶
ADC-168,kaempferitrin,山奈苷,C27H30O14,578.52 ,482-38-2,,黄酮,O=C1C(O[C@H]2[C@H](O)[C@H](O)[C@@H](O)[C@H](C)O2)=C(C3=CC=C(O)C=C3)OC4=CC(O[C@@H]5O[C@@H](C)[C@H](O)[C@@H](O)[C@H]5O)=CC(O)=C41,"InChI=1S/C27H30O14/c1-9-17(30)20(33)22(35)26(37-9)39-13-7-14(29)16-15(8-13)40-24(11-3-5-12(28)6-4-11)25(19(16)32)41-27-23(36)21(34)18(31)10(2)38-27/h3-10,17-18,20-23,26-31,33-36H,1-2H3/t9-,10-,17-,18-,20+,21+,22+,23+,26-,27-/m0/s1",PUPKKEQDLNREIM-QNSQPKOQSA-N,矮地茶
ADC-169,Nictoflorin,,C27H30O15,594.50 ,17650-84-9,,黄酮,OC1=CC(O)=CC2=C1C(C(O[C@@H]3[C@@H](O)[C@H](O)[C@@H](O)[C@H](CO[C@@H]4[C@@H](O)[C@@H](O)[C@H](O)[C@@H](C)O4)O3)=C(C5=CC=C(O)C=C5)O2)=O,"InChI=1S/C27H30O15/c1-9-17(31)20(34)22(36)26(39-9)38-8-15-18(32)21(35)23(37)27(41-15)42-25-19(33)16-13(30)6-12(29)7-14(16)40-24(25)10-2-4-11(28)5-3-10/h2-7,9,15,17-18,20-23,26-32,34-37H,8H2,1H3/t9-,15+,17-,18+,20+,21-,22+,23+,26+,27-/m1/s1",RTATXGUCZHCSNG-BVXQCTIVSA-N,矮地茶
ADC-170,Rutin,芦丁,C27H30O16,610.52 ,153-18-4,,黄酮,OC1=CC(O)=CC2=C1C(C(O[C@@H]3[C@@H](O)[C@H](O)[C@@H](O)[C@H](CO[C@@H]4[C@@H](O)[C@@H](O)[C@H](O)[C@@H](C)O4)O3)=C(C5=CC(O)=C(O)C=C5)O2)=O,"InChI=1S/C27H30O16/c1-8-17(32)20(35)22(37)26(40-8)39-7-15-18(33)21(36)23(38)27(42-15)43-25-19(34)16-13(31)5-10(28)6-14(16)41-24(25)9-2-3-11(29)12(30)4-9/h2-6,8,15,17-18,20-23,26-33,35-38H,7H2,1H3/t8-,15+,17-,18+,20+,21-,22+,23+,26+,27-/m1/s1",IKGXIBQEEMLURG-GGFYDIPBSA-N,矮地茶
ADC-171,Kaempferol 3-O-rhamnoside,,C21H20O10,740.66 ,83170-31-4,,黄酮,COC1=CC=C(C2=C(O[C@H]3[C@H](O[C@H]4[C@H](O)[C@H](O)[C@@H](O)[C@H](C)O4)[C@H](O)[C@@H](O)[C@H](C)O3)C(C(C(O)=CC(O[C@H]5[C@H](O)[C@@H](O)[C@H](O)[C@@H](CO)O5)=C6C/C=C(C)/C)=C6O2)=O)C=C1,"InChI=1S/C39H50O19/c1-14(2)6-11-19-21(54-38-32(50)29(47)26(44)22(13-40)55-38)12-20(41)23-27(45)35(33(56-34(19)23)17-7-9-18(51-5)10-8-17)57-39-36(30(48)25(43)16(4)53-39)58-37-31(49)28(46)24(42)15(3)52-37/h6-10,12,15-16,22,24-26,28-32,36-44,46-50H,11,13H2,1-5H3/t15-,16-,22+,24-,25-,26+,28+,29-,30+,31+,32+,36+,37-,38+,39-/m0/s1",ULZLIYVOYYQJRO-JIYCBSMMSA-N,矮地茶
ADC-172,Epimedin C,朝藿定C,C39H50O19,822.80 ,110642-44-9,,三萜,COC1=CC=C(C2=C(O[C@H]3[C@H](O[C@H]4[C@H](O)[C@H](O)[C@@H](O)[C@H](C)O4)[C@H](O)[C@@H](O)[C@H](C)O3)C(C(C(O)=CC(O[C@H]5[C@H](O)[C@@H](O)[C@H](O)[C@@H](CO)O5)=C6C/C=C(C)/C)=C6O2)=O)C=C1,"InChI=1S/C39H50O19/c1-14(2)6-11-19-21(54-38-32(50)29(47)26(44)22(13-40)55-38)12-20(41)23-27(45)35(33(56-34(19)23)17-7-9-18(51-5)10-8-17)57-39-36(30(48)25(43)16(4)53-39)58-37-31(49)28(46)24(42)15(3)52-37/h6-10,12,15-16,22,24-26,28-32,36-44,46-50H,11,13H2,1-5H3/t15-,16-,22+,24-,25-,26+,28+,29-,30+,31+,32+,36+,37-,38+,39-/m0/s1",ULZLIYVOYYQJRO-JIYCBSMMSA-N,矮地茶
ADC-173,ardisicrenoside A,,C53H88O22,1077.25 ,160824-52-2,,三萜,C[C@H]1[C@H](O)[C@@H](O)[C@@H](O)[C@H](O[C@@H]2[C@@H](O)[C@H](O)[C@@H](CO)O[C@H]2O[C@H]3CO[C@@H](O[C@H]4CC[C@]5(C)[C@H]6CC[C@@]78[C@@H]9C[C@@](C)(CO)CC[C@@]9([C@H](O)C[C@@]8(C)[C@]6(C)CC[C@H]5C4(C)C)CO7)[C@H](O[C@H]%10[C@H](O)[C@@H](O)[C@H](O)[C@@H](CO)O%10)[C@H]3O)O1,"InChI=1S/C53H88O22/c1-23-32(58)36(62)39(65)43(69-23)75-42-38(64)34(60)25(19-55)71-46(42)72-26-20-67-45(41(35(26)61)74-44-40(66)37(63)33(59)24(18-54)70-44)73-31-10-11-49(5)27(47(31,2)3)8-12-50(6)28(49)9-13-53-29-16-48(4,21-56)14-15-52(29,22-68-53)30(57)17-51(50,53)7/h23-46,54-66H,8-22H2,1-7H3/t23-,24+,25+,26-,27-,28+,29+,30+,31-,32-,33+,34+,35-,36+,37-,38-,39+,40+,41+,42+,43-,44-,45-,46-,48-,49-,50+,51-,52+,53-/m0/s1",LTTSWSWZQNISIB-LLEYBADXSA-N,矮地茶
ADC-174,"(2E)-3-(3,4-Dimethoxyphenyl)acrylic acid",,C11H12O4,208.21 ,14737-89-4,,酚酸,COC(C(OC)=C1)=CC=C1/C=C/C(O)=O,"InChI=1S/C11H12O4/c1-14-9-5-3-8(4-6-11(12)13)7-10(9)15-2/h3-7H,1-2H3,(H,12,13)/b6-4+",HJBWJAPEBGSQPR-GQCTYLIASA-N,矮地茶
ADC-175,protocatechuic acid,原儿茶酸,C7H6O4,154.12 ,99-50-3,,黄酮,OC1=CC=C(C(O)=O)C=C1O,"InChI=1S/C7H6O4/c8-5-2-1-4(7(10)11)3-6(5)9/h1-3,8-9H,(H,10,11)",YQUVCSBJEUQKSH-UHFFFAOYSA-N,矮地茶
ADC-176,Quercitrin,槲皮苷,C21H20O11,448.38 ,522-12-3,,黄酮,O=C1C(O[C@@H]2O[C@@H](C)[C@H](O)[C@@H](O)[C@H]2O)=C(C3=CC(O)=C(O)C=C3)OC4=C1C(O)=CC(O)=C4,"InChI=1S/C21H20O11/c1-7-15(26)17(28)18(29)21(30-7)32-20-16(27)14-12(25)5-9(22)6-13(14)31-19(20)8-2-3-10(23)11(24)4-8/h2-7,15,17-18,21-26,28-29H,1H3/t7-,15-,17+,18+,21-/m0/s1",OXGUCUVFOIWWQJ-HQBVPOQASA-N,矮地茶
ADC-177,Chlorogenic acid,绿原酸,C16H18O9,354.31 ,327-97-9,,苯丙素,O[C@H]1[C@@H](O)[C@H](OC(/C=C/C2=CC(O)=C(O)C=C2)=O)C[C@](O)(C(O)=O)C1,"InChI=1S/C16H18O9/c17-9-3-1-8(5-10(9)18)2-4-13(20)25-12-7-16(24,15(22)23)6-11(19)14(12)21/h1-5,11-12,14,17-19,21,24H,6-7H2,(H,22,23)/b4-2+/t11-,12-,14-,16+/m1/s1",CWVRJTMFETXNAD-JUHZACGLSA-N,矮地茶
ADC-178,Alpha-caryophyllene,蛇麻烯,C15H24,204.35 ,6753-98-6,,萜,C/C1=C\CC/C(C)=C/CC(C)(C)/C=C/C1,"InChI=1S/C15H24/c1-13-7-5-8-14(2)10-12-15(3,4)11-6-9-13/h6-7,10-11H,5,8-9,12H2,1-4H3/b11-6+,13-7+,14-10+",FAMPSKZZVDUYOS-HRGUGZIWSA-N,矮地茶
ADC-179,alpha-caryophyllene alcohol,石竹烯醇,C17H30O,250.42 ,4586-22-5,,萜,CC1(C)CC2C(C3(C)CCCC2(C)C3O)C1,"InChI=1S/C15H26O/c1-13(2)8-10-11(9-13)15(4)7-5-6-14(10,3)12(15)16/h10-12,16H,5-9H2,1-4H3",MJYUBUQHKCAJQR-UHFFFAOYSA-N,矮地茶
ADC-180,Emodin,大黄素,C15H10O5,270.24 ,518-82-1,,蒽醌,O=C(C1=C2C=C(O)C=C1O)C(C(O)=CC(C)=C3)=C3C2=O,"InChI=1S/C15H10O5/c1-6-2-8-12(10(17)3-6)15(20)13-9(14(8)19)4-7(16)5-11(13)18/h2-5,16-18H,1H3",RHMXXJGYXNZAPX-UHFFFAOYSA-N,矮地茶
ADC-181,Cinnamaldehyde,肉桂醛,C9H8O,132.16 ,104-55-2,,其他,O=CC=CC1=CC=CC=C1,InChI=1S/C9H8O/c10-8-4-7-9-5-2-1-3-6-9/h1-8H,KJPRLNWUNMBNBZ-UHFFFAOYSA-N,矮地茶
,,,,,,,,,,,
