编号,化合物名称,英文名称,CAS号,分子量,分子式,2D图,化合物种类,smiles,InChI,inchikey,药材名称
ZJF-001,金粟兰内酯A,chloranthalactone A,66395-02-6,228.278,C15H16O2,,挥发油类,O=C1C(C)=C(C[C@@]23[H])C(O1)=C[C@@]3(C)C4C(C4)C2=C,"InChI=1S/C15H16O2/c1-7-9-4-12(9)15(3)6-13-10(5-11(7)15)8(2)14(16)17-13/h6,9,11-12H,1,4-5H2,2-3H3/t9?,11-,12?,15+/m0/s1",OVEQSZKTJIUNHZ-POSDNQMTSA-N,肿节风
ZJF-002,金粟兰内酯C ,chloranthalactone C,73215-91-5,288.33,C17H20O4,,挥发油类,CC(OC[C@@H]([C@]1([H])CC2=C3C)[C@@]4([H])C[C@@]4([H])[C@]1(C)C=C2OC3=O)=O,"InChI=1S/C17H20O4/c1-8-10-4-14-12(7-20-9(2)18)11-5-13(11)17(14,3)6-15(10)21-16(8)19/h6,11-14H,4-5,7H2,1-3H3/t11-,12-,13-,14+,17+/m1/s1",AFQYMJMJVURITP-MAKQCAJESA-N,肿节风
ZJF-003,金粟兰内酯B ,chloranthalactone B,66395-03-7,244.278,C15H16O3,,挥发油类,O=C(C(C)=C1C[C@@]23[H])O[C@]41O[C@@]4([H])[C@@]3(C)[C@]5([H])C[C@]5([H])C2=C,"InChI=1S/C15H16O3/c1-6-8-4-11(8)14(3)9(6)5-10-7(2)12(16)17-15(10)13(14)18-15/h8-9,11,13H,1,4-5H2,2-3H3/t8-,9+,11-,13+,14-,15-/m1/s1",ZKAVFYQAEVFXTE-NRLMIDHWSA-N,肿节风
ZJF-004,金粟兰内酯F ,chloranthalactone F,/,244.278,C15H16O3,,挥发油类,O=C1C=C2CC3C([C@H2](C4)C[C@H2]4C3(C)C(O5)C25O1)=C,"InChI=1S/C15H16O3/c1-7-8-3-9(4-8)14(2)11(7)5-10-6-12(16)17-15(10)13(14)18-15/h6,8-9,11,13H,1,3-5H2,2H3/t8-,9+,11?,13?,14?,15?",MPDCAHDMDMBGPP-RURUHLCHSA-N,肿节风
ZJF-005,金粟兰内酯G,chloranthalactone G,/,244.278,C15H16O3,,挥发油类,C[C@@]1([C@]23CO3)[C@](C1)(C)[C@]([C@@]2(C)C4)(C)C=C(O5)C4=C(C)C5=O,"InChI=1S/C18H22O3/c1-10-11-6-15(3)14(2,7-12(11)21-13(10)19)16(4)8-17(16,5)18(15)9-20-18/h7H,6,8-9H2,1-5H3/t14-,15-,16+,17+,18+/m1/s1",MVTTVHLACRZWRP-ZBRFXRBCSA-N,肿节风
ZJF-006,金粟兰内酯E ,chloranthalactone E,73215-92-6,262.294,C15H18O4,,挥发油类,O=C1C(C)=C(CC23)C(C(O)C3(C)C4C(C4)C2=C)(O)O1,"InChI=1S/C15H18O4/c1-6-8-4-11(8)14(3)9(6)5-10-7(2)12(16)19-15(10,18)13(14)17/h8-9,11,13,17-18H,1,4-5H2,2-3H3",LJLXBYGPGVKTBK-UHFFFAOYSA-N,肿节风
ZJF-007,肿节风苷A,sarcaglaboside A,/,410.45,C21H30O8,,糖苷类,O=C1O[C@@]2([H])C[C@]([C@H](CCC3=C)O[C@@H]([C@@H]([C@H]4O[H])O[H])O[C@H](CO[H])[C@H]4O[H])(C)[C@@]3([H])CC2=C1C,"InChI=1S/C21H30O8/c1-9-4-5-15(29-20-18(25)17(24)16(23)14(8-22)28-20)21(3)7-13-11(6-12(9)21)10(2)19(26)27-13/h12-18,20,22-25H,1,4-8H2,2-3H3/t12-,13-,14+,15-,16+,17-,18+,20-,21+/m0/s1",IGLQJWTUCUZHTP-BVFXZANDSA-N,肿节风
ZJF-008,肿节风苷C ,sarcaglaboside C,/,410.45,C21H30O8,,糖苷类,O=C1O[C@@]2([H])C[C@@](C)(C=C)[C@H](C(CO[C@@H]3O[C@H](CO)[C@@H](O)[C@H](O)[C@H]3O)=C)CC2=C1C,"InChI=1S/C21H30O8/c1-5-21(4)7-14-12(11(3)19(26)28-14)6-13(21)10(2)9-27-20-18(25)17(24)16(23)15(8-22)29-20/h5,13-18,20,22-25H,1-2,6-9H2,3-4H3/t13-,14-,15+,16+,17-,18+,20+,21+/m0/s1",JQVQMIABESRMFA-YYDGTUDOSA-N,肿节风
ZJF-009,肿节风苷B ,sarcaglaboside B,/,408.434,C21H28O8,,糖苷类,O=C1O[C@@]2([H])C[C@]([C@@H](O[C@@H]3O[C@H](CO)[C@@H](O)[C@H](O)[C@H]3O)C=CC4=C)(C)[C@@]4([H])CC2=C1C,"InChI=1S/C21H28O8/c1-9-4-5-15(29-20-18(25)17(24)16(23)14(8-22)28-20)21(3)7-13-11(6-12(9)21)10(2)19(26)27-13/h4-5,12-18,20,22-25H,1,6-8H2,2-3H3/t12-,13-,14+,15-,16+,17-,18+,20-,21+/m0/s1",IXPRKLBCFLYFKW-BVFXZANDSA-N,肿节风
ZJF-010,肿节风苷D,sarcaglaboside D,/,542.564,C26H38O12,,糖苷类,O=C1O[C@@]2([H])C[C@@](C)(C=C)[C@H](C(CO[C@@H]3O[C@H](CO[C@@H]4OC[C@@](CO)(O)[C@H]4O)[C@@H](O)[C@H](O)[C@H]3O)=C)CC2=C1C,"InChI=1S/C26H38O12/c1-5-25(4)7-16-14(13(3)22(32)37-16)6-15(25)12(2)8-34-23-20(30)19(29)18(28)17(38-23)9-35-24-21(31)26(33,10-27)11-36-24/h5,15-21,23-24,27-31,33H,1-2,6-11H2,3-4H3/t15-,16-,17+,18+,19-,20+,21-,23+,24+,25+,26+/m0/s1",NYVXYMLUZXJHAU-LVVJISPMSA-N,肿节风
ZJF-011,肿节风苷E ,sarcaglaboside E,/,542.564,C26H38O12,,糖苷类,O=C1C(C)=C(C/C=C(CO[C@@H]2O[C@H](CO[C@@H]3OC[C@@](CO)(O)[C@H]3O)[C@@H](O)[C@H](O)[C@H]2O)/CC/C=C(C)/C4)[C@@]4([H])O1,"InChI=1S/C26H38O12/c1-13-4-3-5-15(6-7-16-14(2)23(32)37-17(16)8-13)9-34-24-21(30)20(29)19(28)18(38-24)10-35-25-22(31)26(33,11-27)12-36-25/h4,6,17-22,24-25,27-31,33H,3,5,7-12H2,1-2H3/b13-4+,15-6-/t17-,18+,19+,20-,21+,22-,24+,25+,26+/m0/s1",NWJVERSQVLPTOS-FSONPFIFSA-N,肿节风
ZJF-012,肿节风苷G,sarcaglaboside G,/,426.45,C21H30O9,,糖苷类,[O][C@H]1[C@H](O)[C@@H](O)[C@H](O)[C@@H](CO)C1.CC[C@@]2(O)[C@](C3)(C)[C@]3(C)[C@@](C[C@]4(C)O5)(C)[C@@]2(C)CC4=C(C)C5=O,"InChI=1S/C20H30O3.C7H13O5/c1-8-20(22)16(4)9-13-12(2)14(21)23-15(13,3)10-17(16,5)18(6)11-19(18,20)7;8-2-3-1-4(9)6(11)7(12)5(3)10/h22H,8-11H2,1-7H3;3-8,10-12H,1-2H2/t15-,16+,17+,18-,19-,20-;3-,4-,5-,6+,7+/m01/s1",WFJMQNKCCPWNSZ-WSKUPSRQSA-N,肿节风
ZJF-013,肿节风苷H,sarcaglaboside H,/,428.466,C21H32O9,,糖苷类,C[C@@]12[C@](C[C@@](O3)(C)C(C2)=C(C)C3=O)(C)CCC[C@]1(O[H])CO[C@H]4[C@H](O[H])[C@@H](O[H])[C@H](O[H])[C@@H](CO[H])C4,"InChI=1S/C24H38O8/c1-13-15-9-23(4)21(2,11-22(15,3)32-20(13)29)6-5-7-24(23,30)12-31-16-8-14(10-25)17(26)19(28)18(16)27/h14,16-19,25-28,30H,5-12H2,1-4H3/t14-,16-,17-,18+,19+,21-,22+,23-,24+/m1/s1",UVBFXRUXHNYUIO-HCBGNYPFSA-N,肿节风
ZJF-014,白术内酯Ⅱ,atractylenolide Ⅱ,73069-14-4,232.31,C15H20O2,,挥发油类,O=C1O[C@@]2([H])C[C@](CCCC3=C)(C)[C@@]3([H])CC2=C1C,"InChI=1S/C15H20O2/c1-9-5-4-6-15(3)8-13-11(7-12(9)15)10(2)14(16)17-13/h12-13H,1,4-8H2,2-3H3/t12-,13-,15+/m0/s1",OQYBLUDOOFOBPO-KCQAQPDRSA-N,肿节风
ZJF-015,白术内酯Ⅲ,atractylenolide Ⅲ,73030-71-4,248.31,C15H20O3,,挥发油类,O=C1O[C@@]2(O)C[C@](CCCC3=C)(C)[C@@]3([H])CC2=C1C,"InChI=1S/C15H20O3/c1-9-5-4-6-14(3)8-15(17)12(7-11(9)14)10(2)13(16)18-15/h11,17H,1,4-8H2,2-3H3/t11-,14+,15-/m0/s1",FBMORZZOJSDNRQ-GLQYFDAESA-N,肿节风
ZJF-016,白术内酯Ⅳ,atractylenolide Ⅳ,147396-00-7,306.346,C17H22O5,,挥发油类,CC(OC(C1=C)CCC2(C)C1CC3=C(C)C(OC3(O)C2)=O)=O,"InChI=1S/C17H22O5/c1-9-12-7-13-10(2)15(19)22-17(13,20)8-16(12,4)6-5-14(9)21-11(3)18/h12,14,20H,1,5-8H2,2-4H3",GYTSMBNRXNOQKU-UHFFFAOYSA-N,肿节风
ZJF-017,伊斯坦布尔马芹素A,istanbulin A,35481-83-5,264.31,C15H20O4,,挥发油类,O=C1O[C@@]2(O)C[C@](C(CC[C@H]3C)=O)([H])[C@@]3(C)CC2=C1C,"InChI=1S/C15H20O4/c1-8-4-5-12(16)11-7-15(18)10(6-14(8,11)3)9(2)13(17)19-15/h8,11,18H,4-7H2,1-3H3/t8-,11+,14+,15+/m1/s1",HYBIDSYXKTYHCM-BXLXJPJESA-N,肿节风
ZJF-018,银线草内酯F ,shizukanolide F," 	120061-96-3",262.294,C15H18O4,,挥发油类,O=C1C(CO)=C2C(O1)=C[C@@]3(C)[C@@]4([H])[C@@](C4)([H])[C@@H](CO)[C@]3([H])C2,"InChI=1S/C15H18O4/c1-15-4-13-8(10(6-17)14(18)19-13)3-12(15)9(5-16)7-2-11(7)15/h4,7,9,11-12,16-17H,2-3,5-6H2,1H3/t7-,9-,11-,12+,15+/m1/s1",ULWLTEZXDAFDPV-DIZHWTHNSA-N,肿节风
ZJF-019,草珊瑚内酯A,sarcandralactone A,/,246.294,C15H18O3,,挥发油类,O=C(O[C@@]1([H])C[C@@]2(C)[C@]3([H])C[C@]43[H])C(C)=C1C[C@]2(O)C4=C,"InChI=1S/C15H18O3/c1-7-10-5-15(17)8(2)9-4-11(9)14(15,3)6-12(10)18-13(7)16/h9,11-12,17H,2,4-6H2,1,3H3/t9-,11-,12+,14+,15+/m1/s1",KYPVAEYWYXRXRQ-FWTMIXAASA-N,肿节风
ZJF-020,草珊瑚内酯B ,sarcandralactone B,/,246.294,C15H18O3,,挥发油类,O=C1O[C@@]2([H])C[C@]([C@H](O)CC=C3C)(C)[C@@]3([H])CC2=C1C,"InChI=1S/C15H20O3/c1-8-4-5-13(16)15(3)7-12-10(6-11(8)15)9(2)14(17)18-12/h4,11-13,16H,5-7H2,1-3H3/t11-,12-,13+,15+/m0/s1",USNIKHVJRCUVQY-RMRHIDDWSA-N,肿节风
ZJF-021,草珊瑚内酯C ,sarcandralactone C,/,294.336,C16H22O5,,挥发油类,C[C@@]12[C@@](OC)(C)[C@@]3(C)[C@]([C@H](OC)[C@](O4)(OC)C(C3)=C(C)C4=O)(C)[C@]1(C)C2,"InChI=1S/C21H32O5/c1-12-13-10-16(2)19(5,15(23-7)21(13,25-9)26-14(12)22)17(3)11-18(17,4)20(16,6)24-8/h15H,10-11H2,1-9H3/t15-,16+,17+,18-,19+,20+,21-/m0/s1",BNJLUHYEBKCEKW-GDKPVDCVSA-N,肿节风
ZJF-022,草珊瑚内酯D,sarcandralactone D,/,244.278,C15H16O3,,挥发油类,C[C@@]12C(CO)=C3[C@](C=C(O4)C(C3)=C(C)C4=O)(C)[C@]1(C)C2,"InChI=1S/C17H20O3/c1-9-10-5-11-12(7-18)16(3)8-17(16,4)15(11,2)6-13(10)20-14(9)19/h6,18H,5,7-8H2,1-4H3/t15-,16-,17+/m1/s1",WJQXYXLTIDCZAT-ZACQAIPSSA-N,肿节风
ZJF-023,草珊瑚萜内酯A,sarcandrolide A,/,618.696,C36H42O9,,挥发油类,C/C=C(C)/C(OC[C@@]([C@@]1([H])C[C@@]1([H])[C@]2(C)[C@]3([H])CC4=C5[C@]([C@@H](O)C/6=O)(C)[C@]7([H])C[C@]47[H])(O)[C@]2([H])CC([C@@]3(O8)[C@@]5([H])C6=C(C)/C(OC)=O)=C(C)C8=O)=O,"InChI=1S/C36H42O9/c1-8-14(2)30(39)44-13-35(42)22-11-21(22)33(5)23(35)12-19-15(3)32(41)45-36(19)24(33)10-18-17-9-20(17)34(6)26(18)27(36)25(28(37)29(34)38)16(4)31(40)43-7/h8,17,20-24,27,29,38,42H,9-13H2,1-7H3/b14-8+,25-16+/t17-,20-,21-,22+,23-,24+,27+,29+,33+,34+,35+,36+/m1/s1",TUNYYJHZXJEAHU-HJRHJWRSSA-N,肿节风
ZJF-024,草珊瑚萜内酯B ,sarcandrolide B,/,650.696,C36H42O11,,挥发油类,O=C(OC[C@@]([C@@]1([H])C[C@@]1([H])[C@]2(C)[C@]3([H])CC4=C5[C@]([C@@H](O)C/6=O)(C)[C@]7([H])C[C@]47[H])(O)[C@]2([H])CC([C@@]3(O8)[C@@]5([H])C6=C(C)\C(OC)=O)=C(CO)C8=O)/C(C)=C/CO,"InChI=1S/C36H42O11/c1-14(6-7-37)30(41)46-13-35(44)22-10-21(22)33(3)23(35)11-20-18(12-38)32(43)47-36(20)24(33)9-17-16-8-19(16)34(4)26(17)27(36)25(28(39)29(34)40)15(2)31(42)45-5/h6,16,19,21-24,27,29,37-38,40,44H,7-13H2,1-5H3/b14-6+,25-15-/t16-,19-,21-,22+,23-,24+,27+,29+,33+,34+,35+,36+/m1/s1",XSXFCNQBVIDKGF-VRBARMLXSA-N,肿节风
ZJF-025,草珊瑚萜内酯D,sarcandrolide D,1207185-03-2,678.706,C37H42O12,,挥发油类,C/C=C(C)/C(OC[C@@]1(O)[C@]2([H])CC([C@@]3(O4)C5=C6[C@]([C@@]7([H])C[C@@]7([H])[C@]6(C)[C@@H](O)[C@@]8(O)OC(C(C)=C58)=O)(O)C[C@@]3([H])[C@@]2(C)[C@]9([H])C[C@]19[H])=C(COC(C)=O)C4=O)=O,"InChI=1S/C37H42O12/c1-7-14(2)28(39)47-13-35(44)22-8-19(22)32(5)23(35)10-18-17(12-46-16(4)38)30(41)48-36(18)24(32)11-34(43)21-9-20(21)33(6)27(34)26(36)25-15(3)29(40)49-37(25,45)31(33)42/h7,19-24,31,42-45H,8-13H2,1-6H3/b14-7+/t19-,20-,21+,22+,23-,24+,31-,32+,33+,34+,35+,36+,37+/m1/s1",FYTGVSJFROTUKO-FFTXOPGASA-N,肿节风
ZJF-026,草珊瑚萜内酯E ,sarcandrolide E,1207185-06-5,692.732,C38H44O12,,挥发油类,C/C=C(C)/C(OC[C@@]1(O)[C@]2([H])CC([C@@]3(O4)C5=C6[C@]([C@@]7([H])C[C@@]7([H])[C@]6(C)[C@@H](O)C(/C5=C(C)\C(OC)=O)=O)(O)C[C@@]3([H])[C@@]2(C)[C@]8([H])C[C@]18[H])=C(COC(C)=O)C4=O)=O,"InChI=1S/C38H44O12/c1-8-15(2)31(42)49-14-37(46)23-9-20(23)34(5)24(37)11-19-18(13-48-17(4)39)33(44)50-38(19)25(34)12-36(45)22-10-21(22)35(6)29(36)27(38)26(28(40)30(35)41)16(3)32(43)47-7/h8,20-25,30,41,45-46H,9-14H2,1-7H3/b15-8+,26-16-/t20-,21-,22+,23+,24-,25+,30+,34+,35+,36+,37+,38+/m1/s1",JXHOOGQINSPTID-PVTPHBDQSA-N,肿节风
ZJF-027,草珊瑚萜内酯F ,sarcandrolide F,/,780.752,C40H44O16,,挥发油类,O=C(/C(C)=C/COC([C@@H](O)CC(OC1)=O)=O)OC[C@]2(O)[C@]3([H])[C@](C3)([H])[C@]4(C)[C@]5([H])C=C([C@]6([H])[C@@]7([H])C6)[C@]([C@@]/8([H])[C@]59C(C[C@]42[H])=C1C(O9)=O)(OO)[C@@]7(C)[C@@H](O)C(C8=C(C)/C(OC)=O)=O,"InChI=1S/C40H44O16/c1-15-6-7-52-35(48)24(41)12-27(42)53-13-18-20-10-25-36(3,22-9-23(22)38(25,49)14-54-32(15)45)26-11-21-17-8-19(17)37(4)31(44)29(43)28(16(2)33(46)51-5)30(40(21,37)56-50)39(20,26)55-34(18)47/h6,11,17,19,22-26,30-31,41,44,49-50H,7-10,12-14H2,1-5H3/b15-6+,28-16+/t17-,19+,22+,23-,24-,25+,26-,30+,31-,36-,37+,38-,39-,40+/m0/s1",SQJJKVCGTLDRQM-LVAOBDJLSA-N,肿节风
ZJF-028,草珊瑚萜内酯G,sarcandrolide G,/,780.752,C40H44O16,,挥发油类,O=C(O1)C2=C(C[C@@]3([H])[C@@](COC(/C(C)=C\COC([C@@H](O)CC(OC2)=O)=O)=O)(O)[C@](C4)([H])[C@]4([H])[C@@]35C)C61[C@@]5([H])C[C@@]7(OO)C8=C6/C(C([C@H](O)[C@@]8(C)[C@@]9([H])[C@]7([H])C9)=O)=C(C)/C(OC)=O,"InChI=1S/C40H44O16/c1-15-6-7-52-35(48)23(41)11-26(42)53-13-17-18-10-24-36(3,19-8-21(19)38(24,49)14-54-32(15)45)25-12-39(56-50)22-9-20(22)37(4)30(39)28(40(18,25)55-34(17)47)27(29(43)31(37)44)16(2)33(46)51-5/h6,19-25,31,41,44,49-50H,7-14H2,1-5H3/b15-6-,27-16-/t19-,20-,21+,22+,23+,24-,25+,31+,36+,37+,38+,39+,40?/m1/s1",IZJLCZIMMVAQFH-GUNUSKKCSA-N,肿节风
ZJF-029,草珊瑚萜内酯H,sarcandrolide H,/,806.788,C42H46O16,,挥发油类,O=C(/C(C)=C\COC([C@@H](OC(C)=O)CC(OC1)=O)=O)OC[C@]2(O)[C@]3([H])[C@](C3)([H])[C@]([C@@]2([H])C4)(C)[C@](C56C4=C1C(C6)=O)([H])C[C@@]7(O)C8=C5/C(C([C@H](O)[C@@]8(C)[C@@]9([H])[C@]7([H])C9)=O)=C(C(OC)=O)\C,"InChI=1S/C43H48O15/c1-17-7-8-55-38(51)27(58-19(3)44)12-30(46)56-15-20-21-11-28-39(4,22-9-25(22)43(28,53)16-57-36(17)49)29-14-42(52)24-10-23(24)40(5)34(42)32(41(21,29)13-26(20)45)31(33(47)35(40)48)18(2)37(50)54-6/h7,22-25,27-29,35,48,52-53H,8-16H2,1-6H3/b17-7-,31-18-/t22-,23-,24+,25+,27+,28-,29+,35+,39+,40+,41?,42+,43+/m1/s1",GFRLLNMKBBQLJY-KYJRROGYSA-N,肿节风
ZJF-030,草珊瑚萜内酯I ,sarcandrolide I,/,790.746,C41H42O16,,挥发油类,O=C(/C(C)=C/COC([C@@H](OC(C)=O)C1)=O)OC[C@@]2(O)[C@]3([H])CC([C@@]45C(C6[C@]7(C)[C@@]8([H])[C@@](C8)([H])[C@@]6(O)C[C@@]4([H])[C@@]3(C)[C@@]9([H])[C@]2([H])C9)C([C@@](O%10)(O)C7=O)=C(C)C%10=O)=C(C(O5)=O)COC1=O,"InChI=1S/C41H44O16/c1-15-6-7-52-34(47)24(55-17(3)42)11-27(43)53-13-18-19-10-25-36(4,20-8-23(20)39(25,50)14-54-31(15)44)26-12-38(49)22-9-21(22)37(5)30(38)29(40(19,26)56-33(18)46)28-16(2)32(45)57-41(28,51)35(37)48/h6,20-26,29-30,49-51H,7-14H2,1-5H3/b15-6+/t20-,21-,22+,23+,24+,25-,26+,29?,30?,36+,37+,38+,39+,40+,41+/m1/s1",PTZMYAXBVYSXHT-GHWUFYKDSA-N,肿节风
ZJF-031,草珊瑚萜内酯J ,sarcandrolide J,/,536.598,C31H36O8,,挥发油类,C/C(C(OC)=O)=C1[C@]2([H])C34[C@@]([C@]([C@@](C5)([H])[C@@]5([H])[C@H]6CO)(C)[C@@]6([H])CC3=C(CO)C(O4)=O)([H])CC([C@]7([H])[C@@]8([H])C7)=C2[C@@]8(C)[C@@H](O)C\1=O,"InChI=1S/C31H36O8/c1-11(27(36)38-4)22-24-23-14(12-5-18(12)30(23,3)26(35)25(22)34)7-21-29(2)17-6-13(17)15(9-32)19(29)8-20-16(10-33)28(37)39-31(20,21)24/h12-13,15,17-19,21,24,26,32-33,35H,5-10H2,1-4H3/b22-11-/t12-,13-,15-,17-,18-,19+,21+,24+,26+,29+,30+,31?/m1/s1",ZCBLJAGXAISYJE-ZWRGCRIHSA-N,肿节风
ZJF-032,银线草醇A,shizukaol A,131984-98-0,502.582,C31H34O6,,挥发油类,C/C(C(OC)=O)=C([C@]1([H])[C@]23OC(C(C)=C2C[C@@]4([H])C([C@@]5([H])C[C@@]5([H])[C@]4(C)[C@]3([H])CC6=C1[C@]([C@H]7O)(C)[C@]8([H])C[C@]68[H])=C)=O)/C7=O,"InChI=1S/C31H34O6/c1-11-14-7-19(14)29(4)17(11)10-18-12(2)28(35)37-31(18)21(29)9-16-15-8-20(15)30(5)23(16)24(31)22(25(32)26(30)33)13(3)27(34)36-6/h14-15,17,19-21,24,26,33H,1,7-10H2,2-6H3/b22-13-/t14-,15-,17+,19-,20-,21+,24+,26+,29-,30+,31+/m1/s1",GQSUZVYXPAKHQW-SFVFYCNCSA-N,肿节风
ZJF-033,银线草醇B ,shizukaol B,142279-40-1,732.752,C40H44O13,,挥发油类,C/C(C(OC)=O)=C1C([C@H](O)[C@@]2(C)[C@]3([H])C[C@]3([H])C4=C2[C@@]/1([H])[C@]56OC(C(COC(CCC(OC/C=C7\C)=O)=O)=C5C[C@@]8([H])[C@]([C@@]9([H])C[C@@]9([H])[C@]8(C)[C@]6([H])C4)(O)COC7=O)=O)=O,"InChI=1S/C40H44O13/c1-16-8-9-50-27(41)6-7-28(42)51-14-20-22-13-25-37(3,23-12-24(23)39(25,48)15-52-34(16)45)26-11-19-18-10-21(18)38(4)30(19)31(40(22,26)53-36(20)47)29(32(43)33(38)44)17(2)35(46)49-5/h8,18,21,23-26,31,33,44,48H,6-7,9-15H2,1-5H3/b16-8+,29-17-/t18-,21-,23-,24+,25-,26+,31+,33+,37+,38+,39+,40+/m1/s1",NCEFZVURTXZBJM-CLPLISGISA-N,肿节风
ZJF-034,银线草醇C ,shizukaol C,142279-41-2,634.696,C36H42O10,,挥发油类,C/C=C(C)/C(OC[C@@]([C@@]1([H])C[C@@]1([H])[C@]2(C)[C@]3([H])CC4=C5[C@]([C@@H](O)C/6=O)(C)[C@]7([H])C[C@]47[H])(O)[C@]2([H])CC([C@@]3(O8)[C@@]5([H])C6=C(C)\C(OC)=O)=C(CO)C8=O)=O,"InChI=1S/C36H42O10/c1-7-14(2)30(40)45-13-35(43)22-10-21(22)33(4)23(35)11-20-18(12-37)32(42)46-36(20)24(33)9-17-16-8-19(16)34(5)26(17)27(36)25(28(38)29(34)39)15(3)31(41)44-6/h7,16,19,21-24,27,29,37,39,43H,8-13H2,1-6H3/b14-7+,25-15-/t16-,19-,21-,22+,23-,24+,27+,29+,33+,34+,35+,36+/m1/s1",KDKIOCIPCJDWMT-ADSFGAOYSA-N,肿节风
ZJF-035,银线草醇D,shizukaol D,142279-42-3,578.634,C33H38O9,,挥发油类,C/C(C(OC)=O)=C([C@]1([H])[C@]23OC(C(CO)=C2C[C@@]4([H])[C@H](COC(C)=O)[C@@]5([H])C[C@@]5([H])[C@]4(C)[C@]3([H])CC6=C1[C@]([C@H]7O)(C)[C@]8([H])C[C@]68[H])=O)/C7=O,"InChI=1S/C33H38O9/c1-12(29(38)40-5)24-26-25-16(14-6-20(14)32(25,4)28(37)27(24)36)8-23-31(3)19-7-15(19)18(11-41-13(2)35)21(31)9-22-17(10-34)30(39)42-33(22,23)26/h14-15,18-21,23,26,28,34,37H,6-11H2,1-5H3/b24-12-/t14-,15-,18-,19-,20-,21+,23+,26+,28+,31+,32+,33+/m1/s1",UEHIWILSQZCXQY-LWKKLXHHSA-N,肿节风
ZJF-036,银线草醇E ,shizukaol E,165171-09-5,562.634,C33H38O8,,挥发油类,C/C(C(OC)=O)=C([C@]1([H])[C@]23OC(C(C)=C2C[C@@]4([H])[C@H](COC(C)=O)[C@@]5([H])C[C@@]5([H])[C@]4(C)[C@]3([H])CC6=C1[C@]([C@H]7O)(C)[C@]8([H])C[C@]68[H])=O)/C7=O,"InChI=1S/C33H38O8/c1-12-19-10-22-18(11-40-14(3)34)16-8-20(16)31(22,4)23-9-17-15-7-21(15)32(5)25(17)26(33(19,23)41-30(12)38)24(27(35)28(32)36)13(2)29(37)39-6/h15-16,18,20-23,26,28,36H,7-11H2,1-6H3/b24-13-/t15-,16-,18-,20-,21-,22+,23+,26+,28+,31+,32+,33+/m1/s1",CBDKFNUQVOMQJR-OXVUZWBSSA-N,肿节风
ZJF-037,银线草醇G,shizukaol G,165171-11-9,748.752,C40H44O14,,挥发油类,C/C(C(OC)=O)=C1C([C@H](O)[C@@]2(C)[C@]3([H])C[C@]3([H])C4=C2[C@@]/1([H])[C@]56OC(C(COC(C[C@H](O)C(OC/C=C7\C)=O)=O)=C5C[C@@]8([H])[C@]([C@@]9([H])C[C@@]9([H])[C@]8(C)[C@]6([H])C4)(O)COC7=O)=O)=O,"InChI=1S/C40H44O14/c1-15-6-7-51-36(48)24(41)12-27(42)52-13-19-21-11-25-37(3,22-10-23(22)39(25,49)14-53-33(15)45)26-9-18-17-8-20(17)38(4)29(18)30(40(21,26)54-35(19)47)28(31(43)32(38)44)16(2)34(46)50-5/h6,17,20,22-26,30,32,41,44,49H,7-14H2,1-5H3/b15-6+,28-16-/t17-,20-,22-,23+,24+,25-,26+,30+,32+,37+,38+,39+,40+/m1/s1",VQIMOHFODDGHOJ-XEQPTWOZSA-N,肿节风
ZJF-038,银线草醇H,shizukaol H,/,748.752,C40H44O14,,挥发油类,C/C(C(OC)=O)=C1C([C@H](O)[C@@]2(C)[C@]3([H])C[C@]3([H])C4=C2[C@@]/1([H])[C@]56OC(C(COC(C[C@H](O)C(OC/C(C)=C/7)=O)=O)=C5C[C@@]8([H])[C@]([C@@]9([H])C[C@@]9([H])[C@]8(C)[C@]6([H])C4)(O)COC7=O)=O)=O,"InChI=1S/C40H44O14/c1-15-6-27(42)53-14-39(49)23-9-22(23)37(3)25(39)10-21-19(13-51-28(43)11-24(41)36(48)52-12-15)35(47)54-40(21)26(37)8-18-17-7-20(17)38(4)30(18)31(40)29(32(44)33(38)45)16(2)34(46)50-5/h6,17,20,22-26,31,33,41,45,49H,7-14H2,1-5H3/b15-6+,29-16-/t17-,20-,22-,23+,24+,25-,26+,31+,33+,37+,38+,39+,40+/m1/s1",PHCXHKSHMYZRPK-WPCIVLODSA-N,肿节风
ZJF-039,金粟兰素F ,spicachlorantin F,/,760.762,C41H44O14,,挥发油类,O=C(O1)C2=C(C[C@@]3([H])[C@@](COC(/C=C(C(C)=O)\COC(CCC(OC2)=O)=O)=O)(O)[C@](C4)([H])[C@]4([H])[C@@]35C)C61[C@@]5([H])C[C@@]7(OO)C8=C6/C(C([C@H](O)[C@@]8(C)[C@@]9([H])[C@]7([H])C9)=O)=C(C)/C(OC)=O,"InChI=1S/C41H44O16/c1-16(35(48)52-5)30-31-33-38(4,34(47)32(30)46)22-10-24(22)40(33,57-51)12-26-37(3)21-9-23(21)39(50)15-55-29(45)8-18(17(2)42)13-53-27(43)6-7-28(44)54-14-19-20(11-25(37)39)41(26,31)56-36(19)49/h8,21-26,34,47,50-51H,6-7,9-15H2,1-5H3/b18-8+,30-16-/t21-,22-,23+,24+,25-,26+,34+,37+,38+,39+,40+,41?/m1/s1",VLQVOTFPRMQIBC-SFEZYSSZSA-N,肿节风
ZJF-040,宽叶金粟兰醇D,henriol D,943136-39-8,676.732,C38H44O11,,挥发油类,C/C=C(C)/C(OC[C@@]([C@@]1([H])C[C@@]1([H])[C@]2(C)[C@]3([H])CC4=C5[C@]([C@@H](O)C/6=O)(C)[C@]7([H])C[C@]47[H])(O)[C@]2([H])CC([C@@]3(O8)[C@@]5([H])C6=C(C)\C(OC)=O)=C(COC(C)=O)C8=O)=O,"InChI=1S/C38H44O11/c1-8-15(2)32(42)48-14-37(45)24-11-23(24)35(5)25(37)12-22-20(13-47-17(4)39)34(44)49-38(22)26(35)10-19-18-9-21(18)36(6)28(19)29(38)27(30(40)31(36)41)16(3)33(43)46-7/h8,18,21,23-26,29,31,41,45H,9-14H2,1-7H3/b15-8+,27-16-/t18-,21-,23-,24+,25-,26+,29+,31+,35+,36+,37+,38+/m1/s1",WZKZSZYDBUUHLB-IBBKUXAASA-N,肿节风
ZJF-041,香豆素,coumarin,91-64-5,146.138,C9H6O2,,香豆素类,O=C1C=CC2=C(O1)C=CC=C2,InChI=1S/C9H6O2/c10-9-6-5-7-3-1-2-4-8(7)11-9/h1-6H,ZYGHJZDHTFUPRJ-UHFFFAOYSA-N,肿节风
ZJF-042,七叶内酯,esculetin,305-01-1,178.138,C9H6O4,,香豆素类,O=C1C=CC2=C(O1)C=C(O)C(O)=C2,"InChI=1S/C9H6O4/c10-6-3-5-1-2-9(12)13-8(5)4-7(6)11/h1-4,10-11H",ILEDWLMCKZNDJK-UHFFFAOYSA-N,肿节风
ZJF-043,秦皮素,fraxetin,574-84-5,208.164,C10H8O5,,香豆素类,O=C1C=CC2=C(O1)C(O)=C(O)C(OC)=C2,"InChI=1S/C10H8O5/c1-14-6-4-5-2-3-7(11)15-10(5)9(13)8(6)12/h2-4,12-13H,1H3",HAVWRBANWNTOJX-UHFFFAOYSA-N,肿节风
ZJF-044,"6,7-二甲氧基香豆素",scoparone,120-08-1,206.19,C11H10O4,,香豆素类,O=C1C=CC2=C(O1)C=C(OC)C(OC)=C2,"InChI=1S/C11H10O4/c1-13-9-5-7-3-4-11(12)15-8(7)6-10(9)14-2/h3-6H,1-2H3",GUAFOGOEJLSQBT-UHFFFAOYSA-N,肿节风
ZJF-045,秦皮苷,fraxin,524-30-1,370.304,C16H18O10,,糖苷类,O=C1C=CC2=C(O1)C(O[C@@H]3O[C@H](CO)[C@@H](O)[C@H](O)[C@H]3O)=C(O)C(OC)=C2,"InChI=1S/C16H18O10/c1-23-7-4-6-2-3-9(18)25-14(6)15(11(7)20)26-16-13(22)12(21)10(19)8(5-17)24-16/h2-4,8,10,12-13,16-17,19-22H,5H2,1H3/t8-,10-,12+,13-,16+/m1/s1",CRSFLLTWRCYNNX-QBNNUVSCSA-N,肿节风
ZJF-046,嗪皮啶,fraxidin,525-21-3,222.19,C11H10O5,,香豆素类,O=C1C=CC2=C(O1)C(O)=C(OC)C(OC)=C2,"InChI=1S/C11H10O5/c1-14-7-5-6-3-4-8(12)16-10(6)9(13)11(7)15-2/h3-5,13H,1-2H3",QNFBKOHHLAWWTC-UHFFFAOYSA-N,肿节风
ZJF-047,异嗪皮啶,isofraxidin,486-21-5,222.19,C11H10O5,,香豆素类,O=C1C=CC2=C(O1)C(OC)=C(O)C(OC)=C2,"InChI=1S/C11H10O5/c1-14-7-5-6-3-4-8(12)16-10(6)11(15-2)9(7)13/h3-5,13H,1-2H3",HOEVRHHMDJKUMZ-UHFFFAOYSA-N,肿节风
ZJF-048,"4,4ʹ-双异嗪皮啶","4,4ʹ-biisofraxidin",/,442.364,C22H18O10,,香豆素类,COC1=C(O)C(OC)=C(OC(C=C2C(C(C=C(OC)C(O)=C3OC)=C3O4)=CC4=O)=O)C2=C1,"InChI=1S/C22H18O10/c1-27-13-5-11-9(7-15(23)31-19(11)21(29-3)17(13)25)10-8-16(24)32-20-12(10)6-14(28-2)18(26)22(20)30-4/h5-8,25-26H,1-4H3",SRXDLJDZODAADY-UHFFFAOYSA-N,肿节风
ZJF-049,东莨菪素苷,scopolin,531-44-2,354.304,C16H18O9,,糖苷类,O=C1C=CC2=C(O1)C=C(O[C@@H]3O[C@H](CO)[C@@H](O)[C@H](O)[C@H]3O)C(OC)=C2,"InChI=1S/C16H18O9/c1-22-9-4-7-2-3-12(18)23-8(7)5-10(9)24-16-15(21)14(20)13(19)11(6-17)25-16/h2-5,11,13-17,19-21H,6H2,1H3/t11-,13-,14+,15-,16-/m1/s1",SGTCGCCQZOUMJJ-YMILTQATSA-N,肿节风
ZJF-050,刺木骨苷B1 ,eleutheroside B1,16845-16-2,384.33,C17H20O10,,糖苷类,O=C1C=CC2=C(O1)C(OC)=C(O[C@H]3O[C@H](CO)[C@@H](O)[C@H](O)[C@H]3O)C(OC)=C2,"InChI=1S/C17H20O10/c1-23-8-5-7-3-4-10(19)26-14(7)16(24-2)15(8)27-17-13(22)12(21)11(20)9(6-18)25-17/h3-5,9,11-13,17-18,20-22H,6H2,1-2H3/t9-,11-,12+,13-,17-/m1/s1",IKUQEFGEUOOPGY-FMKPUTLISA-N,肿节风
ZJF-051,"5,7,3,4-四羟基-二氢黄酮-3-鼠李糖苷","5,7,3,4-tetrahydroxy-dihyflavanones-3-rhamnosyl",/,450.386,C21H22O11,,黄酮类,O=C1C2=C(O)C=C(O)C=C2OC(C3=CC=C(O)C(O)=C3)C1OC4OC(C)C(O)C(O)C4O,"InChI=1S/C21H22O11/c1-7-15(26)17(28)18(29)21(30-7)32-20-16(27)14-12(25)5-9(22)6-13(14)31-19(20)8-2-3-10(23)11(24)4-8/h2-7,15,17-26,28-29H,1H3",ZROGCCBNZBKLEL-UHFFFAOYSA-N,肿节风
ZJF-052,草珊瑚苷A,glabraoside A,883222-13-7,598.54,C30H30O13,,糖苷类,O=C(O1)C[C@H](C2=CC=C(O)C(O)=C2)C3=C1C=C(O)C4=C3O[C@H](C5=CC=C(O)C(O)=C5)[C@@H](O[C@H]6[C@H](O)[C@H](O)[C@@H](O)[C@H](C)O6)C4,"InChI=1S/C30H30O13/c1-11-25(37)26(38)27(39)30(40-11)42-22-8-15-18(33)10-21-24(29(15)43-28(22)13-3-5-17(32)20(35)7-13)14(9-23(36)41-21)12-2-4-16(31)19(34)6-12/h2-7,10-11,14,22,25-28,30-35,37-39H,8-9H2,1H3/t11-,14+,22-,25-,26+,27+,28+,30-/m0/s1",OKKMHZTVGJIQAP-FVELTCQYSA-N,肿节风
ZJF-053,草珊瑚苷B ,glabraoside B,956706-99-3,598.54,C30H30O13,,糖苷类,O=C(O1)C[C@@H](C2=CC=C(O)C(O)=C2)C3=C1C=C(O)C4=C3O[C@H](C5=CC=C(O)C(O)=C5)[C@@H](O[C@H]6[C@H](O)[C@H](O)[C@@H](O)[C@H](C)O6)C4,"InChI=1S/C30H30O13/c1-11-25(37)26(38)27(39)30(40-11)42-22-8-15-18(33)10-21-24(29(15)43-28(22)13-3-5-17(32)20(35)7-13)14(9-23(36)41-21)12-2-4-16(31)19(34)6-12/h2-7,10-11,14,22,25-28,30-35,37-39H,8-9H2,1H3/t11-,14-,22-,25-,26+,27+,28+,30-/m0/s1",OKKMHZTVGJIQAP-CVDMNDBOSA-N,肿节风
ZJF-054,"2,4,4-三羟基-查耳酮","2,4,4-trihydroxy-chalcone",961-29-5,256.246,C15H12O4,,黄酮类,O=C(C1=CC=C(O)C=C1O)/C=C/C2=CC=C(O)C=C2,"InChI=1S/C15H12O4/c16-11-4-1-10(2-5-11)3-8-14(18)13-7-6-12(17)9-15(13)19/h1-9,16-17,19H/b8-3+",DXDRHHKMWQZJHT-FPYGCLRLSA-N,肿节风
ZJF-055,5-羟基-7-甲氧基-二氢黄酮,5-hydroxy-7-methoxy-dihyflavanones,/,270.272,C16H14O4,,黄酮类,OC1=C(C(CC(C2=CC=CC=C2)O3)=O)C3=CC(OC)=C1,"InChI=1S/C16H14O4/c1-19-11-7-12(17)16-13(18)9-14(20-15(16)8-11)10-5-3-2-4-6-10/h2-8,14,17H,9H2,1H3",ORJDDOBAOGKRJV-UHFFFAOYSA-N,肿节风
ZJF-056,山柰酚,kaempferol,520-18-3,286.23,C15H10O6,,黄酮类,O=C1C(O)=C(C2=CC=C(O)C=C2)OC3=C1C(O)=CC(O)=C3,"InChI=1S/C15H10O6/c16-8-3-1-7(2-4-8)15-14(20)13(19)12-10(18)5-9(17)6-11(12)21-15/h1-6,16-18,20H",IYRMWMYZSQPJKC-UHFFFAOYSA-N,肿节风
ZJF-057,山柰酚-3-O-β-D-葡萄糖酸苷,kaempferol-3-O-β-D-glucuronide,22688-78-4,462.354,C21H18O12,,黄酮类,OC(C=C1)=CC=C1C2=C(O[C@@H]3O[C@H](C(O)=O)[C@@H](O)[C@H](O)[C@H]3O)C(C4=C(O)C=C(O)C=C4O2)=O,"InChI=1S/C21H18O12/c22-8-3-1-7(2-4-8)17-18(13(25)12-10(24)5-9(23)6-11(12)31-17)32-21-16(28)14(26)15(27)19(33-21)20(29)30/h1-6,14-16,19,21-24,26-28H,(H,29,30)/t14-,15-,16+,19-,21+/m0/s1",FNTJVYCFNVUBOL-ZUGPOPFOSA-N,肿节风
ZJF-058,槲皮素,quercetin,117-39-5,302.23,C15H10O7,,黄酮类,O=C1C(O)=C(C2=CC=C(O)C(O)=C2)OC3=C1C(O)=CC(O)=C3,"InChI=1S/C15H10O7/c16-7-4-10(19)12-11(5-7)22-15(14(21)13(12)20)6-1-2-8(17)9(18)3-6/h1-5,16-19,21H",REFJWTPEDVJJIY-UHFFFAOYSA-N,肿节风
ZJF-059,槲皮素-3-O-α-L-葡萄糖酸苷,quercetin-3-O-α-L-glucuronide,22688-79-5,478.354,C21H18O13,,黄酮类,O=C([C@H]1O[C@@H](OC2=C(C3=CC=C(O)C(O)=C3)OC4=C(C(O)=CC(O)=C4)C2=O)[C@H](O)[C@@H](O)[C@@H]1O)O,"InChI=1S/C21H18O13/c22-7-4-10(25)12-11(5-7)32-17(6-1-2-8(23)9(24)3-6)18(13(12)26)33-21-16(29)14(27)15(28)19(34-21)20(30)31/h1-5,14-16,19,21-25,27-29H,(H,30,31)/t14-,15-,16+,19-,21+/m0/s1",DUBCCGAQYVUYEU-ZUGPOPFOSA-N,肿节风
ZJF-060,槲皮素-3-O-β-D-吡喃葡萄糖醛酸苷甲酯,quercetin-3-O-β-D-glucuronopyranoside methyl ester,/,492.0904,C22H20O13,,黄酮类,OC1=CC(O)=C(C(C(OC2O[C@@H](C(OC)=O)C(O)[C@@H](O)[C@@H]2O)=C(C3=CC(O)=C(O)C=C3)O4)=O)C4=C1,"InChI=1S/C22H20O13/c1-32-21(31)20-16(29)15(28)17(30)22(35-20)34-19-14(27)13-11(26)5-8(23)6-12(13)33-18(19)7-2-3-9(24)10(25)4-7/h2-6,15-17,20,22-26,28-30H,1H3/t15-,16?,17+,20-,22?/m1/s1",DAKHAONGVOPWRO-VGLBSPBASA-N,肿节风
ZJF-061,"5,7,4-三羟基-8-C-β-D-吡喃葡萄糖基二氢黄酮苷","5,7,4-trihydroxy-8-C-β-D-glucopyranosyl flavanone",/,450.1162,C21H22O11,,黄酮类,O=C1C2=C(O)C=C(O)C(OC3O[C@H](CO)[C@@H](O)[C@H](O)[C@H]3O)=C2OC(C4=CC=C(O)C=C4)C1,"InChI=1S/C21H22O11/c22-7-14-16(27)17(28)18(29)21(31-14)32-19-12(26)5-10(24)15-11(25)6-13(30-20(15)19)8-1-3-9(23)4-2-8/h1-5,13-14,16-18,21-24,26-29H,6-7H2/t13?,14-,16-,17+,18-,21?/m1/s1",KUBUHOMBTJDYAN-PEXWCYMKSA-N,肿节风
ZJF-062,新落新妇苷,neoastilbin,54081-47-9,450.386,C21H22O11,,黄酮类,O=C1[C@@H](O[C@@H]2O[C@@H](C)[C@H](O)[C@@H](O)[C@H]2O)[C@H](C3=CC=C(O)C(O)=C3)OC4=C1C(O)=CC(O)=C4,"InChI=1S/C21H22O11/c1-7-15(26)17(28)18(29)21(30-7)32-20-16(27)14-12(25)5-9(22)6-13(14)31-19(20)8-2-3-10(23)11(24)4-8/h2-7,15,17-26,28-29H,1H3/t7-,15-,17+,18+,19-,20+,21-/m0/s1",ZROGCCBNZBKLEL-MFSALPCASA-N,肿节风
ZJF-063,延胡索酸,fumaric acid,110-17-8,116.072,C4H4O4,,脂肪酸类,O=C(O)/C=C/C(O)=O,"InChI=1S/C4H4O4/c5-3(6)1-2-4(7)8/h1-2H,(H,5,6)(H,7,8)/b2-1+",VZCYOOQTPOCHFL-OWOJBTEDSA-N,肿节风
ZJF-064,琥珀酸,Succinic acid,110-15-6,118.088,C4H6O4,,脂肪酸类,O=C(O)CCC(O)=O,"InChI=1S/C4H6O4/c5-3(6)1-2-4(7)8/h1-2H2,(H,5,6)(H,7,8)",KDYFGRWQOYBRFD-UHFFFAOYSA-N,肿节风
ZJF-065,原儿茶酸,protocatechuic acid,99-50-3,154.118,C7H6O4,,酚酸类,O=C(O)C1=CC=C(O)C(O)=C1,"InChI=1S/C7H6O4/c8-5-2-1-4(7(10)11)3-6(5)9/h1-3,8-9H,(H,10,11)",YQUVCSBJEUQKSH-UHFFFAOYSA-N,肿节风
ZJF-066,丹参素,Danshensu ,76822-21-4,123.21,C9H10H5,,酚酸类,O=C(O)[C@H](O)CC1=CC=C(O)C(O)=C1,"InChI=1S/C9H10O5/c10-6-2-1-5(3-7(6)11)4-8(12)9(13)14/h1-3,8,10-12H,4H2,(H,13,14)/t8-/m1/s1",PAFLSMZLRSPALU-MRVPVSSYSA-N,肿节风
ZJF-067,新绿原酸,Neochlorogenic acid,906-33-2,354.304,C16H18O9,,苯丙素类,O=C([C@]1(O)C[C@@H](OC(/C=C/C2=CC=C(O)C(O)=C2)=O)[C@@H](O)[C@H](O)C1)O,"InChI=1S/C16H18O9/c17-9-3-1-8(5-10(9)18)2-4-13(20)25-12-7-16(24,15(22)23)6-11(19)14(12)21/h1-5,11-12,14,17-19,21,24H,6-7H2,(H,22,23)/b4-2+/t11-,12-,14+,16-/m1/s1",CWVRJTMFETXNAD-NXLLHMKUSA-N,肿节风
ZJF-068,奎宁酸,quinic acid,77-95-2,192.166,C7H12O6,,脂肪酸类,O=C(C1(O)C[C@@H](O)C(O)[C@H](O)C1)O,"InChI=1S/C7H12O6/c8-3-1-7(13,6(11)12)2-4(9)5(3)10/h3-5,8-10,13H,1-2H2,(H,11,12)/t3-,4-,5?,7?/m1/s1",AAWZDTNXLSGCEK-LNVDRNJUSA-N,肿节风
ZJF-069,异阿魏酸,Isoferulic acid,537-73-5,194.18,C10H10O4,,苯丙素类,O=C(O)/C=C/C1=CC=C(OC)C(O)=C1,"InChI=1S/C10H10O4/c1-14-9-4-2-7(6-8(9)11)3-5-10(12)13/h2-6,11H,1H3,(H,12,13)/b5-3+",QURCVMIEKCOAJU-HWKANZROSA-N,肿节风
ZJF-070,绿原酸,Chlorogenic acid ,327-97-9,354.304,C16H18O9,,苯丙素类,O=C([C@@]1(O)C[C@@H](OC(/C=C/C2=CC=C(O)C(O)=C2)=O)[C@H](O)[C@H](O)C1)O,"InChI=1S/C16H18O9/c17-9-3-1-8(5-10(9)18)2-4-13(20)25-12-7-16(24,15(22)23)6-11(19)14(12)21/h1-5,11-12,14,17-19,21,24H,6-7H2,(H,22,23)/b4-2+/t11-,12-,14-,16+/m1/s1",CWVRJTMFETXNAD-JUHZACGLSA-N,肿节风
ZJF-071,咖啡酸,Caffeic acid,331-39-5,180.154,C9H8O4,,苯丙素类,O=C(O)/C=C/C1=CC=C(O)C(O)=C1,"InChI=1S/C9H8O4/c10-7-3-1-6(5-8(7)11)2-4-9(12)13/h1-5,10-11H,(H,12,13)/b4-2+",QAIPRVGONGVQAS-DUXPYHPUSA-N,肿节风
ZJF-072,隐绿原酸,Cryptochlorogenic acid,905-99-7,354.304,C16H18O9,,苯丙素类,O=C(C1(O)C[C@@H](O)C(OC(/C=C/C2=CC=C(O)C(O)=C2)=O)[C@H](O)C1)O,"InChI=1S/C16H18O9/c17-9-3-1-8(5-10(9)18)2-4-13(21)25-14-11(19)6-16(24,15(22)23)7-12(14)20/h1-5,11-12,14,17-20,24H,6-7H2,(H,22,23)/b4-2+/t11-,12-,14?,16?/m1/s1",GYFFKZTYYAFCTR-AVXJPILUSA-N,肿节风
ZJF-073,异嗪皮啶7-O-β-D葡萄糖苷秦皮素,Calycanthoside ,483-91-0,384.33,C17H20O10,,香豆素类,O=C1C=CC2=C(O1)C(OC)=C(O[C@@H]3O[C@H](CO)[C@@H](O)[C@H](O)[C@H]3O)C(OC)=C2,"InChI=1S/C17H20O10/c1-23-8-5-7-3-4-10(19)26-14(7)16(24-2)15(8)27-17-13(22)12(21)11(20)9(6-18)25-17/h3-5,9,11-13,17-18,20-22H,6H2,1-2H3/t9-,11-,12+,13-,17+/m1/s1",IKUQEFGEUOOPGY-QSDFBURQSA-N,肿节风
ZJF-074,脱羟基咖啡酸,,/,164.0473,C9H8O3,,苯丙素类,OC(/C=C/C1=CC(O)=CC=C1)=O,"InChI=1S/C9H8O3/c10-8-3-1-2-7(6-8)4-5-9(11)12/h1-6,10H,(H,11,12)/b5-4+",KKSDGJDHHZEWEP-SNAWJCMRSA-N,肿节风
ZJF-075,阿魏酸,ferulic acid,1135-24-6,194.18,C10H10O4,,苯丙素类,O=C(O)/C=C/C1=CC=C(O)C(OC)=C1,"InChI=1S/C10H10O4/c1-14-9-6-7(2-4-8(9)11)3-5-10(12)13/h2-6,11H,1H3,(H,12,13)/b5-3+",KSEBMYQBYZTDHS-HWKANZROSA-N,肿节风
ZJF-076,东莨菪素,Scopoletin,92-61-5,192.164,C10H8O4,,香豆素类,O=C1C=CC2=C(O1)C=C(O)C(OC)=C2,"InChI=1S/C10H8O4/c1-13-9-4-6-2-3-10(12)14-8(6)5-7(9)11/h2-5,11H,1H3",RODXRVNMMDRFIK-UHFFFAOYSA-N,肿节风
ZJF-077,落新妇苷,Taxifolin 3-O-rhamnoside,29838-67-3,450.386,C21H22O11,,黄酮类,O=C1[C@H](O[C@@H]2O[C@@H](C)[C@H](O)[C@@H](O)[C@H]2O)[C@@H](C3=CC=C(O)C(O)=C3)OC4=C1C(O)=CC(O)=C4,"InChI=1S/C21H22O11/c1-7-15(26)17(28)18(29)21(30-7)32-20-16(27)14-12(25)5-9(22)6-13(14)31-19(20)8-2-3-10(23)11(24)4-8/h2-7,15,17-26,28-29H,1H3/t7-,15-,17+,18+,19+,20-,21-/m0/s1",ZROGCCBNZBKLEL-MPRHSVQHSA-N,肿节风
ZJF-078,新异落新妇苷,Neoisoastilbin ,54141-72-9,450.386,C21H22O11,,黄酮类,O=C1[C@H](O[C@@H]2O[C@@H](C)[C@H](O)[C@@H](O)[C@H]2O)[C@H](C3=CC=C(O)C(O)=C3)OC4=C1C(O)=CC(O)=C4,"InChI=1S/C21H22O11/c1-7-15(26)17(28)18(29)21(30-7)32-20-16(27)14-12(25)5-9(22)6-13(14)31-19(20)8-2-3-10(23)11(24)4-8/h2-7,15,17-26,28-29H,1H3/t7-,15-,17+,18+,19-,20-,21-/m0/s1",ZROGCCBNZBKLEL-XEXNSLJOSA-N,肿节风
ZJF-079,山奈酚3-0-B-D-吡喃葡萄糖醛酸苷,Kaempferol-3-beta-O-glucuronide,22688-78-4,462.354,C21H18O12,,黄酮类,O=C([C@H]1O[C@@H](OC2=C(C3=CC=C(O)C=C3)OC4=C(C(O)=CC(O)=C4)C2=O)[C@H](O)[C@@H](O)[C@@H]1O)O,"InChI=1S/C21H18O12/c22-8-3-1-7(2-4-8)17-18(13(25)12-10(24)5-9(23)6-11(12)31-17)32-21-16(28)14(26)15(27)19(33-21)20(29)30/h1-6,14-16,19,21-24,26-28H,(H,29,30)/t14-,15-,16+,19-,21+/m0/s1",FNTJVYCFNVUBOL-ZUGPOPFOSA-N,肿节风
ZJF-080,异落新妇苷,Isoastilbin ,54141-72-9,450.386,C21H22O11,,黄酮类,O=C1C(OC2OC(C)C(O)C(O)C2O)C(C3=CC=C(O)C(O)=C3)OC4=C1C(O)=CC(O)=C4,"InChI=1S/C21H22O11/c1-7-15(26)17(28)18(29)21(30-7)32-20-16(27)14-12(25)5-9(22)6-13(14)31-19(20)8-2-3-10(23)11(24)4-8/h2-7,15,17-26,28-29H,1H3",ZROGCCBNZBKLEL-UHFFFAOYSA-N,肿节风
ZJF-081,迷迭香酸,Rosmarinic acid,20283-92-5,360.308,C18H16O8,,酚酸类,O=C(O)[C@H](OC(/C=C/C1=CC=C(O)C(O)=C1)=O)CC2=CC=C(O)C(O)=C2,"InChI=1S/C18H16O8/c19-12-4-1-10(7-14(12)21)3-6-17(23)26-16(18(24)25)9-11-2-5-13(20)15(22)8-11/h1-8,16,19-22H,9H2,(H,24,25)/b6-3+/t16-/m1/s1",DOUMFZQKYFQNTF-WUTVXBCWSA-N,肿节风
ZJF-082,迷迭香酸甲酯,Methyl rosmarinate,99353-00-1,374.334,C19H18O8,,酚酸类,O=C(OC)[C@H](OC(/C=C/C1=CC=C(O)C(O)=C1)=O)CC2=CC=C(O)C(O)=C2,"InChI=1S/C19H18O8/c1-26-19(25)17(10-12-3-6-14(21)16(23)9-12)27-18(24)7-4-11-2-5-13(20)15(22)8-11/h2-9,17,20-23H,10H2,1H3/b7-4+/t17-/m1/s1",XHALVRQBZGZHFE-BBOMDTFKSA-N,肿节风
ZJF-083,3-甲氧基-4-羟基苯甲酸,Vanillic acid,121-34-6,168.144,C8H8O4,,酚酸类,O=C(O)C1=CC=C(O)C(OC)=C1,"InChI=1S/C8H8O4/c1-12-7-4-5(8(10)11)2-3-6(7)9/h2-4,9H,1H3,(H,10,11)",WKOLLVMJNQIZCI-UHFFFAOYSA-N,肿节风
ZJF-084,丁香酸,Syringic acid,530-57-4,198.17,C9H10O5,,酚酸类,O=C(O)C1=CC(OC)=C(O)C(OC)=C1,"InChI=1S/C9H10O5/c1-13-6-3-5(9(11)12)4-7(14-2)8(6)10/h3-4,10H,1-2H3,(H,11,12)",JMSVCTWVEWCHDZ-UHFFFAOYSA-N,肿节风
ZJF-085,咖啡酸乙酯,"Ethyl 3-(3,4-dihydroxyphenyl)acrylate",102-37-4,208.206,C11H12O4,,酚酸类,O=C(OCC)/C=C/C1=CC=C(O)C(O)=C1,"InChI=1S/C11H12O4/c1-2-15-11(14)6-4-8-3-5-9(12)10(13)7-8/h3-7,12-13H,2H2,1H3/b6-4+",WDKYDMULARNCIS-GQCTYLIASA-N,肿节风
ZJF-086,二十二烷酸,Docosanoic acid,112-85-6,340.572,C22H44O2,,其他类,CCCCCCCCCCCCCCCCCCCCCC(O)=O,"InChI=1S/C22H44O2/c1-2-3-4-5-6-7-8-9-10-11-12-13-14-15-16-17-18-19-20-21-22(23)24/h2-21H2,1H3,(H,23,24)",UKMSUNONTOPOIO-UHFFFAOYSA-N,肿节风
ZJF-087,二十四烷酸,Lignoceric acid,557-59-5,368.624,C24H48O2,,脂肪酸类,CCCCCCCCCCCCCCCCCCCCCCCC(O)=O,"InChI=1S/C24H48O2/c1-2-3-4-5-6-7-8-9-10-11-12-13-14-15-16-17-18-19-20-21-22-23-24(25)26/h2-23H2,1H3,(H,25,26)",QZZGJDVWLFXDLK-UHFFFAOYSA-N,肿节风
ZJF-088,β-谷甾醇,BETA-SITOSTEROL ,83-46-5,414.69,C29H50O,,甾体类,O[C@H]1CC[C@]2(C)[C@@]3([H])CC[C@]4(C)[C@@H]([C@@H](CC[C@@H](CC)C(C)C)C)CC[C@@]4([H])[C@]3([H])CC=C2C1,"InChI=1S/C29H50O/c1-7-21(19(2)3)9-8-20(4)25-12-13-26-24-11-10-22-18-23(30)14-16-28(22,5)27(24)15-17-29(25,26)6/h10,19-21,23-27,30H,7-9,11-18H2,1-6H3/t20-,21-,23+,24+,25-,26+,27+,28+,29-/m1/s1",KZJWDPNRJALLNS-VJSFXXLFSA-N,肿节风
ZJF-089,羽扇豆醇,Lupeol ,545-47-1,426.7,C30H50O,,三萜类,O[C@@H]1C(C)(C)[C@]2([H])CC[C@@]3(C)[C@]4(C)CC[C@](CC[C@H]5C(C)=C)(C)[C@@]5([H])[C@@]4([H])CC[C@]3([H])[C@@]2(C)CC1,"InChI=1S/C30H50O/c1-19(2)20-11-14-27(5)17-18-29(7)21(25(20)27)9-10-23-28(6)15-13-24(31)26(3,4)22(28)12-16-30(23,29)8/h20-25,31H,1,9-18H2,2-8H3/t20-,21+,22-,23+,24-,25+,27+,28-,29+,30+/m0/s1",MQYXUWHLBZFQQO-QGTGJCAVSA-N,肿节风
ZJF-090,槲皮素-3-O-α-L-鼠李糖苷,,/,448.1006,C21H20O11,,黄酮类,O=C(C(O[C@@H]1O[C@@H](C)[C@H](O)[C@@H](O)[C@H]1O)=C(C2=CC=C(O)C(O)=C2)O3)C4=C3C=C(O)C=C4O,"InChI=1S/C21H20O11/c1-7-15(26)17(28)18(29)21(30-7)32-20-16(27)14-12(25)5-9(22)6-13(14)31-19(20)8-2-3-10(23)11(24)4-8/h2-7,15,17-18,21-26,28-29H,1H3/t7-,15-,17+,18+,21-/m0/s1",OXGUCUVFOIWWQJ-HQBVPOQASA-N,肿节风
ZJF-091,对羟基苯甲酸,4-Hydroxybenzoic acid,99-96-7,138.118,C7H6O3,,酚酸类,O=C(O)C1=CC=C(O)C=C1,"InChI=1S/C7H6O3/c8-6-3-1-5(2-4-6)7(9)10/h1-4,8H,(H,9,10)",FJKROLUGYXJWQN-UHFFFAOYSA-N,肿节风
ZJF-092,芦丁,Rutin,153-18-4,610.51,C27H30O16,,黄酮类,OC1=CC(O)=CC2=C1C(C(O[C@@H]3[C@@H](O)[C@H](O)[C@@H](O)[C@H](CO[C@@H]4[C@@H](O)[C@@H](O)[C@H](O)[C@@H](C)O4)O3)=C(C5=CC(O)=C(O)C=C5)O2)=O,"InChI=1S/C27H30O16/c1-8-17(32)20(35)22(37)26(40-8)39-7-15-18(33)21(36)23(38)27(42-15)43-25-19(34)16-13(31)5-10(28)6-14(16)41-24(25)9-2-3-11(29)12(30)4-9/h2-6,8,15,17-18,20-23,26-33,35-38H,7H2,1H3/t8-,15+,17-,18+,20+,21-,22+,23+,26+,27-/m1/s1",IKGXIBQEEMLURG-GGFYDIPBSA-N,肿节风
ZJF-093,异秦皮啶-7-O-α-D-吡喃葡萄糖苷,Calycanthoside,483-91-0,384.33,C17H20O10,,香豆素类,O=C1C=CC2=C(O1)C(OC)=C(O[C@@H]3O[C@H](CO)[C@@H](O)[C@H](O)[C@H]3O)C(OC)=C2,"InChI=1S/C17H20O10/c1-23-8-5-7-3-4-10(19)26-14(7)16(24-2)15(8)27-17-13(22)12(21)11(20)9(6-18)25-17/h3-5,9,11-13,17-18,20-22H,6H2,1-2H3/t9-,11-,12+,13-,17+/m1/s1",IKUQEFGEUOOPGY-QSDFBURQSA-N,肿节风
ZJF-094,邻苯二甲酸,Phthalic acid,88-99-3,166.128,C8H6O4,,其他类,O=C(O)C1=CC=CC=C1C(O)=O,"InChI=1S/C8H6O4/c9-7(10)5-3-1-2-4-6(5)8(11)12/h1-4H,(H,9,10)(H,11,12)",XNGIFLGASWRNHJ-UHFFFAOYSA-N,肿节风
ZJF-095,金丝桃苷,hyperoside,482-36-0,464.37,C21H20O12,,黄酮类,O=C1C(O[C@@H]2O[C@H](CO)[C@H](O)[C@H](O)[C@H]2O)=C(C3=CC=C(O)C(O)=C3)OC4=C1C(O)=CC(O)=C4,"InChI=1S/C21H20O12/c22-6-13-15(27)17(29)18(30)21(32-13)33-20-16(28)14-11(26)4-8(23)5-12(14)31-19(20)7-1-2-9(24)10(25)3-7/h1-5,13,15,17-18,21-27,29-30H,6H2/t13-,15+,17+,18-,21+/m1/s1",OVSQVDMCBVZWGM-DTGCRPNFSA-N,肿节风
ZJF-096,异甘草昔,isoliquiritin,5041-81-6,418.386,C21H22O9,,酚酸类,O=C(C1=CC=C(O)C=C1O)/C=C/C2=CC=C(O[C@@H]3O[C@H](CO)[C@@H](O)[C@H](O)[C@H]3O)C=C2,"InChI=1S/C21H22O9/c22-10-17-18(26)19(27)20(28)21(30-17)29-13-5-1-11(2-6-13)3-8-15(24)14-7-4-12(23)9-16(14)25/h1-9,17-23,25-28H,10H2/b8-3+/t17-,18-,19+,20-,21-/m1/s1",YNWXJFQOCHMPCK-LXGDFETPSA-N,肿节风
ZJF-097,胡萝卜苷,daucosterol,474-58-8,576.83,C35H60O6,,三萜类,O[C@H]1[C@H](O[C@H]2CC[C@]3(C)[C@@]4([H])CC[C@]5(C)[C@@H]([C@@H](CC[C@@H](CC)C(C)C)C)CC[C@@]5([H])[C@]4([H])CC=C3C2)O[C@H](CO)[C@@H](O)[C@@H]1O,"InChI=1S/C35H60O6/c1-7-22(20(2)3)9-8-21(4)26-12-13-27-25-11-10-23-18-24(14-16-34(23,5)28(25)15-17-35(26,27)6)40-33-32(39)31(38)30(37)29(19-36)41-33/h10,20-22,24-33,36-39H,7-9,11-19H2,1-6H3/t21-,22-,24+,25+,26-,27+,28+,29-,30-,31+,32-,33-,34+,35-/m1/s1",NPJICTMALKLTFW-OFUAXYCQSA-N,肿节风
ZJF-098,熊果酸,ursolic acid,77-52-1,456.684,C30H48O3,,三萜类,O=C([C@]12CC[C@@H](C)[C@H](C)[C@@]1([H])C3=CCC4[C@]5(C)CC[C@H](O)C(C)(C)[C@]5([H])CCC4(C)[C@@]3(C)CC2)O,"InChI=1S/C30H48O3/c1-18-10-15-30(25(32)33)17-16-28(6)20(24(30)19(18)2)8-9-22-27(5)13-12-23(31)26(3,4)21(27)11-14-29(22,28)7/h8,18-19,21-24,31H,9-17H2,1-7H3,(H,32,33)/t18-,19+,21+,22?,23+,24+,27-,28+,29?,30+/m1/s1",WCGUUGGRBIKTOS-GLJPRQFFSA-N,肿节风
ZJF-099,α-香树脂醉乙酸酯,α-amyrin acetate,863-76-3,468.736,C32H52O2,,三萜类,CC(OC1CCC2(C)C3CC=C4C5C(C)C(C)CCC5(C)CCC4(C)C3(C)CCC2C1(C)C)=O,"InChI=1S/C32H52O2/c1-20-12-15-29(6)18-19-31(8)23(27(29)21(20)2)10-11-25-30(7)16-14-26(34-22(3)33)28(4,5)24(30)13-17-32(25,31)9/h10,20-21,24-27H,11-19H2,1-9H3",UDXDFWBZZQHDRO-UHFFFAOYSA-N,肿节风
ZJF-100,芳樟醇,linalool,78-70-6,154.244,C10H18O,,挥发油类,C=CC(O)(C)CC/C=C(C)/C,"InChI=1S/C10H18O/c1-5-10(4,11)8-6-7-9(2)3/h5,7,11H,1,6,8H2,2-4H3",CDOSHBSSFJOMGT-UHFFFAOYSA-N,肿节风
ZJF-101,D-甘露醇,D-mannitol,69-65-8,182.172,C6H14O6,,挥发油类,OC[C@@H](O)[C@@H](O)[C@H](O)[C@H](O)CO,"InChI=1S/C6H14O6/c7-1-3(9)5(11)6(12)4(10)2-8/h3-12H,1-2H2/t3-,4-,5-,6-/m1/s1",FBPFZTCFMRRESA-KVTDHHQDSA-N,肿节风
ZJF-102,5 -羟甲基糠醛,5-hydroxymethyl-furfural,67-47-0,126.108,C6H6O3,,挥发油类,O=CC1=CC=C(CO)O1,"InChI=1S/C6H6O3/c7-3-5-1-2-6(4-8)9-5/h1-3,8H,4H2",NOEGNKMFWQHSLB-UHFFFAOYSA-N,肿节风
ZJF-103,蔗糖,surcose,57-50-1,342.296,C12H22O11,,糖苷类,OC[C@]1(O[C@@H]2[C@@H]([C@H]([C@@H]([C@H](O2)CO)O)O)O)[C@H]([C@@H]([C@@H](CO)O1)O)O,"InChI=1S/C12H22O11/c13-1-4-6(16)8(18)9(19)11(21-4)23-12(3-15)10(20)7(17)5(2-14)22-12/h4-11,13-20H,1-3H2/t4-,5-,6-,7-,8+,9-,10+,11-,12+/m1/s1",CZMRCDWAGMRECN-UGDNZRGBSA-N,肿节风
ZJF-104,十六烷酸,palmitic acid,1957/10/3,256.416, C16H32O2,,脂肪酸类,CCCCCCCCCCCCCCCC(O)=O,"InChI=1S/C16H32O2/c1-2-3-4-5-6-7-8-9-10-11-12-13-14-15-16(17)18/h2-15H2,1H3,(H,17,18)",IPCSVZSSVZVIGE-UHFFFAOYSA-N,肿节风
ZJF-105,二十六醇,Cerotin,506-52-5,382.692,C26H54O,,其他类,OCCCCCCCCCCCCCCCCCCCCCCCCCC,"InChI=1S/C26H54O/c1-2-3-4-5-6-7-8-9-10-11-12-13-14-15-16-17-18-19-20-21-22-23-24-25-26-27/h27H,2-26H2,1H3",IRHTZOCLLONTOC-UHFFFAOYSA-N,肿节风
ZJF-106,己六醇,Dulcito,608-66-2,182.172,C6H14O6,,挥发油类,OC[C@@H](O)[C@H](O)[C@H](O)[C@@H](O)CO,"InChI=1S/C6H14O6/c7-1-3(9)5(11)6(12)4(10)2-8/h3-12H,1-2H2/t3-,4+,5+,6-",FBPFZTCFMRRESA-GUCUJZIJSA-N,肿节风
ZJF-107,丹参素甲酯,methyl (-)-(S)-tanshinonate,18887-19-9,338.344,C20H18O5,,挥发油类,O=C([C@]1(C)C2=CC=C3C(C(C(C4=C3OC=C4C)=O)=O)=C2CCC1)OC,"InChI=1S/C20H18O5/c1-10-9-25-18-12-6-7-13-11(15(12)17(22)16(21)14(10)18)5-4-8-20(13,2)19(23)24-3/h6-7,9H,4-5,8H2,1-3H3/t20-/m0/s1",YFDKIHAZVQFLRC-FQEVSTJZSA-N,肿节风
ZJF-108,邻苯二甲酸二丁酯,"1,2-Benzenedicarboxylic acid",84-74-2,278.336,C16H22O4,,挥发油类,O=C(C1=CC=CC=C1C(O)=O)O,"InChI=1S/C8H6O4/c9-7(10)5-3-1-2-4-6(5)8(11)12/h1-4H,(H,9,10)(H,11,12)",XNGIFLGASWRNHJ-UHFFFAOYSA-N,肿节风
ZJF-109,,(-)-istanbulin A,35481-83-5,264.31,C15H20O4,,挥发油类,O=C1O[C@@]2(O)C[C@](C(CC[C@H]3C)=O)([H])[C@@]3(C)CC2=C1C,"InChI=1S/C15H20O4/c1-8-4-5-12(16)11-7-15(18)10(6-14(8,11)3)9(2)13(17)19-15/h8,11,18H,4-7H2,1-3H3/t8-,11+,14+,15+/m1/s1",HYBIDSYXKTYHCM-BXLXJPJESA-N,肿节风
ZJF-110,,istanbulin B,/,248.31,C15H20O3,,挥发油类,O=C1OC2CC(C(CCC3C)=O)C3(C)CC2=C1C,"InChI=1S/C15H20O3/c1-8-4-5-12(16)11-6-13-10(7-15(8,11)3)9(2)14(17)18-13/h8,11,13H,4-7H2,1-3H3",IXMDYOSMFGVWJY-UHFFFAOYSA-N,肿节风
ZJF-111,,atractylenolide II,73069-14-4,232.31,C15H20O2,,挥发油类,O=C1O[C@@]2([H])C[C@](CCCC3=C)(C)[C@@]3([H])CC2=C1C,"InChI=1S/C15H20O2/c1-9-5-4-6-15(3)8-13-11(7-12(9)15)10(2)14(16)17-13/h12-13H,1,4-8H2,2-3H3/t12-,13-,15+/m0/s1",OQYBLUDOOFOBPO-KCQAQPDRSA-N,肿节风
ZJF-112,,chloranoside A,/,424.434,C21H28O9,,挥发油类,O=C1C(C)=C2C[C@@]3([H])[C@](CO[C@@H]4O[C@H](CO)[C@@H](O)[C@H](O)[C@H]4O)(O)[C@@]5([H])C[C@@]5([H])[C@]3(C)C=C2O1,"InChI=1S/C21H28O9/c1-8-9-3-14-20(2,5-12(9)29-18(8)26)10-4-11(10)21(14,27)7-28-19-17(25)16(24)15(23)13(6-22)30-19/h5,10-11,13-17,19,22-25,27H,3-4,6-7H2,1-2H3/t10-,11+,13-,14-,15-,16+,17-,19-,20+,21-/m1/s1",HCKVSBCCVCMKKB-NGHDLRGFSA-N,肿节风
ZJF-113,,chloranthalactone E8-O-B-D-ghucopyranoside,/,434.2305, C24H34O7,,挥发油类,O=C1C(C)=C2CC3C([C@H2](C4)C[C@H2]4C3(C)C(O)C2(CC5CC(CO)C(O)C(O)C5O)O1)=C,"InChI=1S/C24H34O7/c1-10-12-5-15(6-12)23(3)16(10)7-17-11(2)21(29)31-24(17,22(23)30)8-13-4-14(9-25)19(27)20(28)18(13)26/h12-16,18-20,22,25-28,30H,1,4-9H2,2-3H3/t12-,13?,14?,15+,16?,18?,19?,20?,22?,23?,24?",JLQPOXXZTMZMNH-SKEPWMHGSA-N,肿节风
ZJF-114,,cycloshizukaol A,150033-85-5,548.608,C32H36O8,,挥发油类,O=C(C1(C)C2=CC3=C(C4CC4C3(C)C(O)C2=O)CC(C(OC)=O)(C)C5=CC6=C(C7CC7C6(C)C(O)C5=O)C1)OC,"InChI=1S/C32H36O8/c1-29(27(37)39-5)11-15-13-7-17(13)32(4)20(15)10-22(24(34)26(32)36)30(2,28(38)40-6)12-16-14-8-18(14)31(3)19(16)9-21(29)23(33)25(31)35/h9-10,13-14,17-18,25-26,35-36H,7-8,11-12H2,1-6H3",YSPXFYFVBVEVBW-UHFFFAOYSA-N,肿节风
ZJF-115,,zedoarofuran,213833-34-2,264.31,C15H20O4,,挥发油类,O=C1C2=C(OC=C2C)C[C@@]3(C)[C@@]1([H])[C@](C)(O)CC[C@@H]3O,"InChI=1S/C15H20O4/c1-8-7-19-9-6-14(2)10(16)4-5-15(3,18)13(14)12(17)11(8)9/h7,10,13,16,18H,4-6H2,1-3H3/t10-,13-,14+,15+/m0/s1",QXEXMTIZXNCRJO-BSLXNSKLSA-N,肿节风
ZJF-116,,curcolonol,217817-09-9,264.31,C15H20O4,,挥发油类,O=C1C2=C(OC=C2C)C[C@]3(C)[C@]1([H])[C@](C)(O)CC[C@H]3O,"InChI=1S/C15H20O4/c1-8-7-19-9-6-14(2)10(16)4-5-15(3,18)13(14)12(17)11(8)9/h7,10,13,16,18H,4-6H2,1-3H3/t10-,13-,14+,15-/m1/s1",QXEXMTIZXNCRJO-QPKOPYBWSA-N,肿节风
ZJF-117,,furanodienone,24268-41-5,230.294,C15H18O2,,挥发油类,O=C1/C=C(C)/CC/C=C(C)/CC2=C1C(C)=CO2,"InChI=1S/C15H18O2/c1-10-5-4-6-11(2)8-14-15(13(16)7-10)12(3)9-17-14/h6-7,9H,4-5,8H2,1-3H3/b10-7+,11-6+",XVOHELPNOXGRBQ-NXAIOARDSA-N,肿节风
ZJF-118,,spathulenol,6750-60-3,220.342,C15H24O ,,挥发油类,O[C@@]1(C)CC[C@@]2([H])C(CC[C@](C3(C)C)([H])[C@]3([H])[C@]12[H])=C,"InChI=1S/C15H24O/c1-9-5-6-11-13(14(11,2)3)12-10(9)7-8-15(12,4)16/h10-13,16H,1,5-8H2,2-4H3/t10-,11+,12+,13+,15-/m0/s1",FRMCCTDTYSRUBE-BGPZULBFSA-N,肿节风
ZJF-119,,nerolidol,7212-44-4,222.358,C15H26O,,其他类,C=CC(O)(C)CC/C=C(C)/CC/C=C(C)/C,"InChI=1S/C15H26O/c1-6-15(5,16)12-8-11-14(4)10-7-9-13(2)3/h6,9,11,16H,1,7-8,10,12H2,2-5H3/b14-11+",FQTLCLSUCSAZDY-SDNWHVSQSA-N,肿节风
ZJF-120,白桦酸,betulinic acid,472-15-1,456.684,C30H48O3,,三萜类,O=C([C@]1(CC[C@H]2C(C)=C)[C@@]2([H])[C@@]3([H])CC[C@]4([H])[C@@]5(C)CC[C@H](O)C(C)(C)[C@]5([H])CC[C@@]4(C)[C@]3(C)CC1)O,"InChI=1S/C30H48O3/c1-18(2)19-10-15-30(25(32)33)17-16-28(6)20(24(19)30)8-9-22-27(5)13-12-23(31)26(3,4)21(27)11-14-29(22,28)7/h19-24,31H,1,8-17H2,2-7H3,(H,32,33)/t19-,20+,21-,22+,23-,24+,27-,28+,29+,30-/m0/s1",QGJZLNKBHJESQX-FZFNOLFKSA-N,肿节风
ZJF-121,羽扇豆烷,15-Oxosparteine,550-90-3,412.716,C30H52,,其他类,[H][C@]1([C@@H]2CN34)CCCCN1C[C@H](C2)[C@]4([H])CCCC3=O,"InChI=1S/C15H24N2O/c18-15-6-3-5-14-11-8-12(10-17(14)15)13-4-1-2-7-16(13)9-11/h11-14H,1-10H2/t11-,12-,13+,14-/m0/s1",JYIJIIVLEOETIQ-FQUUOJAGSA-N,肿节风
ZJF-122,,Courmarin 1,91-44-1,231.1259, C14H17NO2,,香豆素类,CC(C1=CC=C(N(CC)CC)C=C1O2)=CC2=O,"InChI=1S/C14H17NO2/c1-4-15(5-2)11-6-7-12-10(3)8-14(16)17-13(12)9-11/h6-9H,4-5H2,1-3H3",AFYCEAFSNDLKSX-UHFFFAOYSA-N,肿节风
ZJF-123,,glochidioboside,/,522.532,C26H34O11,,糖苷类,O[C@H]1[C@H](OCCCC2=CC3=C(O[C@H](C4=CC=C(O)C(OC)=C4)[C@H]3CO)C(OC)=C2)O[C@H](CO)[C@@H](O)[C@@H]1O,"InChI=1S/C26H34O11/c1-33-18-10-14(5-6-17(18)29)24-16(11-27)15-8-13(9-19(34-2)25(15)37-24)4-3-7-35-26-23(32)22(31)21(30)20(12-28)36-26/h5-6,8-10,16,20-24,26-32H,3-4,7,11-12H2,1-2H3/t16-,20+,21+,22-,23+,24+,26+/m0/s1",DVWKMCPPEMUHBE-KUCLMONLSA-N,肿节风
ZJF-124,迷迭香酸-4-O-β-D-葡萄糖苷,,/,534.1737,C26H30O12,,酚酸类,OC1=C(CC2C(O)C(O)C(O)C(CO)O2)C=CC(CC(CC(O)=O)OC(/C=C/C3=CC(O)=C(O)C=C3)=O)=C1,"InChI=1S/C26H30O12/c27-12-21-25(35)26(36)24(34)20(38-21)10-15-4-1-14(9-18(15)29)7-16(11-22(31)32)37-23(33)6-3-13-2-5-17(28)19(30)8-13/h1-6,8-9,16,20-21,24-30,34-36H,7,10-12H2,(H,31,32)/b6-3+",SIODZWVRWCPPNR-ZZXKWVIFSA-N,肿节风
ZJF-125,,5-O-caffeoylshikimic acid,73263-62-4,336.29,C16H16O8,,酚酸类,O=C(C1=C[C@@H](O)[C@@H](O)[C@H](OC(/C=C/C2=CC=C(O)C(O)=C2)=O)C1)O,"InChI=1S/C16H16O8/c17-10-3-1-8(5-11(10)18)2-4-14(20)24-13-7-9(16(22)23)6-12(19)15(13)21/h1-6,12-13,15,17-19,21H,7H2,(H,22,23)/b4-2+/t12-,13-,15-/m1/s1",QMPHZIPNNJOWQI-GDDAOPKQSA-N,肿节风
ZJF-126,,4-O-caffeoylshikimic acid,180842-65-3,336.29,C16H16O8,,酚酸类,O=C(C1=C[C@@H](O)[C@@H](OC(/C=C/C2=CC=C(O)C(O)=C2)=O)[C@H](O)C1)O,"InChI=1S/C16H16O8/c17-10-3-1-8(5-11(10)18)2-4-14(21)24-15-12(19)6-9(16(22)23)7-13(15)20/h1-6,12-13,15,17-20H,7H2,(H,22,23)/b4-2+/t12-,13-,15-/m1/s1",VTURJKQJEXSKNY-GDDAOPKQSA-N,肿节风
ZJF-127,,3-O-caffeoylshikimic acid,180981-12-8,336.29,C16H16O8,,酚酸类,O=C(C1=C[C@@H](OC(/C=C/C2=CC=C(O)C(O)=C2)=O)[C@@H](O)[C@H](O)C1)O,"InChI=1S/C16H16O8/c17-10-3-1-8(5-11(10)18)2-4-14(20)24-13-7-9(16(22)23)6-12(19)15(13)21/h1-5,7,12-13,15,17-19,21H,6H2,(H,22,23)/b4-2+/t12-,13-,15+/m1/s1",MRDAXWGGWWDUKL-VKJPNVGWSA-N,肿节风
ZJF-128,3-O-咖啡酰基奎宁酸,3-O-caffeoylquinic acid,/,354.0951,C16H18O9,,酚酸类,[OH][C@H]1(C(O)=O)C[C@@H](OC(/C=C/C2=CC=C(O)C(O)=C2)=O)[C@H](O)[C@H](O)C1,"InChI=1S/C16H18O9/c17-9-3-1-8(5-10(9)18)2-4-13(20)25-12-7-16(24,15(22)23)6-11(19)14(12)21/h1-5,11-12,14,17-19,21,24H,6-7H2,(H,22,23)/b4-2+/t11-,12-,14-,16+/m1/s1",CWVRJTMFETXNAD-JUHZACGLSA-N,肿节风
ZJF-129,4-O-咖啡酰基奎宁酸,4-O-caffeoylquinic acid,/,354.0951,C16H18O9,,酚酸类,[OH][C@H]1(C(O)=O)C[C@@H](O)[C@H](OC(/C=C/C2=CC=C(O)C(O)=C2)=O)[C@H](O)C1,"InChI=1S/C16H18O9/c17-9-3-1-8(5-10(9)18)2-4-13(21)25-14-11(19)6-16(24,15(22)23)7-12(14)20/h1-5,11-12,14,17-20,24H,6-7H2,(H,22,23)/b4-2+/t11-,12-,14-,16+/m1/s1",GYFFKZTYYAFCTR-JUHZACGLSA-N,肿节风
ZJF-130,5-O-咖啡酰基奎宁酸,5-O-caffeoylquinic acid,/,354.0951,C16H18O9,,酚酸类,[OH][C@H]1(C(O)=O)C[C@@H](O)[C@H](O)[C@H](OC(/C=C/C2=CC=C(O)C(O)=C2)=O)C1,"InChI=1S/C16H18O9/c17-9-3-1-8(5-10(9)18)2-4-13(20)25-12-7-16(24,15(22)23)6-11(19)14(12)21/h1-5,11-12,14,17-19,21,24H,6-7H2,(H,22,23)/b4-2+/t11-,12-,14+,16-/m1/s1",CWVRJTMFETXNAD-NXLLHMKUSA-N,肿节风
ZJF-131,,vinyl caffeate,179694-77-0,C11H10O4,206.19,,酚酸类,O=C(OC=C)/C=C/C1=CC=C(O)C(O)=C1,"InChI=1S/C11H10O4/c1-2-15-11(14)6-4-8-3-5-9(12)10(13)7-8/h2-7,12-13H,1H2/b6-4+",XVCVDNKCUNGTRP-GQCTYLIASA-N,肿节风
ZJF-132,二氢查耳酮,BETA-PHENYLPROPIOPHENONE,1083-30-3,C15H14O,210.27,,其他类,O=C(C1=CC=CC=C1)CCC2=CC=CC=C2,"InChI=1S/C15H14O/c16-15(14-9-5-2-6-10-14)12-11-13-7-3-1-4-8-13/h1-10H,11-12H2",QGGZBXOADPVUPN-UHFFFAOYSA-N,肿节风
ZJF-133,"3, 4-二羟基咖啡酸苯乙酯",,/,316.0947,C17H16O6,,酚酸类,OC1=C(O)C=CC(/C=C/C(OCCC2=CC=C(O)C(O)=C2)=O)=C1,"InChI=1S/C17H16O6/c18-13-4-1-11(9-15(13)20)3-6-17(22)23-8-7-12-2-5-14(19)16(21)10-12/h1-6,9-10,18-21H,7-8H2/b6-3+",CCHKZGVRIOKSEE-ZZXKWVIFSA-N,肿节风
