0,ЛЏКЯЮяУћГЦ,гЂЮФУћГЦ,CASКХ,ЗжзгСП,ЗжзгЪН,2dЭМ,,,,,ЛЏКЯЮяЗжРр,smiles,inchi,inchikey,вЉВФУћГЦ
AW-1,ЩЁаЮЭЊ,Umbelliferone,93-35-6,162.14,C9H6O3,,,,,,ЯуЖЙЫи,OC1=CC(OC2=O)=C(C=C2)C=C1,"InChI=1S/C9H6O3/c10-7-3-1-6-2-4-9(11)12-8(6)5-7/h1-5,10H",ORHBXUUXSCNDEV-UHFFFAOYSA-N,АЂЮК
AW-2,БНввЫс,phenylacetic acid,103-82-2,136.15,C8H8O2,,,,,,ЗгЫсРр,O=C(O)CC1=CC=CC=C1,"InChI=1S/C8H8O2/c9-8(10)6-7-4-2-1-3-5-7/h1-5H,6H2,(H,9,10)",WLJVXDMOQOGPHL-UHFFFAOYSA-N,АЂЮК
AW-3,ЙШчоДМ, Sitosterol,83-46-5,414.71,C29H50O,,,,,,чоЬхРр,C[C@@]1([C@]([C@@H](CC[C@@H](C(C)C)CC)C)([H])CC2)[C@]2([H])[C@@](CC=C3[C@@]4(CC[C@H](O)C3)C)([H])[C@]4([H])CC1,"InChI=1S/C29H50O/c1-7-21(19(2)3)9-8-20(4)25-12-13-26-24-11-10-22-18-23(30)14-16-28(22,5)27(24)15-17-29(25,26)6/h10,19-21,23-27,30H,7-9,11-18H2,1-6H3/t20-,21+,23+,24+,25-,26+,27+,28+,29-/m1/s1",KZJWDPNRJALLNS-FBZNIEFRSA-N,АЂЮК
AW-4,ЖЙчоДМ,stigmasterol,83-48-7,412.69,C29H48O,,,,,,чоЬхРр,[H][C@]12[C@]3([H])CC=C4C[C@@H](O)CC[C@]4(C)[C@@]3([H])CC[C@]1(C)[C@@H]([C@@H](/C=C/C(CC)C(C)C)C)CC2,"InChI=1S/C29H48O/c1-7-21(19(2)3)9-8-20(4)25-12-13-26-24-11-10-22-18-23(30)14-16-28(22,5)27(24)15-17-29(25,26)6/h8-10,19-21,23-27,30H,7,11-18H2,1-6H3/b9-8+/t20-,21?,23+,24+,25-,26+,27+,28+,29-/m1/s1",HCXVJBMSMIARIN-MFWSXVRSSA-N,АЂЮК
AW-5,КњТмВЗме,Daucosterol,474-58-8,576.85,C35H60O6,,,,,,чоЬхРр,O[C@H]1[C@H](O)[C@@H](CO)O[C@@H](O[C@@H]2CC3=CC[C@]([C@@](CC[C@]4([H])[C@@H](CC[C@H](CC)C(C)C)C)([H])[C@]4(C)CC5)([H])[C@@]5([H])[C@@]3(C)CC2)[C@@H]1O,"InChI=1S/C35H60O6/c1-7-22(20(2)3)9-8-21(4)26-12-13-27-25-11-10-23-18-24(14-16-34(23,5)28(25)15-17-35(26,27)6)40-33-32(39)31(38)30(37)29(19-36)41-33/h10,20-22,24-33,36-39H,7-9,11-19H2,1-6H3/t21-,22+,24+,25+,26-,27+,28+,29-,30-,31+,32-,33-,34+,35-/m1/s1",NPJICTMALKLTFW-VPFCYKORSA-N,АЂЮК
AW-6,ЖдєЧЛљБНМзЫсввѕЅ,Ethyl p-hydroxybenzoate,120-47-8,166.17,C9H10O3,,,,,,ЗгЫсРр,OC1=CC=C(C(OCC)=O)C=C1,"InChI=1S/C9H10O3/c1-2-12-9(11)7-3-5-8(10)6-4-7/h3-6,10H,2H2,1H3",NUVBSKCKDOMJSU-UHFFFAOYSA-N,АЂЮК
AW-7,БНВЂрчЗдF,foetithiophene F,2041260-41-5,202.38,C10H18S2,,,,,,ЦфЫћ,CC1=C(C)S[C@](SC)(C)[C@H]1C,"InChI=1S/C9H16S2/c1-6-7(2)9(4,10-5)11-8(6)3/h7H,1-5H3/t7-,9+/m0/s1",BYVJWDSQTBFXFC-IONNQARKSA-N,АЂЮК
AW-8,БНВЂрчЗдA, foetithiophene A,90953-80-3,170.23,C8H10O2S,,,,,,ЦфЫћ,CC1=C(C)SC(C(O)=O)=C1C,"InChI=1S/C8H10O2S/c1-4-5(2)7(8(9)10)11-6(4)3/h1-3H3,(H,9,10)",ZHSGKMPXEWBKBM-UHFFFAOYSA-N,АЂЮК
AW-9,БНВЂрчЗдD, foetithiopheneD,2041260-37-9,310.54,C16H22S3,,,,,,ЦфЫћ,CC1=C(C)SC(CSCC2=C(C)C(C)=C(C)S2)=C1C,"InChI=1S/C16H22S3/c1-9-11(3)15(18-13(9)5)7-17-8-16-12(4)10(2)14(6)19-16/h7-8H2,1-6H3",BHNUYBQDJIQJFY-UHFFFAOYSA-N,АЂЮК
AW-10,"2,3,4-Ш§МзЛљрчЗд"," 2,3,4-trimethylthiophene2",1795-04-6,126.22,C7H10S,,,,,,ЦфЫћ,CC1=CC(C)=C(C)S1,"InChI=1S/C7H10S/c1-5-4-6(2)8-7(5)3/h4H,1-3H3",QKZJQIHBRCFDGQ-UHFFFAOYSA-N,АЂЮК
AW-11,БНВЂрчЗдC,foetithiopheneC,2041260-35-7,186.34,C9H14S2,,,,,,ЦфЫћ,CC1=C(CSC)SC(C)=C1C,"InChI=1S/C9H14S2/c1-6-7(2)9(5-10-4)11-8(6)3/h5H2,1-4H3",XQCBFFQBIGSFPT-UHFFFAOYSA-N,АЂЮК
AW-12,БНВЂрчЗдE,foetithiopheneE,2041260-39-1,"	202.34",C9H14OS2,,,,,,ЦфЫћ,CC1=C(CS(C)=O)SC(C)=C1C,"InChI=1S/C9H14OS2/c1-6-7(2)9(5-12(4)10)11-8(6)3/h5H2,1-4H3",GLKZQOZUEKUMNY-UHFFFAOYSA-N,АЂЮК
AW-13,БНВЂрчЗдB,foetithiopheneB,473451-38-6,"	218.34",C9H14O2S2,,,,,,ЦфЫћ,CC1=C(COS(C)=O)SC(C)=C1C,"InChI=1S/C9H14O2S2/c1-6-7(2)9(12-8(6)3)5-11-13(4)10/h5H2,1-4H3",BDJJRCFSZXNBSM-UHFFFAOYSA-N,АЂЮК
AW-14,kuhistanicaol A,kuhistanicaol A,302591-65-7,462.53,C25H34O8,,,,,,ЦфЫћ,C[C@@]12C[C@H](OC(C3=CC=C(O)C(OC)=C3)=O)[C@]4([H])[C@@]([C@H](OC(C)=O)C[C@]4(C(C)C)O)(C)C(O)[C@@H]1O2,"InChI=1S/C25H34O9/c1-12(2)25(30)11-18(32-13(3)26)24(5)19(25)17(10-23(4)21(34-23)20(24)28)33-22(29)14-7-8-15(27)16(9-14)31-6/h7-9,12,17-21,27-28,30H,10-11H2,1-6H3/t17-,18+,19+,20?,21-,23+,24-,25+/m0/s1",RBCZYKZYYWOFRF-NHNGGWTHSA-N,АЂЮК
AW-15,trans-dauc-8-en-4ІТ-ol,trans-dauc-8-en-4ІТ-ol,255062-40-9,222.37,C15H26O,,,,,,БЖАынЦРр,[H][C@]12[C@@](C([H])C[C@]2(C(C)C)O)(C)C([H])C=C(C)C[C@@H]1O,"InChI=1S/C15H26O2/c1-10(2)15(17)8-7-14(4)6-5-11(3)9-12(16)13(14)15/h5,10,12-13,16-17H,6-9H2,1-4H3/t12-,13+,14-,15+/m0/s1",SUAPQGLGNKUSLY-LJISPDSOSA-N,АЂЮК
AW-16,АЂЮКЬцФў,ferutinin,41743-44-6,358.47,C22H30O4,,,,,,ЗгЫсРр,CC12[C@]([C@@H](OC(C3=CC=C(O)C=C3)=O)CC(C)=CC2)([H])[C@](O)(C(C)C)CC1,"InChI=1S/C22H30O4/c1-14(2)22(25)12-11-21(4)10-9-15(3)13-18(19(21)22)26-20(24)16-5-7-17(23)8-6-16/h5-9,14,18-19,23,25H,10-13H2,1-4H3/t18-,19+,21?,22+/m0/s1",CYSHNJQMYORNJI-DYLVTQQDSA-N,АЂЮК
AW-17,ЩНФЮ,samferine,774577-57-0,374.47,C22H30O5,,,,,,ЗгЫсРр,CC12[C@@]([C@H](OC(C3=CC=C(O)C=C3)=O)CC(C)=CC2)([H])[C@@](O)(C(C)C)C([H])C1,"InChI=1S/C22H30O4/c1-14(2)22(25)12-11-21(4)10-9-15(3)13-18(19(21)22)26-20(24)16-5-7-17(23)8-6-16/h5-9,14,18-19,23,25H,10-13H2,1-4H3/t18-,19+,21?,22+/m1/s1",CYSHNJQMYORNJI-DMZAVKPHSA-N,АЂЮК
AW-18,kuhistanicaol D,kuhistanicaol D,302342-54-7,404.5,C23H32O6,,,,,,ЗгЫсРр,CC1=CC[C@@]2(C)[C@@]([C@H](OC(C3=CC(OC)=C(O)C=C3)=O)C1)([H])[C@@](O)(C(C)C)CC2,"InChI=1S/C23H32O5/c1-14(2)23(26)11-10-22(4)9-8-15(3)12-19(20(22)23)28-21(25)16-6-7-17(24)18(13-16)27-5/h6-8,13-14,19-20,24,26H,9-12H2,1-5H3/t19-,20+,22-,23+/m1/s1",YEQVRBJRNFLOQJ-SKWRMQMOSA-N,АЂЮК
AW-19,kuhistanicaol B,kuhistanicaol B,302342-52-5,372.46,C22H28O5,,,,,,ЗгЫсРр,O[C@@]1(C(C)C)CC[C@@]2(C)[C@@]1([H])[C@H](OC(C3=CC=C(O)C=C3)=O)CC(C=O)=CC2,"InChI=1S/C22H28O5/c1-14(2)22(26)11-10-21(3)9-8-15(13-23)12-18(19(21)22)27-20(25)16-4-6-17(24)7-5-16/h4-8,13-14,18-19,24,26H,9-12H2,1-3H3/t18-,19-,21+,22-/m1/s1",JENQPAWXVQJHSO-KRXUUXHPSA-N,АЂЮК
AW-20,kuhistanicaol C,kuhistanicaol C,302342-53-6,388.5,C23H32O5,,,,,,ЗгЫсРр,O[C@]1(C(C)C)CC[C@]2(C)[C@]1([H])[C@H](OC(C3=CC=C(OC)C=C3)=O)CC(CO)=CC2,"InChI=1S/C23H32O5/c1-15(2)23(26)12-11-22(3)10-9-16(14-24)13-19(20(22)23)28-21(25)17-5-7-18(27-4)8-6-17/h5-9,15,19-20,24,26H,10-14H2,1-4H3/t19-,20+,22-,23+/m1/s1",GAASAKWUDZGHBV-SKWRMQMOSA-N,АЂЮК
AW-21,ШЫВЮЖўДМ,jaeschkeanadiol ,41690-67-9,238.37,C15H26O2,,,,,,БЖАынЦРр,CC1=CC[C@@](CC[C@]2(O)C(C)C)(C)[C@]2([H])[C@H](O)C1,"InChI=1S/C15H26O2/c1-10(2)15(17)8-7-14(4)6-5-11(3)9-12(16)13(14)15/h5,10,12-13,16-17H,6-9H2,1-4H3/t12-,13+,14-,15+/m1/s1",SUAPQGLGNKUSLY-BARDWOONSA-N,АЂЮК
AW-22,ЯуРМЫи,lapidol vanillate,79863-23-3,252.35,C15H24O3,,,,,,БЖАынЦРр,CC1=CC([C@@](CC[C@]2(O)C(C)C)(C)[C@]2([H])CC1)=O,"InChI=1S/C15H24O2/c1-10(2)15(17)8-7-14(4)12(15)6-5-11(3)9-13(14)16/h9-10,12,17H,5-8H2,1-4H3/t12-,14+,15-/m0/s1",QUAHLQBGTMOXNO-CFVMTHIKSA-N,АЂЮК
AW-23,"
5ІС-ЖдєЧЛљБНМзѕЃбѕЛљ-2-ЯЉ-1-ЭЊ
",5ІС-p-hydroxybenzoyloxydauc-2-ene-1-one,,,,,,,,,ЦфЫћ,C[C@]1(CC[C@@]2(C)C(C)C)[C@@]2(C)[C@@H]([OP-OHBZ])CC(C)=CC1=O,,,АЂЮК
AW-24,ЫЋввЫсвѕЕРЧњДМ,vaginatriol diacetate,,,,,,,,,ЦфЫћ,[O][C@H]1C=C(C)CC[C@@]2(O)[C@]1(C(C)=O)CC[C@@H]2C(C)C,"InChI=1S/C16H25O3/c1-10(2)13-6-7-15(12(4)17)14(18)9-11(3)5-8-16(13,15)19/h9-10,13-14,19H,5-8H2,1-4H3/t13-,14+,15?,16+/m1/s1",IHEWFZBFOMIQDX-LAUKHSQWSA-N,АЂЮК
AW-25,мюЯуЫс,siol anisate,,,,,,,,,ЦфЫћ,C[C@]1(C(C[C@@H]2C(C)C)=O)[C@]2(O)CCC(C)=C[C@H]1[OAnis],C[C@]1(C(C[C@@H]2C(C)C)=O)[C@]2(O)CCC(C)=C[C@H]1[OAnis],C[C@]1(C(C[C@@H]2C(C)C)=O)[C@]2(O)CCC(C)=C[C@H]1[OAnis],АЂЮК
AW-26,kuhistanicaol I,kuhistanicaol I,399035-10-0,418.48,C23H30O7,,,,,,ЗгЫсРр,CC1=C[C@@H](C)[C@]2(C)[C@@]([C@@](C(C)C)(O)CC2=O)(C)[C@@H](OC(C3=CC(OC)=C(O)C=C3)=O)C1,"InChI=1S/C25H34O6/c1-14(2)25(29)13-20(27)23(5)16(4)10-15(3)11-21(24(23,25)6)31-22(28)17-8-9-18(26)19(12-17)30-7/h8-10,12,14,16,21,26,29H,11,13H2,1-7H3/t16-,21+,23+,24-,25-/m1/s1",XMPQVPDBYWTRBR-UPNDPRHASA-N,АЂЮК
AW-27,"14-ЃЈ4Ёф-єЧЛљБНМзѕЃбѕЛљЃЉdauc-4,8-ЖўЯЉ","14-(4Ёф-hydroxybenzoyloxy)dauc-4,8-diene",336625-34-4,340.46,C22H28O3,,,,,,ЗгЫсРр,CC12C(CCC(COC(C3=CC=C(O)C=C3)=O)=CC2)=C(C(C)C)CC1,"InChI=1S/C22H28O3/c1-15(2)19-11-13-22(3)12-10-16(4-9-20(19)22)14-25-21(24)17-5-7-18(23)8-6-17/h5-8,10,15,23H,4,9,11-14H2,1-3H3",OKXGQALERULNCC-UHFFFAOYSA-N,АЂЮК
AW-28,"14-ЃЈ4Ёф-єЧЛљ-3Ёф-МзбѕЛљБНМзѕЃбѕЛљЃЉdauc-4,8-ЖўЯЉ","14-(4Ёф-hydroxy-3Ёф-methoxybenzoyloxy)dauc-4,8-diene",336625-35-5,370.48,C23H30O4,,,,,,ЗгЫсРр,CC12C(CCC(COC(C3=CC=C(O)C(OC)=C3)=O)=CC2)=C(C(C)C)CC1,"InChI=1S/C23H30O4/c1-15(2)18-10-12-23(3)11-9-16(5-7-19(18)23)14-27-22(25)17-6-8-20(24)21(13-17)26-4/h6,8-9,13,15,24H,5,7,10-12,14H2,1-4H3",YOVPRFXHMJHUMZ-UHFFFAOYSA-N,АЂЮК
AW-29,ЩМФОШ§ДМЖдєЧЛљБНМзЫсѕЅ,lancerotriol p-hydroxybenzoate,,,,,,,,,ЗгЫсРр,CC1=C[C@H](OC(C2=CC=C(O)C=C2)=O)[C@]3([H])[C@@](CC[C@](C)3C(C)C)(C)C([H])[C@@H]1O,"InChI=1S/C23H32O4/c1-14(2)23(5)11-10-22(4)13-18(25)15(3)12-19(20(22)23)27-21(26)16-6-8-17(24)9-7-16/h6-9,12,14,18-20,24-25H,10-11,13H2,1-5H3/t18-,19-,20+,22+,23-/m0/s1",LBKFSEYGGWGWRY-JITRPMOWSA-N,АЂЮК
AW-30,kuhistanicaol E,kuhistanicaol E,302342-55-8,404.5,C23H32O6,,,,,,ЗгЫсРр,CC1=C[C@@H](OC(C2=CC(OC)=C(O)C=C2)=O)[C@@]3([H])[C@](CC[C@@]3(C(C)C)O)(C)C[C@@H]1O,"InChI=1S/C23H32O6/c1-13(2)23(27)9-8-22(4)12-17(25)14(3)10-19(20(22)23)29-21(26)15-6-7-16(24)18(11-15)28-5/h6-7,10-11,13,17,19-20,24-25,27H,8-9,12H2,1-5H3/t17-,19+,20-,22-,23-/m0/s1",YEYDMYXRNHSXFX-RTEGGPEUSA-N,АЂЮК
AW-31, ЩМФОШ§ДМ-6-ЯуВнЫсѕЅ,lancerotriol 6-vanillate,96853-70-2,254.37,C15H26O3,,,,,,ЗгЫсРр,C[C@]1(CC[C@]2(C(C)C)O)[C@@]2([H])CCC[C@H](O)C1.COC(C3=CC(OC)=C(O)C=C3)=O,"InChI=1S/C14H26O2.C9H10O4/c1-10(2)14(16)8-7-13(3)9-11(15)5-4-6-12(13)14;1-12-8-5-6(9(11)13-2)3-4-7(8)10/h10-12,15-16H,4-9H2,1-3H3;3-5,10H,1-2H3/t11-,12+,13+,14+;/m0./s1",HXLVUIHAVZGGGO-PKJCYYJESA-N,АЂЮК
AW-32,Lancerotriol 9-acetate-6-p-hydroxybenzoate,Lancerotriol 9-acetate-6-p-hydroxybenzoate,,,,,,,,,ЦфЫћ,C[C@]1(CC[C@@]2(O)C(C)C)[C@@]2([H])[C@@H]([OP-OHBZ])C=C(C(OC(C)=O)C1C)C,C[C@]1(CC[C@@]2(O)C(C)C)[C@@]2([H])[C@@H]([OP-OHBZ])C=C(C(OC(C)=O)C1C)C,C[C@]1(CC[C@@]2(O)C(C)C)[C@@]2([H])[C@@H]([OP-OHBZ])C=C(C(OC(C)=O)C1C)C,АЂЮК
AW-33,kuhistanicaol J,kuhistanicaol J,399035-11-1,390.47,C22H30O6,,,,,,ЗгЫсРр,CC1(C)CC[C@]2(OC(C3=CC=C(O)C=C3)=O)[C@@](CC[C@@]2(O)C(C)C)(C)CC1=O,"InChI=1S/C23H32O5/c1-15(2)22(27)12-11-21(5)14-18(25)20(3,4)10-13-23(21,22)28-19(26)16-6-8-17(24)9-7-16/h6-9,15,24,27H,10-14H2,1-5H3/t21-,22-,23+/m1/s1",JQWJRSLTSFCJER-ZLNRFVROSA-N,АЂЮК
AW-34,badkhysin,badkhysin,6695-00-7,344.4,C20H24O5,,,,,,ЖўнЦРр,O=C1[C@H](C)[C@]2([H])[C@@H](OC(/C(C)=C\C)=O)CC(C)=C3[C@](C(C)=CC3=O)([H])[C@]2([H])O1,"InChI=1S/C20H24O5/c1-6-9(2)19(22)24-14-8-11(4)15-13(21)7-10(3)16(15)18-17(14)12(5)20(23)25-18/h6-7,12,14,16-18H,8H2,1-5H3/b9-6-/t12-,14+,16-,17-,18+/m1/s1",KRHKMQZMQZFVBI-ZCGJXKNNSA-N,АЂЮК
AW-35,гЭЯЉДМ,Spathuleno,6750-60-3,220.35,C15H24O ,,,,,,ЛгЗЂгЭРр,OC1(C)CCC2C(CCC(C3(C)C)C3C12)=C,"InChI=1S/C15H24O/c1-9-5-6-11-13(14(11,2)3)12-10(9)7-8-15(12,4)16/h10-13,16H,1,5-8H2,2-4H3",FRMCCTDTYSRUBE-UHFFFAOYSA-N,АЂЮК
AW-36, гњДДФОДМ, guaio,489-86-1,222.37,C15H26O,,,,,,БЖАынЦРр,CC1CC(C(C)(C)O)CCC2=C1CCC2C,"InChI=1S/C15H26O/c1-10-5-7-14-11(2)9-12(15(3,4)16)6-8-13(10)14/h10-12,16H,5-9H2,1-4H3",FPFNYJLKUJKDFL-UHFFFAOYSA-N,АЂЮК
AW-37,ТбХнЫи,oopodin,38963-19-8,330.42,C20H26O4,,,,,,ЖўнЦРр,[H][C@]1(OC([C@@H]2C)=O)[C@@]2([H])CC[C@]([C@@H](OC(/C(C)=C\C)=O)C=C3)(C)[C@]1([H])C3=O,"InChI=1S/C19H24O5/c1-5-10(2)17(21)23-14-7-6-13(20)15-16-12(8-9-19(14,15)4)11(3)18(22)24-16/h5-7,11-12,14-16H,8-9H2,1-4H3/b10-5-/t11-,12+,14+,15-,16+,19+/m1/s1",PJMRWIAGUZVQIZ-STZVWLQTSA-N,АЂЮК
AW-38,ЭбЧтТбХнЫи, dehydrooopodin,38963-55-2,328.4,C20H24O4,,,,,,ЖўнЦРр,[H][C@]1(OC(C2=C)=O)[C@@]2([H])CC[C@]([C@@H](OC(/C(C)=C\C)=O)C=C3)(C)[C@]1([H])C3=C,"InChI=1S/C20H24O4/c1-6-11(2)18(21)23-15-8-7-12(3)16-17-14(9-10-20(15,16)5)13(4)19(22)24-17/h6-8,14-17H,3-4,9-10H2,1-2,5H3/b11-6-/t14-,15-,16+,17-,20-/m0/s1",JBUBIHUTEIWJSH-IDDFNINDSA-N,АЂЮК
AW-39,ХЫФсФЩЮФ,penninervin,486438-04-4,364.43,C20H28O6,,,,,,ЖўнЦРр,O[C@@]1(C)[C@]2([H])[C@@](CC[C@]([C@@]3(OC(/C=C(C)/C)=O)C)([H])[C@@]2([H])OC3=O)(C)[C@H](O)C=C1,"InChI=1S/C20H28O6/c1-11(2)10-14(22)26-20(5)12-6-8-18(3)13(21)7-9-19(4,24)16(18)15(12)25-17(20)23/h7,9-10,12-13,15-16,21,24H,6,8H2,1-5H3/t12-,13-,15-,16+,18-,19-,20+/m1/s1",LFFOEDOAFGUKGN-IUPPOCIOSA-N,АЂЮК
AW-40,РѓжІЫиA,lyciferinA,1221253-17-3,320.47,C20H32O3,,,,,,ЖўнЦРр,CC1(C)[C@@H](O)/C=C(C)\[C@H](OC(/C(C)=C\C)=O)C/C=C(C)\CCC1,"InChI=1S/C20H32O3/c1-7-15(3)19(22)23-17-11-10-14(2)9-8-12-20(5,6)18(21)13-16(17)4/h7,10,13,17-18,21H,8-9,11-12H2,1-6H3/b14-10-,15-7-,16-13-/t17-,18+/m1/s1",PEHOVSYWKFYAKR-YSZRUKCESA-N,АЂЮК
AW-41,РѓжІЫиB,lyciferinB,1221253-18-4,362.5,C22H34O4,,,,,,ЦфЫћ,CC1(C)[C@H](OC(C)=O)/C=C(C)\[C@@H](OC(/C(C)=C\C)=O)C/C=C(C)\CCC1,"InChI=1S/C22H34O4/c1-8-16(3)21(24)26-19-12-11-15(2)10-9-13-22(6,7)20(14-17(19)4)25-18(5)23/h8,11,14,19-20H,9-10,12-13H2,1-7H3/b15-11-,16-8-,17-14-/t19-,20+/m0/s1",DJZAMDRFIUQAJH-WYVCBMJHSA-N,АЂЮК
AW-42,РѓжІЫиC,lyciferinC,1221253-19-5,342.47,C22H30O3,,,,,,ЦфЫћ,CC1(C)[C@@H](O)/C=C(C)\[C@H](OC(C2=CC=CC=C2)=O)C/C=C(C)\CCC1,"InChI=1S/C22H30O3/c1-16-9-8-14-22(3,4)20(23)15-17(2)19(13-12-16)25-21(24)18-10-6-5-7-11-18/h5-7,10-12,15,19-20,23H,8-9,13-14H2,1-4H3/b16-12-,17-15-/t19-,20+/m1/s1",JRSLQKPYZJDQRG-YMSPPDQESA-N,АЂЮК
AW-43,РѓжІЫиD,lyciferinD,1221253-20-8,384.51,C24H32O4,,,,,,ЦфЫћ,CC1(C)[C@@H](OC(C)=O)/C=C(C)\[C@H](OC(C2=CC=CC=C2)=O)C/C=C(C)\CCC1,"InChI=1S/C24H32O4/c1-17-10-9-15-24(4,5)22(27-19(3)25)16-18(2)21(14-13-17)28-23(26)20-11-7-6-8-12-20/h6-8,11-13,16,21-22H,9-10,14-15H2,1-5H3/b17-13-,18-16-/t21-,22+/m1/s1",WZEJCPHMOSKQHH-QWZRFFKUSA-N,АЂЮК
AW-44,РѓжІЫиE,lyciferinE,1221253-21-9,430.53,C25H34O6,,,,,,ЦфЫћ,CC1(C)[C@H](OC(C)=O)/C=C(C)\[C@@H](OC(C2=CC=C(O)C(OC)=C2)=O)C/C=C(C)\CCC1,"InChI=1S/C25H34O6/c1-16-8-7-13-25(4,5)23(30-18(3)26)14-17(2)21(12-9-16)31-24(28)19-10-11-20(27)22(15-19)29-6/h9-11,14-15,21,23,27H,7-8,12-13H2,1-6H3/b16-9-,17-14-/t21-,23+/m0/s1",AXDKQXWBOZSURR-UDVNYLJQSA-N,АЂЮК
AW-45,ЖХЫЩЫи,juniferinin,61116-36-7,400.51,C24H32O5,,,,,,ЦфЫћ,CC1(C)[C@H](OC(C)=O)/C=C(C)\[C@@H](OC(C2=CC=C(O)C=C2)=O)C/C=C(C)\CCC1,"InChI=1S/C24H32O5/c1-16-7-6-14-24(4,5)22(28-18(3)25)15-17(2)21(13-8-16)29-23(27)19-9-11-20(26)12-10-19/h8-12,15,21-22,26H,6-7,13-14H2,1-5H3/b16-8-,17-15-/t21-,22+/m0/s1",YUURXLYREVDXOP-LLFPQALLSA-N,АЂЮК
AW-46,Juniferdin,Juniferdin,74724-29-1,358.47,C22H30O4,,,,,,ЗгЫсРр,O=C(OC1/C(C)=C/C(O)C(C)(C)CCC/C(C)=C\C1)C2=CC=C(O)C=C2,"InChI=1S/C22H30O4/c1-15-6-5-13-22(3,4)20(24)14-16(2)19(12-7-15)26-21(25)17-8-10-18(23)11-9-17/h7-11,14,19-20,23-24H,5-6,12-13H2,1-4H3/b15-7-,16-14+",JDZBITULCWBIMC-NZNRFOOVSA-N,АЂЮК
AW-47,ЖХЫЩзгЫи,juniferin,61116-35-6,388.5,C23H32O5,,,,,,ЦфЫћ,CC1(C)[C@@H](O)/C=C(C)\[C@H](OC(C2=CC=C(O)C(OC)=C2)=O)C/C=C(C)\CCC1,"InChI=1S/C23H32O5/c1-15-7-6-12-23(3,4)21(25)13-16(2)19(11-8-15)28-22(26)17-9-10-18(24)20(14-17)27-5/h8-10,13-14,19,21,24-25H,6-7,11-12H2,1-5H3/b15-8-,16-13-/t19-,21+/m1/s1",VCQQSPUHIVJOLT-BJGBIHRXSA-N,АЂЮК
AW-48,БНМзѕЃЛљЬњЭщДМ,Benzoylfervanol,110309-12-1,324.46,C22H28O2,,,,,,ЦфЫћ,C=C1CC/C=C(C)\CC[C@@H](OC(C2=CC=CC=C2)=O)C(C)(C)/C=C\1,"InChI=1S/C22H28O2/c1-17-9-8-10-18(2)15-16-22(3,4)20(14-13-17)24-21(23)19-11-6-5-7-12-19/h5-7,9,11-12,15-16,20H,2,8,10,13-14H2,1,3-4H3/b16-15-,17-9-/t20-/m1/s1",OTIXOYMHANCCLO-XOMAEZGKSA-N,АЂЮК
AW-49,ЖдєЧЛљБНМзѕЃЛљЬњЭщДМ,p-Hydroxybenzoylfervanol,110309-13-2,340.46,C22H28O3,,,,,,ЦфЫћ,C=C1CC/C=C(C)\CC[C@H](OC(C2=CC=C(O)C=C2)=O)C(C)(C)/C=C\1,"InChI=1S/C22H28O3/c1-16-6-5-7-17(2)14-15-22(3,4)20(13-8-16)25-21(24)18-9-11-19(23)12-10-18/h6,9-12,14-15,20,23H,2,5,7-8,13H2,1,3-4H3/b15-14-,16-6-/t20-/m0/s1",KRXQZBVXWPNPBU-CBIMCTDISA-N,АЂЮК
AW-50,ЯуВнДМ,Vanilloylfervanol,110309-14-3,370.48,C23H30O4,,,,,,ЦфЫћ,C=C1CC/C=C(C)\CC[C@@H](OC(C2=CC=C(O)C(OC)=C2)=O)C(C)(C)/C=C\1,"InChI=1S/C23H30O4/c1-16-7-6-8-17(2)13-14-23(3,4)21(12-9-16)27-22(25)18-10-11-19(24)20(15-18)26-5/h7,10-11,13-15,21,24H,2,6,8-9,12H2,1,3-5H3/b14-13-,16-7-/t21-/m1/s1",WCPPMAAKIAIVQU-WGQDXTJLSA-N,АЂЮК
AW-51,Badrakemonin,Badrakemonin,1260529-25-6,236.35,C15H24O2,,,,,,БЖАынЦРр,O[C@@](CC[C@@](C=C)(C)/C1=C(C)/C)(C(C)C)C1=O,"InChI=1S/C15H24O2/c1-7-14(6)8-9-15(17,11(4)5)13(16)12(14)10(2)3/h7,11,17H,1,8-9H2,2-6H3/t14-,15-/m0/s1",VOLIJPZGAAUSSY-GJZGRUSLSA-N,АЂЮК
AW-52,ЗЧЬцЭЊA,Fetidone A,905917-01-3,232.32,C15H20O2,,,,,,БЖАынЦРр,O=C1CC[C@]2(C)[C@@](C(C=C(C)C2=C)=O)([H])C1(C)C,"InChI=1S/C15H20O2/c1-9-8-11(16)13-14(3,4)12(17)6-7-15(13,5)10(9)2/h8,13H,2,6-7H2,1,3-5H3/t13-,15+/m1/s1",IHIHSGANYYVZAE-HIFRSBDPSA-N,АЂЮК
AW-53,ЗЧЬцЭЊB,Fetidone B,905917-03-5,234.33,C15H22O2,,,,,,БЖАынЦРр,O[C@@H]1CC[C@]2(C)[C@@](C(C=C(C)C2=C)=O)([H])C1(C)C,"InChI=1S/C15H22O2/c1-9-8-11(16)13-14(3,4)12(17)6-7-15(13,5)10(9)2/h8,12-13,17H,2,6-7H2,1,3-5H3/t12-,13-,15+/m1/s1",MGYFDYDNOJDWGH-NFAWXSAZSA-N,АЂЮК
AW-54,ЩГУзТЁ,Dshamirone,62561-19-7,356.5,C23H32O3,,,,,,ЗгЫсРр,OC1=C(C(CC/C=C(C)/CC/C=C(C)/CC/C=C(C)/C)=O)C=CC(O)=C1,"InChI=1S/C23H32O3/c1-17(2)8-5-9-18(3)10-6-11-19(4)12-7-13-22(25)21-15-14-20(24)16-23(21)26/h8,10,12,14-16,24,26H,5-7,9,11,13H2,1-4H3/b18-10+,19-12+",MPFBSHWWHMIGCL-UBIAKTOFSA-N,АЂЮК
AW-55,АЂЮКЭЊB,Ferulaeone B,1418148-60-3,432.55,C25H36O6,,,,,,ЗгЫсРр,OC1=CC(O)=CC=C1C(CC/C=C(C)/CCC(C(CC/C=C(C)/C)(C)O)OC(C)=O)=O,"InChI=1S/C25H36O6/c1-17(2)8-7-15-25(5,30)24(31-19(4)26)14-11-18(3)9-6-10-22(28)21-13-12-20(27)16-23(21)29/h8-9,12-13,16,24,27,29-30H,6-7,10-11,14-15H2,1-5H3/b18-9+",JDVWBXDBNKCEEE-GIJQJNRQSA-N,АЂЮК
AW-56,АЂЮКЭЊA,Ferulaeone A,1418148-59-0,414.54,C25H34O5,,,,,,ЗгЫсРр,OC1=CC(O)=CC=C1C(C(C(OC)=O)C/C=C(C)/CC/C=C(C)/CC/C=C(C)/C)=O,"InChI=1S/C25H34O5/c1-17(2)8-6-9-18(3)10-7-11-19(4)12-14-22(25(29)30-5)24(28)21-15-13-20(26)16-23(21)27/h8,10,12-13,15-16,22,26-27H,6-7,9,11,14H2,1-5H3/b18-10+,19-12+",CSTWZZSTTQKZMS-UBIAKTOFSA-N,АЂЮК
AW-57,АЂЮКЭЊD,Ferulaeone D,1418148-62-5,368.47,C23H28O4,,,,,,ЗгЫсРр,OC1=CC(O)=C(C(CC(C)/C(C)=C/C/C=C(C)/C2=CC(C)=CO2)=O)C=C1,"InChI=1S/C22H26O4/c1-14-10-22(26-13-14)16(3)7-5-6-15(2)17(4)11-20(24)19-9-8-18(23)12-21(19)25/h6-10,12-13,17,23,25H,5,11H2,1-4H3/b15-6+,16-7+",BIHIQMWVLDVVIT-MBGCCUORSA-N,АЂЮК
AW-58,АЂЮКЭЊE,Ferulaeone E,1418148-63-6,508.73,C33H48O4,,,,,,ЗгЫсРр,OC1=CC=C(C(C(C/C=C(CC/C=C(C)/C)/CO)C/C=C(C)/CC/C=C(C)/CC/C=C(C)/C)=O)C(O)=C1,"InChI=1S/C33H48O4/c1-24(2)10-7-12-26(5)13-9-14-27(6)16-18-29(19-17-28(23-34)15-8-11-25(3)4)33(37)31-21-20-30(35)22-32(31)36/h10-11,13,16-17,20-22,29,34-36H,7-9,12,14-15,18-19,23H2,1-6H3/b26-13+,27-16+,28-17+",LCBISAXFENUSIP-CMGDVQFQSA-N,АЂЮК
AW-59,АЂЮКЭЊG,Ferulaeone G,1418148-65-8,518.68,C33H42O5,,,,,,ЗгЫсРр,OC1=CC=C(/C=C/CC(C/C=C(C)/CC/C=C(C)/CC/C=C(C)/C)C(C2=CC=C(O)C=C2O)=O)C=C1OC,"InChI=1S/C33H42O5/c1-23(2)9-6-10-24(3)11-7-12-25(4)15-17-27(33(37)29-19-18-28(34)22-31(29)36)14-8-13-26-16-20-30(35)32(21-26)38-5/h8-9,11,13,15-16,18-22,27,34-36H,6-7,10,12,14,17H2,1-5H3/b13-8+,24-11+,25-15+",URDQMHMNCZHFGZ-FDIPFCKZSA-N,АЂЮК
AW-60,АЂЮКЭЊH,Ferulaeone H,1418148-66-9,592.85,C38H56O5,,,,,,ЗгЫсРр,OC1=CC(O)=CC=C1C(C(C/C=C(C)/C2C[C@H](O)[C@@](C)(CC/C=C(C)/C)O2)C/C=C(C)/CC/C=C(C)/CC/C=C(C)/C)=O,"InChI=1S/C38H56O5/c1-26(2)12-9-14-28(5)15-10-16-29(6)17-19-31(37(42)33-22-21-32(39)24-34(33)40)20-18-30(7)35-25-36(41)38(8,43-35)23-11-13-27(3)4/h12-13,15,17-18,21-22,24,31,35-36,39-41H,9-11,14,16,19-20,23,25H2,1-8H3/b28-15+,29-17+,30-18+/t31?,35?,36-,38+/m0/s1",DFJYDSSFPUWKBV-GQODEPFLSA-N,АЂЮК
AW-61,"8,9-ЖўєЧЛљЫЋЩГУзТЁ","8,9-Dihydroxydshamirone",1609211-36-0,390.51,C23H34O5,,,,,,ЗгЫсРр,OC1=CC(O)=C(C(CC/C=C(C)/CC[C@@H](O)C(C)(CC/C=C(C)/C)C)=O)C=C1,"InChI=1S/C24H36O4/c1-17(2)8-7-15-24(4,5)23(28)14-11-18(3)9-6-10-21(26)20-13-12-19(25)16-22(20)27/h8-9,12-13,16,23,25,27-28H,6-7,10-11,14-15H2,1-5H3/b18-9+/t23-/m1/s1",UKUVHGAOJUPNRL-VULPMGHGSA-N,АЂЮК
AW-62,"8,9-бѕДњвьБћЛљЩГУзТЁ","8,9-Oxoisopropanyldshamirone",1609211-37-1,430.58,C26H38O5,,,,,,ЗгЫсРр,OC1=CC(O)=CC=C1C(CC/C=C(C)/CC[C@H]2[C@@](C)(CC/C=C(C)/C)OC(C)(C)O2)=O,"InChI=1S/C26H38O5/c1-18(2)9-8-16-26(6)24(30-25(4,5)31-26)15-12-19(3)10-7-11-22(28)21-14-13-20(27)17-23(21)29/h9-10,13-14,17,24,27,29H,7-8,11-12,15-16H2,1-6H3/b19-10+/t24-,26+/m0/s1",KTSZKHPSZAKGTD-HMHOLWPBSA-N,АЂЮК
AW-63,ИЃПЈФсЭЊB,Fukanedone B,850621-98-6,400.51,C24H32O5,,,,,,ЗгЫсРр,OC1=CC(O)=C(C([C@H]2[C@@H](C)[C@](C)(CC/C=C(C)/CC/C=C(C)/C)OC2=O)=O)C=C1,"InChI=1S/C24H32O5/c1-15(2)8-6-9-16(3)10-7-13-24(5)17(4)21(23(28)29-24)22(27)19-12-11-18(25)14-20(19)26/h8,10-12,14,17,21,25-26H,6-7,9,13H2,1-5H3/b16-10+/t17-,21-,24+/m1/s1",PUFZTKZBPIVBQR-AAOPASGRSA-N,АЂЮК
AW-64,ИЃПЈФсЭЊC,Fukanedone C,846546-79-0,414.49,C24H30O6,,,,,,ЗгЫсРр,CC(C1=C(O)C=C(O)C=C1)=O.O=C2O[C@](C)(CCC/C(C)=C/C(/C=C(C)/C)=O)[C@H](C)C2,"InChI=1S/C17H26O3.C8H8O3/c1-12(2)9-15(18)10-13(3)7-6-8-17(5)14(4)11-16(19)20-17;1-5(9)7-3-2-6(10)4-8(7)11/h9-10,14H,6-8,11H2,1-5H3;2-4,10-11H,1H3/b13-10+;/t14-,17-;/m1./s1",VILOHNRVPYDUCW-JLGPRSQESA-N,АЂЮК
AW-65,ИЃПЈФсЭЊD,Fukanedone D,846546-80-3,414.49,C24H30O6,,,,,,ЗгЫсРр ,CC(C1=C(O)C=C(O)C=C1)=O.O=C2O[C@](C)(CCC/C(C)=C\C(/C=C(C)/C)=O)[C@H](C)C2.C.C.C.C,"InChI=1S/C17H26O3.C8H8O3.4CH4/c1-12(2)9-15(18)10-13(3)7-6-8-17(5)14(4)11-16(19)20-17;1-5(9)7-3-2-6(10)4-8(7)11;;;;/h9-10,14H,6-8,11H2,1-5H3;2-4,10-11H,1H3;4*1H4/b13-10-;;;;;/t14-,17-;;;;;/m1...../s1",ILDWCCLXLBDMGB-NRJPCRPISA-N,АЂЮК
AW-66,ИЃПЈФсЭЊE,Fukanedone E,850621-99-7,426.5,C25H30O6,,,,,,ЗгЫсРр ,COC1=CC(O)=C(C([C@H]2[C@@H](C)[C@](CC/C=C(C)/CC3=CC(C)=CO3)(C)OC2=O)=C)C=C1,"InChI=1S/C26H32O5/c1-16(12-21-13-17(2)15-30-21)8-7-11-26(5)19(4)24(25(28)31-26)18(3)22-10-9-20(29-6)14-23(22)27/h8-10,13-15,19,24,27H,3,7,11-12H2,1-2,4-6H3/b16-8+/t19-,24+,26-/m1/s1",HEKAEOAKAHQCAX-LLQPVUFSSA-N,АЂЮК
AW-67,ХСРћЭЊ C,Pallidone C,264622-02-8,430.53,C25H34O6,,,,,,ЗгЫсРр ,OC1=C(C([C@H]2C(O[C@@](CCC/C(C)=C\C(CC(C)C)=O)(C)[C@@H]2C)=O)=O)C=CC(OC)=C1,"InChI=1S/C25H34O6/c1-15(2)12-18(26)13-16(3)8-7-11-25(5)17(4)22(24(29)31-25)23(28)20-10-9-19(30-6)14-21(20)27/h9-10,13-15,17,22,27H,7-8,11-12H2,1-6H3/b16-13-/t17-,22+,25-/m1/s1",RCBZGJUPMKCDAF-PKVWJQJLSA-N,АЂЮК
AW-68,ХСРћЭЊ D,Pallidone D,264622-03-9,430.53,C25H34O6,,,,,,ЗгЫсРр ,COC1=CC(O)=C(C([C@H]2[C@@H](C)[C@](C)(CCC/C(C)=C/C(CC(C)C)=O)OC2=O)=O)C=C1,"InChI=1S/C25H34O6/c1-15(2)12-18(26)13-16(3)8-7-11-25(5)17(4)22(24(29)31-25)23(28)20-10-9-19(30-6)14-21(20)27/h9-10,13-15,17,22,27H,7-8,11-12H2,1-6H3/b16-13+/t17-,22-,25+/m1/s1",RCBZGJUPMKCDAF-UXQNFQTPSA-N,АЂЮК
AW-69,ХСРћЭЊ E,Pallidone E,264622-04-0,430.53,C25H34O6,,,,,,ЗгЫсРр ,COC1=CC(O)=C(C([C@H]2[C@@H](C)[C@](CC/C=C(C)/CC(CC(C)C)=O)(C)OC2=O)=C)C=C1,"InChI=1S/C26H36O5/c1-16(2)13-20(27)14-17(3)9-8-12-26(6)19(5)24(25(29)31-26)18(4)22-11-10-21(30-7)15-23(22)28/h9-11,15-16,19,24,28H,4,8,12-14H2,1-3,5-7H3/b17-9+/t19-,24+,26-/m1/s1",PWUMHQVIEDYVHD-HGFYOBMDSA-N,АЂЮК
AW-70,ХСРћЭЊ F,Pallidone F,264622-05-1,430.53,C25H34O6,,,,,,ЗгЫсРр ,COC1=CC(O)=C(C([C@H]2[C@@H](C)[C@](C)(CC/C=C(C)/CC(CC(C)C)=O)OC2=O)=O)C=C1,"InChI=1S/C25H34O6/c1-15(2)12-18(26)13-16(3)8-7-11-25(5)17(4)22(24(29)31-25)23(28)20-10-9-19(30-6)14-21(20)27/h8-10,14-15,17,22,27H,7,11-13H2,1-6H3/b16-8+/t17-,22-,25+/m1/s1",JVVWSQVKHUCTND-ROQQMXIZSA-N,АЂЮК
AW-71,baigene C,baigene C,263746-17-4,382.49,C24H30O4,,,,,,ЗгЫсРр ,OC1=CC(OC(C2=C3O[C@@](CC/C=C(C)/CC/C=C(C)/C)(C)[C@@H]2C)=O)=C3C=C1,"InChI=1S/C24H30O4/c1-15(2)8-6-9-16(3)10-7-13-24(5)17(4)21-22(28-24)19-12-11-18(25)14-20(19)27-23(21)26/h8,10-12,14,17,25H,6-7,9,13H2,1-5H3/b16-10+/t17-,24-/m1/s1",OLRXRLGFFNYRIM-AIVCJUMWSA-N,АЂЮК
AW-72,baigene B,baigene B,380913-61-1,398.49,C24H30O5,,,,,,ЗгЫсРр,C/C(CC/C=C(C)/C)=C\CC[C@]([C@@H](O)C1)(C)OC2=C1C(C(C=CC(O)=C3)=C3O2)=O,"InChI=1S/C24H30O5/c1-15(2)7-5-8-16(3)9-6-12-24(4)21(26)14-19-22(27)18-11-10-17(25)13-20(18)28-23(19)29-24/h7,9-11,13,21,25-26H,5-6,8,12,14H2,1-4H3/b16-9+/t21-,24-/m0/s1",MAQAELSWTKIQCC-CQXHURQLSA-N,АЂЮК
AW-73,baigeneA,baigeneA,380913-60-0,398.49,C24H30O5,,,,,,ЗгЫсРр,C/C(CC/C=C(C)/C)=C\CC[C@]([C@@H](O)C1)(C)OC2=C1C(C(C=CC(O)=C3)=C3O2)=O,"InChI=1S/C24H30O5/c1-15(2)7-5-8-16(3)9-6-12-24(4)21(26)14-19-22(27)18-11-10-17(25)13-20(18)28-23(19)29-24/h7,9-11,13,21,25-26H,5-6,8,12,14H2,1-4H3/b16-9+/t21-,24-/m0/s1",MAQAELSWTKIQCC-CQXHURQLSA-N,АЂЮК
AW-74,пЛрЋпЛЩЋЭЊA,fukanefurochromone A,864370-09-2,396.48,C24H28O5,,,,,,ЗгЫсРр,OC1=CC=C(C(C([C@@H](C)[C@](C)(CC/C=C(C)/CC(/C=C(C)/C)=O)O2)C2O3)=O)C3=C1,"InChI=1S/C24H30O5/c1-14(2)11-18(26)12-15(3)7-6-10-24(5)16(4)21-22(27)19-9-8-17(25)13-20(19)28-23(21)29-24/h7-9,11,13,16,21,23,25H,6,10,12H2,1-5H3/b15-7+/t16-,21?,23?,24+/m1/s1",AVVBSFIOAZWIME-SHAPGHFLSA-N,АЂЮК
AW-75,пЛрЋпЛЩЋЭЊB,fukanefurochromone B,864370-10-5,396.48,C24H28O5,,,,,,ЗгЫсРр,OC1=CC=C(C(C([C@@H](C)[C@](C)(CC/C=C(C)/CC(/C=C(C)/C)=O)O2)=C2O3)=O)C3=C1,"InChI=1S/C24H28O5/c1-14(2)11-18(26)12-15(3)7-6-10-24(5)16(4)21-22(27)19-9-8-17(25)13-20(19)28-23(21)29-24/h7-9,11,13,16,25H,6,10,12H2,1-5H3/b15-7+/t16-,24+/m1/s1",OROKUKZIDYKSRX-FFYZWUAMSA-N,АЂЮК
AW-76,пЛрЋпЛЩЋЭЊC,fukanefurochromone C,864370-11-6,396.48,C24H28O5,,,,,,ЗгЫсРр,OC1=CC=C(C(C([C@@H](C)[C@](C)(CCC/C(C)=C/C(/C=C(C)/C)=O)O2)=C2O3)=O)C3=C1,"InChI=1S/C24H28O5/c1-14(2)11-18(26)12-15(3)7-6-10-24(5)16(4)21-22(27)19-9-8-17(25)13-20(19)28-23(21)29-24/h8-9,11-13,16,25H,6-7,10H2,1-5H3/b15-12+/t16-,24+/m1/s1",NKADAHGDGPLCME-HHVFJXNFSA-N,АЂЮК
AW-77,пЛрЋпЛЩЋЭЊD,fukanefurochromone D,864370-12-7,396.48,C24H28O5,,,,,,ЗгЫсРр,O=C1C2=C(O[C@@](C)(CCC/C(C)=C\C(/C=C(C)/C)=O)[C@@H]2C)OC3=CC(O)=CC=C31,"InChI=1S/C24H28O5/c1-14(2)11-18(26)12-15(3)7-6-10-24(5)16(4)21-22(27)19-9-8-17(25)13-20(19)28-23(21)29-24/h8-9,11-13,16,25H,6-7,10H2,1-5H3/b15-12-/t16-,24+/m1/s1",NKADAHGDGPLCME-QIVXTBRYSA-N,АЂЮК
AW-78,пЛрЋпЛЩЋЭЊE,fukanefurochromone E,872532-98-4,396.48,C24H28O5,,,,,,ЗгЫсРр,O=C1C2=C(O[C@@](CCC/C(C)=C\C(/C=C(C)/C)=O)(C)[C@@H]2C)OC3=CC(O)=CC=C31,"InChI=1S/C24H28O5/c1-14(2)11-18(26)12-15(3)7-6-10-24(5)16(4)21-22(27)19-9-8-17(25)13-20(19)28-23(21)29-24/h8-9,11-13,16,25H,6-7,10H2,1-5H3/b15-12-/t16-,24-/m1/s1",NKADAHGDGPLCME-AFVAUOOZSA-N,АЂЮК
AW-79,"ХСРћЭЊ I
",pallidone I,265662-41-7,412.52,C25H32O5,,,,,,ЦфЫћ,COC1=CC=C(C(C([C@@H](C)[C@@](C)(CC/C=C(C)/CC(CC(C)C)=O)O2)=C2O3)=O)C3=C1,"InChI=1S/C25H32O5/c1-15(2)12-18(26)13-16(3)8-7-11-25(5)17(4)22-23(27)20-10-9-19(28-6)14-21(20)29-24(22)30-25/h8-10,14-15,17H,7,11-13H2,1-6H3/b16-8+/t17-,25-/m1/s1",WODHGNNMBPUNHS-GEQKCUNQSA-N,АЂЮК
AW-80,ХСРћЭЊ J,pallidone J,265662-43-9,412.52,C25H32O5,,,,,,ЦфЫћ,COC1=CC=C(C(C([C@@H](C)[C@@](CC/C=C(C)/C/C=C/C(O)(C)C)(C)O2)=C2O3)=O)C3=C1,"InChI=1S/C25H32O5/c1-16(9-7-13-24(3,4)27)10-8-14-25(5)17(2)21-22(26)19-12-11-18(28-6)15-20(19)29-23(21)30-25/h7,10-13,15,17,27H,8-9,14H2,1-6H3/b13-7+,16-10+/t17-,25+/m1/s1",CVQADAXRSHREJQ-YNIYJTLASA-N,АЂЮК
AW-81, kopetdaghin E, kopetdaghin E,947739-70-0,410.5,C25H30O5,,,,,,ЦфЫћ,COC1=CC=C(C(C([C@@H](C)[C@](CC/C=C(C)/CC(/C=C(C)/C)=O)(C)O2)=C2O3)=O)C3=C1,"InChI=1S/C25H30O5/c1-15(2)12-18(26)13-16(3)8-7-11-25(5)17(4)22-23(27)20-10-9-19(28-6)14-21(20)29-24(22)30-25/h8-10,12,14,17H,7,11,13H2,1-6H3/b16-8+/t17-,25-/m1/s1",TZFPVRHITPOBTG-GEQKCUNQSA-N,АЂЮК
AW-82,ЬњЩЋЭЊ, ferchromone,129277-31-2,382.49,C24H30O4,,,,,,ЦфЫћ,O=C(C(C[C@H](O)[C@@](CC/C=C(C)/CC/C=C(C)/C)(C)O1)=C1O2)C3=C2C=CC=C3,"InChI=1S/C24H30O4/c1-16(2)9-7-10-17(3)11-8-14-24(4)21(25)15-19-22(26)18-12-5-6-13-20(18)27-23(19)28-24/h5-6,9,11-13,21,25H,7-8,10,14-15H2,1-4H3/b17-11+/t21-,24-/m0/s1",ILNBVBZHKDOGTR-SXGPKUQFSA-N,АЂЮК
AW-83,"
ЬњЩЋЗг",ferchromonol,129277-32-3,398.49, C24H30O5,,,,,,ЗгЫсРр,O=C(C(CC(O)C(C)(CC/C=C(C)/CCCC(C(C)=C)O)O1)=C1O2)C3=C2C=CC=C3,"InChI=1S/C25H32O5/c1-16(2)20(26)12-7-9-17(3)10-8-14-25(4)22(27)15-19-23(28)18-11-5-6-13-21(18)29-24(19)30-25/h5-6,10-11,13,20,22,26-27H,1,7-9,12,14-15H2,2-4H3/b17-10+",PQNXDAIXNJNSAE-LICLKQGHSA-N,АЂЮК
AW-84,ЩЁУЙЫи, umbelliprenin,23838-17-7,366.49,C24H30O3,,,,,,ЯуЖЙЫи,O=C1C=CC2=CC=C(OC/C=C(C)/CC/C=C(C)/CC/C=C(C)/C)C=C2O1,"InChI=1S/C24H30O3/c1-18(2)7-5-8-19(3)9-6-10-20(4)15-16-26-22-13-11-21-12-14-24(25)27-23(21)17-22/h7,9,11-15,17H,5-6,8,10,16H2,1-4H3/b19-9+,20-15+",GNMUGVNEWCZUAA-WOWYBKFKSA-N,АЂЮК
AW-85,АЂШјЯуЖЙЫиA,Asacoumarin A,122617-02-1,398.49,C24H30O5,,,,,,ЯуЖЙЫи,O=C1C=CC2=C(C=C(OC/C=C(C)/CC(O)/C=C(C)/C(O)C/C=C(C)/C)C=C2)O1,"InChI=1S/C24H30O5/c1-16(2)5-9-22(26)18(4)14-20(25)13-17(3)11-12-28-21-8-6-19-7-10-24(27)29-23(19)15-21/h5-8,10-11,14-15,20,22,25-26H,9,12-13H2,1-4H3/b17-11+,18-14+",NFXNEAJDYTXPLG-CBXDKUCNSA-N,АЂЮК
AW-86,karatavicinol,karatavicinol,25374-66-7,400.51,C24H32O5,,,,,,ЯуЖЙЫи,O=C1C=CC2=CC=C(OC/C=C(C)/CC/C=C(C)/CCC(O)C(C)(O)C)C=C2O1,"InChI=1S/C24H32O5/c1-17(8-12-22(25)24(3,4)27)6-5-7-18(2)14-15-28-20-11-9-19-10-13-23(26)29-21(19)16-20/h6,9-11,13-14,16,22,25,27H,5,7-8,12,15H2,1-4H3/b17-6+,18-14+",SOTUFGKJQVSOCT-ZCSZAFQUSA-N,АЂЮК
AW-87,АЂЮКЭЊA,feruloneA,1895927-43-1,534.68,C30H46O8,,,,,,ЯуЖЙЫи,O=C1C=CC2=C(C=C(OC(CCC(CCCC(O)(CC(O)(C)CCCC(C)(C)O)C)(C)O)=O)C=C2)O1,"InChI=1S/C28H42O8/c1-25(2,31)13-6-15-27(4,33)19-28(5,34)16-7-14-26(3,32)17-12-24(30)35-21-10-8-20-9-11-23(29)36-22(20)18-21/h8-11,18,31-34H,6-7,12-17,19H2,1-5H3",LDXGWZBLUYWHCT-UHFFFAOYSA-N,АЂЮК
AW-88,АЂЮКЭЊB,feruloneB,1895927-45-3,412.52,C25H32O5,,,,,,ЯуЖЙЫи,O=C1OC2=C(C=CC(OC(CCC(CC/C=C(C)/CC/C=C(C)/C)(O)C)=O)=C2)C=C1,"InChI=1S/C25H32O5/c1-18(2)7-5-8-19(3)9-6-15-25(4,28)16-14-24(27)29-21-12-10-20-11-13-23(26)30-22(20)17-21/h7,9-13,17,28H,5-6,8,14-16H2,1-4H3/b19-9+",HFEJELKZMXGUTC-DJKKODMXSA-N,АЂЮК
AW-89,АЂЮКЭЊC,feruloneC,1639405-18-7,448.55,C25H36O7,,,,,,ЯуЖЙЫи,O=C1OC2=C(C=CC(OC(CCC(CCCC(O)(CCCC(C)(C)C)C)(C)O)=O)=C2)C=C1,"InChI=1S/C26H38O6/c1-24(2,3)13-6-14-25(4,29)15-7-16-26(5,30)17-12-23(28)31-20-10-8-19-9-11-22(27)32-21(19)18-20/h8-11,18,29-30H,6-7,12-17H2,1-5H3",NVTQPZNLAMACDI-UHFFFAOYSA-N,АЂЮК
AW-90,АЂЮКЫсA,ferulin A,1440795-26-5,398.49,C24H30O5,,,,,,ЯуЖЙЫи,OC1=CC=C(C(O[C@H](C)[C@]2(CC/C=C(C)/CC/C=C(CO)/C)C)=C2C(O3)=O)C3=C1,"InChI=1S/C24H30O5/c1-15(7-5-8-16(2)14-25)9-6-12-24(4)17(3)28-22-19-11-10-18(26)13-20(19)29-23(27)21(22)24/h8-11,13,17,25-26H,5-7,12,14H2,1-4H3/b15-9+,16-8-/t17-,24-/m1/s1",OVNXQTCCUFIZRX-PSPAOCMRSA-N,АЂЮК
AW-91,АЂЮКЫсB,ferulin B,1440795-29-8,398.49,C24H30O5,,,,,,ЯуЖЙЫи,OC1=CC=C2C(OC(C3=C2OC(C(CC/C=C(C)/CC/C=C(C)/C)(O)C)C3)=O)=C1,"InChI=1S/C24H30O5/c1-15(2)7-5-8-16(3)9-6-12-24(4,27)21-14-19-22(29-21)18-11-10-17(25)13-20(18)28-23(19)26/h7,9-11,13,21,25,27H,5-6,8,12,14H2,1-4H3/b16-9+",RLBCGMGZSAYQBP-CXUHLZMHSA-N,АЂЮК
AW-92,АЂЮКЫсC,ferulin B,1440795-32-3,412.52,C25H32O5,,,,,,ЯуЖЙЫи,O=C1OC2=CC(OC)=CC=C2C3=C1CC(C(CC/C=C(C)/CC/C=C(C)/C)(O)C)O3,"InChI=1S/C25H32O5/c1-16(2)8-6-9-17(3)10-7-13-25(4,27)22-15-20-23(30-22)19-12-11-18(28-5)14-21(19)29-24(20)26/h8,10-12,14,22,27H,6-7,9,13,15H2,1-5H3/b17-10+",JTQFSDBJVLSGFI-LICLKQGHSA-N,АЂЮК
AW-93,пЛрЋпЛТэСжA,fukanefuromarin A,680973-27-7,396.48,C24H28O5,,,,,,ЯуЖЙЫи,OC1=CC=C2C(OC(C3=C2O[C@](C)(CCC/C(C)=C/C(/C=C(C)/C)=O)[C@H]3C)=O)=C1,"InChI=1S/C24H28O5/c1-14(2)11-18(26)12-15(3)7-6-10-24(5)16(4)21-22(29-24)19-9-8-17(25)13-20(19)28-23(21)27/h8-9,11-13,16,25H,6-7,10H2,1-5H3/b15-12+/t16-,24+/m0/s1",NWTCYOAKBSTWBB-RHUXRCPJSA-N,АЂЮК
AW-94,пЛрЋпЛТэСжB,fukanefuromarin B,680973-28-8,396.48,C24H28O5,,,,,,ЯуЖЙЫи,OC1=CC=C2C(OC(C3=C2O[C@](C)(CCC/C(C)=C/C(/C=C(C)/C)=O)[C@@H]3C)=O)=C1,"InChI=1S/C24H28O5/c1-14(2)11-18(26)12-15(3)7-6-10-24(5)16(4)21-22(29-24)19-9-8-17(25)13-20(19)28-23(21)27/h8-9,11-13,16,25H,6-7,10H2,1-5H3/b15-12+/t16-,24-/m1/s1",NWTCYOAKBSTWBB-NDIQIQBTSA-N,АЂЮК
AW-95,пЛрЋпЛТэСжJ,fukanefuromarin J,1609002-86-9,410.46,C24H26O6,,,,,,ЯуЖЙЫи,OC1=CC=C(C(O[C@](C)(CC/C=C(C)/CC2C=C(C)C(O2)=O)[C@H]3C)=C3C(O4)=O)C4=C1,"InChI=1S/C24H26O6/c1-13(10-17-11-14(2)22(26)28-17)6-5-9-24(4)15(3)20-21(30-24)18-8-7-16(25)12-19(18)29-23(20)27/h6-8,11-12,15,17,25H,5,9-10H2,1-4H3/b13-6+/t15-,17?,24+/m0/s1",QZBUJGPGJAQWIM-HASMPENLSA-N,АЂЮК
AW-96,пЛрЋпЛТэСжH,fukanefuromarin H,1609002-84-7,398.49,C24H30O5,,,,,,ЯуЖЙЫи,OC1=CC(OC(C2=C3O[C@](C)(CC/C=C(C)/CC/C=C(C)/CO)[C@H]2C)=O)=C3C=C1,"InChI=1S/C24H30O5/c1-15(7-5-8-16(2)14-25)9-6-12-24(4)17(3)21-22(29-24)19-11-10-18(26)13-20(19)28-23(21)27/h8-11,13,17,25-26H,5-7,12,14H2,1-4H3/b15-9+,16-8+/t17-,24+/m0/s1",CFGLDEBHXZYNQN-XEBRWEDCSA-N,АЂЮК
AW-97,пЛрЋпЛТэСжI,fukanefuromarin I,1609002-85-8,398.49,C24H30O5,,,,,,ЯуЖЙЫи,OC1=CC(OC(C2=C3O[C@](C)(CC/C=C(C)/CC/C=C(C)/CO)[C@@H]2C)=O)=C3C=C1,"InChI=1S/C24H30O5/c1-15(7-5-8-16(2)14-25)9-6-12-24(4)17(3)21-22(29-24)19-11-10-18(26)13-20(19)28-23(21)27/h8-11,13,17,25-26H,5-7,12,14H2,1-4H3/b15-9+,16-8+/t17-,24-/m1/s1",CFGLDEBHXZYNQN-LRKLOTKHSA-N,АЂЮК
AW-98,пЛрЋпЛТэСжM,fukanefuromarin M,1609002-89-2,398.49,C24H30O5,,,,,,ЯуЖЙЫи,O=C(O1)C2=C(O[C@@](C)(CC/C=C(C)/CC/C=C(C)/C)[C@H](C)C2)C3=C1C=C(O)C=C3,"InChI=1S/C25H32O4/c1-16(2)8-6-9-17(3)10-7-13-25(5)18(4)14-21-23(29-25)20-12-11-19(26)15-22(20)28-24(21)27/h8,10-12,15,18,26H,6-7,9,13-14H2,1-5H3/b17-10+/t18-,25+/m1/s1",WGJUKQCLNHUJOK-YCGSUXRVSA-N,АЂЮК
AW-99,actylfekrynol,actylfekrynol,81719-95-1,426.55,C26H34O5,,,,,,ЯуЖЙЫи,C[C@H]([C@@](COC1=CC=C(C=CC(O2)=O)C2=C1)(C)[C@H]/3CCCOC(C)=O)CCC3=C(C)\C,"InChI=1S/C26H34O5/c1-17(2)22-12-8-18(3)26(5,23(22)7-6-14-29-19(4)27)16-30-21-11-9-20-10-13-25(28)31-24(20)15-21/h9-11,13,15,18,23H,6-8,12,14,16H2,1-5H3/t18-,23-,26-/m0/s1",RXZXZUBVBUVUGS-WMDMVVLCSA-N,АЂЮК
AW-100,fekrynol,fekrynol,81719-93-9,384.51,C24H32O4,,,,,,ЯуЖЙЫи,C[C@H]1CC/C([C@H](CCCO)[C@@]1(C)COC2=CC(OC(C=C3)=O)=C3C=C2)=C(C)/C,"InChI=1S/C24H32O4/c1-16(2)20-11-7-17(3)24(4,21(20)6-5-13-25)15-27-19-10-8-18-9-12-23(26)28-22(18)14-19/h8-10,12,14,17,21,25H,5-7,11,13,15H2,1-4H3/t17-,21-,24-/m0/s1",UBXIYMICGONZBE-JBUDQFAYSA-N,АЂЮК
AW-101,Galbanic acid,Galbanic acid,3566-55-0,398.49,C24H30O5,,,,,,ЯуЖЙЫи,C/C(C)=C1CC[C@H](C)[C@@](COC2=CC(OC(C=C3)=O)=C3C=C2)(C)[C@H]\1CCC(O)=O,"InChI=1S/C24H30O5/c1-15(2)19-9-5-16(3)24(4,20(19)10-11-22(25)26)14-28-18-8-6-17-7-12-23(27)29-21(17)13-18/h6-8,12-13,16,20H,5,9-11,14H2,1-4H3,(H,25,26)/t16-,20-,24-/m0/s1",CVWWNYPTZYQCSE-YFBXQHAESA-N,АЂЮК
AW-102,Methyl galbanate,Methyl galbanate,1206911-10-5,412.52,C25H32O5,,,,,,ЯуЖЙЫи,C/C(C)=C1CC[C@H](C)[C@@](COC2=CC(OC(C=C3)=O)=C3C=C2)(C)[C@H]\1CCC(OC)=O,"InChI=1S/C25H32O5/c1-16(2)20-10-6-17(3)25(4,21(20)11-13-23(26)28-5)15-29-19-9-7-18-8-12-24(27)30-22(18)14-19/h7-9,12,14,17,21H,6,10-11,13,15H2,1-5H3/t17-,21-,25-/m0/s1",LWKZASDDSMSRFV-ADSMNUKGSA-N,АЂЮК
AW-103,farnesiferol B,farnesiferol B,54990-68-0,382.49,C24H30O4 ,,,,,,ЯуЖЙЫи,C/C(CC[C@H]1C(CC[C@H](C1(C)C)O)=C)=C\COC2=CC=C3C=CC(OC3=C2)=O,"InChI=1S/C24H30O4/c1-16(5-10-20-17(2)6-11-22(25)24(20,3)4)13-14-27-19-9-7-18-8-12-23(26)28-21(18)15-19/h7-9,12-13,15,20,22,25H,2,5-6,10-11,14H2,1,3-4H3/b16-13+/t20-,22+/m0/s1",XXKXCRGLMFAXTK-ZTKAZNOESA-N,АЂЮК
AW-104,farnesiferol C,farnesiferol C,512-17-4,382.49,C24H30O4,,,,,,ЯуЖЙЫи,O=C1C=CC2=CC=C(OC/C=C(C)/CC[C@H]3[C@](O4)(C)CC[C@]4([H])C3(C)C)C=C2O1,"InChI=1S/C24H30O4/c1-16(5-9-20-23(2,3)21-11-13-24(20,4)28-21)12-14-26-18-8-6-17-7-10-22(25)27-19(17)15-18/h6-8,10,12,15,20-21H,5,9,11,13-14H2,1-4H3/b16-12+/t20-,21-,24+/m1/s1",OCHZHKVSLMBEJP-QYQYHAIPSA-N,АЂЮК
AW-105,ХЃИЪТЖЭЊA, lehmannolone A,1373311-84-2,400.51,C24H32O5,,,,,,ЯуЖЙЫи,OC1CCC(C)(O)C(CC/C(C)=C/COC2=CC(OC(C=C3)=O)=C3C=C2)C1(C)C,"InChI=1S/C24H32O5/c1-16(5-9-20-23(2,3)21(25)11-13-24(20,4)27)12-14-28-18-8-6-17-7-10-22(26)29-19(17)15-18/h6-8,10,12,15,20-21,25,27H,5,9,11,13-14H2,1-4H3/b16-12+",HBYBDKQFQLMBGU-FOWTUZBSSA-N,АЂЮК
AW-106,assafoetidin,assafoetidin,115361-83-6,382.49,C24H30O4,,,,,,ЯуЖЙЫи,OC1CCC(C)=C(CC/C(C)=C/COC2=CC(OC(C=C3)=O)=C3C=C2)C1(C)C,"InChI=1S/C24H30O4/c1-16(5-10-20-17(2)6-11-22(25)24(20,3)4)13-14-27-19-9-7-18-8-12-23(26)28-21(18)15-19/h7-9,12-13,15,22,25H,5-6,10-11,14H2,1-4H3/b16-13+",FDKWXRYTMNZMOF-DTQAZKPQSA-N,АЂЮК
AW-107,asimafoetida,asimafoetida,1198214-83-3,382.49,C24H30O4,,,,,,ЯуЖЙЫи,O[C@H]1CCC([C@@H](C/C=C(C)/CCOC2=CC(OC(C=C3)=O)=C3C=C2)C1(C)C)=C,"InChI=1S/C24H30O4/c1-16(5-10-20-17(2)6-11-22(25)24(20,3)4)13-14-27-19-9-7-18-8-12-23(26)28-21(18)15-19/h5,7-9,12,15,20,22,25H,2,6,10-11,13-14H2,1,3-4H3/b16-5+/t20-,22+/m1/s1",XAVIREWPAKWRMG-YBIAHDMJSA-N,АЂЮК
AW-108,lehmferin,"
lehmferin",81800-58-0,382.49,C24H30O4,,,,,,ЯуЖЙЫи,O[C@@H]1CCC(C)=C(CC/C(C)=C/COC2=CC(OC(C=C3)=O)=C3C=C2)C1(C)C,"InChI=1S/C24H30O4/c1-16(5-10-20-17(2)6-11-22(25)24(20,3)4)13-14-27-19-9-7-18-8-12-23(26)28-21(18)15-19/h7-9,12-13,15,22,25H,5-6,10-11,14H2,1-4H3/b16-13+/t22-/m1/s1",FDKWXRYTMNZMOF-FOYQMUPJSA-N,АЂЮК
AW-109,ЩШвЖЧђЕААзA,flabellilobin A,1235107-31-9,424.53,C26H32O5,,,,,,ЯуЖЙЫи,CC([C@H](OC(C)=O)CC1)(C)[C@@H](CC/C(C)=C/COC2=CC(OC(C=C3)=O)=C3C=C2)C1=C,"InChI=1S/C26H32O5/c1-17(6-11-22-18(2)7-12-24(26(22,4)5)30-19(3)27)14-15-29-21-10-8-20-9-13-25(28)31-23(20)16-21/h8-10,13-14,16,22,24H,2,6-7,11-12,15H2,1,3-5H3/b17-14+/t22-,24+/m0/s1",BSFOFSNZACFCDE-IGSLSKDWSA-N,АЂЮК
AW-110,ЩШвЖЧђЕААзB,flabellilobin B,1235107-32-0,424.53,C26H32O5,,,,,,ЯуЖЙЫи,CC1(C)C(CC/C(C)=C/COC2=CC(OC(C=C3)=O)=C3C=C2)=C(C)CC[C@H]1OC(C)=O,"InChI=1S/C26H32O5/c1-17(6-11-22-18(2)7-12-24(26(22,4)5)30-19(3)27)14-15-29-21-10-8-20-9-13-25(28)31-23(20)16-21/h8-10,13-14,16,24H,6-7,11-12,15H2,1-5H3/b17-14+/t24-/m1/s1",QXOUVHAANZEOMT-CQLKWFSRSA-N,АЂЮК
AW-111,аСЛљШВХЕпјF,Sinkiangenorin F,2024574-73-8,400.51,C24H32O5,,,,,,ЯуЖЙЫи,O[C@@H]1[C@@](C)(O)CC[C@H](CC/C(C)=C/COC2=CC(OC(C=C3)=O)=C3C=C2)C1(C)C,"InChI=1S/C24H32O5/c1-16(5-8-18-11-13-24(4,27)22(26)23(18,2)3)12-14-28-19-9-6-17-7-10-21(25)29-20(17)15-19/h6-7,9-10,12,15,18,22,26-27H,5,8,11,13-14H2,1-4H3/b16-12+/t18-,22-,24-/m0/s1",RXQJPYLFNPQMNP-RSNOSLHSSA-N,АЂЮК
AW-112,8-O-ввѕЃаСЛљШВХЕпјF,8-O-Acetyl sinkiangenorin F,2024571-51-3,442.55,C26H34O6,,,,,,ЯуЖЙЫи,CC1(C)[C@@H](CC/C(C)=C/COC2=CC(OC(C=C3)=O)=C3C=C2)CC[C@](C)(O)[C@H]1OC(C)=O,"InChI=1S/C26H34O6/c1-17(13-15-30-21-10-7-19-8-11-23(28)32-22(19)16-21)6-9-20-12-14-26(5,29)24(25(20,3)4)31-18(2)27/h7-8,10-11,13,16,20,24,29H,6,9,12,14-15H2,1-5H3/b17-13+/t20-,24-,26-/m0/s1",YALTXUQNDNHGAS-FVYJEONZSA-N,АЂЮК
AW-113,asimafoetidnol,"
asimafoetidnol",1356657-10-7,400.51,C24H32O5,,,,,,ЯуЖЙЫи,O[C@H]1CCC(C)(C)[C@@H](CC/C(C)=C/COC2=CC(OC(C=C3)=O)=C3C=C2)C1(C)C,"InChI=1S/C25H34O4/c1-17(6-10-21-24(2,3)14-12-22(26)25(21,4)5)13-15-28-19-9-7-18-8-11-23(27)29-20(18)16-19/h7-9,11,13,16,21-22,26H,6,10,12,14-15H2,1-5H3/b17-13+/t21-,22+/m1/s1",VTABAOUGJPGQJK-UENYVFPPSA-N,АЂЮК
AW-114, badrakemin, badrakemin,28692-02-6,382.49,C24H30O4,,,,,,ЯуЖЙЫи,O[C@@H]1C(C)(C)[C@](CCC([C@H]2COC3=CC(OC(C=C4)=O)=C4C=C3)=C)([H])[C@@]2(C)CC1,"InChI=1S/C24H30O4/c1-15-5-9-20-23(2,3)21(25)11-12-24(20,4)18(15)14-27-17-8-6-16-7-10-22(26)28-19(16)13-17/h6-8,10,13,18,20-21,25H,1,5,9,11-12,14H2,2-4H3/t18-,20-,21+,24+/m1/s1",FCWYNTDTQPCVPG-HWXYTADMSA-N,АЂЮК
AW-115,badrakemin acetate,badrakemin acetate,54019-61-3,424.53,C26H32O5,,,,,,ЯуЖЙЫи,C=C1[C@@H](COC2=CC=C(C=CC(O3)=O)C3=C2)[C@@]4(C)[C@](C(C)(C)[C@@H](OC(C)=O)CC4)(C)CC1,"InChI=1S/C27H34O5/c1-17-11-14-27(6)25(3,4)23(31-18(2)28)12-13-26(27,5)21(17)16-30-20-9-7-19-8-10-24(29)32-22(19)15-20/h7-10,15,21,23H,1,11-14,16H2,2-6H3/t21-,23+,26+,27-/m1/s1",FKTIVUFKTFDYDD-USBINNKZSA-N,АЂЮК
AW-116,"АЭЕТР­ЭЊ
",badrakemone,30358-87-3,380.48,C24H28O4,,,,,,ЯуЖЙЫи,O=C1C(C)(C)[C@](CCC([C@H]2COC3=CC(OC(C=C4)=O)=C4C=C3)=C)([H])[C@@]2(C)CC1,"InChI=1S/C24H28O4/c1-15-5-9-20-23(2,3)21(25)11-12-24(20,4)18(15)14-27-17-8-6-16-7-10-22(26)28-19(16)13-17/h6-8,10,13,18,20H,1,5,9,11-12,14H2,2-4H3/t18-,20-,24+/m1/s1",PJXNPYBRJFKRPB-FPGHNAPASA-N,АЂЮК
AW-117,feshurin,feshurin,72028-38-7,400.51,C24H32O5,,,,,,ЯуЖЙЫи,O[C@@H]1C(C)(C)[C@](CC[C@@](C)(O)[C@H]2COC3=CC(OC(C=C4)=O)=C4C=C3)([H])[C@@]2(C)CC1,"InChI=1S/C24H32O5/c1-22(2)18-9-12-24(4,27)19(23(18,3)11-10-20(22)25)14-28-16-7-5-15-6-8-21(26)29-17(15)13-16/h5-8,13,18-20,25,27H,9-12,14H2,1-4H3/t18-,19+,20+,23-,24-/m1/s1",WNANPKYNOALKIV-OIJOUKJNSA-N,АЂЮК
AW-118, feshurin acetate, feshurin acetate,72028-36-5,442.55,C26H34O6,,,,,,ЯуЖЙЫи,[H][C@]12CC[C@](C)(O)[C@@H](COC3=CC=C(C=CC(O4)=O)C4=C3)[C@]1(C)CC[C@H](OC(C)=O)C2(C)C,"InChI=1S/C26H34O6/c1-16(27)31-22-11-12-25(4)20(24(22,2)3)10-13-26(5,29)21(25)15-30-18-8-6-17-7-9-23(28)32-19(17)14-18/h6-9,14,20-22,29H,10-13,15H2,1-5H3/t20-,21+,22+,25-,26+/m1/s1",RIPKCRCUFJSKKD-AWFZIUMBSA-N,АЂЮК
AW-119,НКд­Ыи,colladonin,100785-98-6,366.49,C24H30O3,,,,,,ЯуЖЙЫи,C[C@]1([C@@H]2CC3=CC(OC(C=C4)=O)=C4C=C3)[C@](C(C)(C)[C@H](O)CC1)([H])CCC2=C,"InChI=1S/C24H30O3/c1-15-5-9-20-23(2,3)21(25)11-12-24(20,4)18(15)13-16-6-7-17-8-10-22(26)27-19(17)14-16/h6-8,10,14,18,20-21,25H,1,5,9,11-13H2,2-4H3/t18-,20-,21-,24+/m1/s1",PSTSRBQMJMQBMV-XLRKYUMYSA-N,АЂЮК
AW-120,ПЩРжЖЈ,coladin,28691-96-5,424.53,C26H32O5,,,,,,ЯуЖЙЫи,[H][C@]([C@]1(C)[C@@H]2COC3=CC=C(C=CC(O4)=O)C4=C3)(C(C)(C)[C@@H](OC(C)=O)CC1)CCC2=C,"InChI=1S/C26H32O5/c1-16-6-10-22-25(3,4)23(30-17(2)27)12-13-26(22,5)20(16)15-29-19-9-7-18-8-11-24(28)31-21(18)14-19/h7-9,11,14,20,22-23H,1,6,10,12-13,15H2,2-5H3/t20-,22-,23+,26+/m1/s1",MNGYOFNIAOWXIT-XQJVOIGCSA-N,АЂЮК
AW-121,3-АБЛљМзбѕєЪЛљ,3-angeloxycoladonin,934714-19-9,464.59,C29H36O5,,,,,,ЯуЖЙЫи,C[C@]1([C@@H]2CC3=CC(OC(C=C4)=O)=C4C=C3)[C@](C(C)(C)[C@H](OC(/C(C)=C\C)=O)CC1)([H])CCC2=C,"InChI=1S/C29H36O4/c1-7-18(2)27(31)33-25-14-15-29(6)22(19(3)8-12-24(29)28(25,4)5)16-20-9-10-21-11-13-26(30)32-23(21)17-20/h7,9-11,13,17,22,24-25H,3,8,12,14-16H2,1-2,4-6H3/b18-7-/t22-,24-,25-,29+/m1/s1",FHSRFYBIKYWWSJ-NNVQQGJISA-N,АЂЮК
AW-122,Isosamarcandin,Isosamarcandin,128443-59-4,482.61,C29H38O6,,,,,,ЯуЖЙЫи,C[C@@]12[C@](C(C)(C)[C@H](OC(/C(C)=C\C)=O)CC2)([H])CC[C@](C)(O)[C@H]1CC3=CC(C=C(CO4)=O)=C4C=C3,"InChI=1S/C29H39O5/c1-7-18(2)26(31)34-25-11-12-28(5)23(27(25,3)4)10-13-29(6,32)24(28)15-19-8-9-22-20(14-19)16-21(30)17-33-22/h7-9,14,16,23-25,32H,10-13,15,17H2,1-6H3/b18-7-/t23-,24+,25-,28-,29+/m1/s1",ZBPZMFGWODCUPK-JEPQKSJSSA-N,АЂЮК
AW-123, samarcandin, samarcandin,28699-16-3,400.51,C24H32O5,,,,,,ЯуЖЙЫи,O[C@@H]1C(C)(C)[C@](CC[C@](C)(O)[C@H]2COC3=CC(OC(C=C4)=O)=C4C=C3)([H])[C@@]2(C)CC1,"InChI=1S/C24H32O5/c1-22(2)18-9-12-24(4,27)19(23(18,3)11-10-20(22)25)14-28-16-7-5-15-6-8-21(26)29-17(15)13-16/h5-8,13,18-20,25,27H,9-12,14H2,1-4H3/t18-,19+,20+,23-,24+/m1/s1",WNANPKYNOALKIV-XJRISUEFSA-N,АЂЮК
AW-124,samarcandin acetate,samarcandin acetate,41682-18-2,442.55,C26H34O6,,,,,,ЯуЖЙЫи,[H][C@@]12CC[C@](O)(C)[C@H](COC3=CC=C(C=CC(O4)=O)C4=C3)[C@@]1(C)CC[C@@H](OC(C)=O)C2(C)C,"InChI=1S/C26H34O6/c1-16(27)31-22-11-12-25(4)20(24(22,2)3)10-13-26(5,29)21(25)15-30-18-8-6-17-7-9-23(28)32-19(17)14-18/h6-9,14,20-22,29H,10-13,15H2,1-5H3/t20-,21+,22+,25-,26+/m0/s1",RIPKCRCUFJSKKD-JXPBMYTPSA-N,АЂЮК
AW-125, samarcandone, samarcandone,28699-17-4,398.49,C24H30O5,,,,,,ЯуЖЙЫи,O=C1C(C)(C)[C@@](CC[C@@](C)(O)[C@@H]2COC3=CC(OC(C=C4)=O)=C4C=C3)([H])[C@]2(C)CC1,"InChI=1S/C24H30O5/c1-22(2)18-9-12-24(4,27)19(23(18,3)11-10-20(22)25)14-28-16-7-5-15-6-8-21(26)29-17(15)13-16/h5-8,13,18-19,27H,9-12,14H2,1-4H3/t18-,19+,23-,24+/m0/s1",KWFSFXRPFGONDD-WJHCDBIXSA-N,АЂЮК
AW-126,"3,9-Di-epi-samarcandin","3,9-Di-epi-samarcandin",1694677-90-1,400.51,C24H32O5,,,,,,ЯуЖЙЫи,O[C@H]1C(C)(C)[C@](CC[C@](C)(O)[C@@H]2COC3=CC(OC(C=C4)=O)=C4C=C3)([H])[C@@]2(C)CC1,"InChI=1S/C24H32O5/c1-22(2)18-9-12-24(4,27)19(23(18,3)11-10-20(22)25)14-28-16-7-5-15-6-8-21(26)29-17(15)13-16/h5-8,13,18-20,25,27H,9-12,14H2,1-4H3/t18-,19-,20-,23-,24+/m1/s1",WNANPKYNOALKIV-JLSQMDRSSA-N,АЂЮК
AW-127,Isosamarcandin,Isosamarcandin,128443-59-4,482.61,C29H38O6,,,,,,ЯуЖЙЫи,C[C@@]12[C@](C(C)(C)[C@H](OC(/C(C)=C\C)=O)CC2)([H])CC[C@](C)(O)[C@H]1CC3=CC(C=CC(O4)=O)=C4C=C3,"InChI=1S/C29H38O5/c1-7-18(2)26(31)34-24-13-14-28(5)22(27(24,3)4)12-15-29(6,32)23(28)17-19-8-10-21-20(16-19)9-11-25(30)33-21/h7-11,16,22-24,32H,12-15,17H2,1-6H3/b18-7-/t22-,23+,24-,28-,29+/m1/s1",XLHUBTRDXCABFV-DJUDWCPCSA-N,АЂЮК
AW-128,isofeterin,isofeterin,923269-15-2,440.53,C26H32O6,,,,,,ЯуЖЙЫи,C=C1C[C@@H](OC(C)=O)[C@@](C(C)(C)[C@@H](C)CC2)(C)[C@]2(C)[C@@H]1COC3=CC=C(C=CC(O4)=O)C4=C3,"InChI=1S/C28H36O5/c1-17-14-24(32-19(3)29)28(7)26(4,5)18(2)12-13-27(28,6)22(17)16-31-21-10-8-20-9-11-25(30)33-23(20)15-21/h8-11,15,18,22,24H,1,12-14,16H2,2-7H3/t18-,22+,24+,27-,28+/m0/s1",PYWVHIQYPOPLKZ-JIHZABNVSA-N,АЂЮК
AW-129,feterin,feterin,67779-55-9,440.53,C26H32O7,,,,,,ЯуЖЙЫи,C=C1C[C@@H](OC(C)=O)[C@](C(C)(C)[C@@H](C)CC2)(C)[C@@]2(C)[C@H]1COC3=CC=C(C=CC(O4)=O)C4=C3,"InChI=1S/C28H36O5/c1-17-14-24(32-19(3)29)28(7)26(4,5)18(2)12-13-27(28,6)22(17)16-31-21-10-8-20-9-11-25(30)33-23(20)15-21/h8-11,15,18,22,24H,1,12-14,16H2,2-7H3/t18-,22-,24+,27+,28-/m0/s1",PYWVHIQYPOPLKZ-NQHPVADOSA-N,АЂЮК
AW-130,assafoetidnolA,assafoetidnolA,403642-10-4,398.49,C24H30O5,,,,,,ЯуЖЙЫи,C[C@@]1([C@H](C)C2)C(C)(C)[C@H](O)CC[C@@]1(C)[C@@H](COC3=CC(OC(C=C4)=O)=C4C=C3)C2=C,"InChI=1S/C26H34O4/c1-16-13-17(2)26(6)24(3,4)22(27)11-12-25(26,5)20(16)15-29-19-9-7-18-8-10-23(28)30-21(18)14-19/h7-10,14,17,20,22,27H,1,11-13,15H2,2-6H3/t17-,20+,22-,25+,26-/m1/s1",NWENBLXJNAPFTE-RZYVFOORSA-N,АЂЮК
AW-131,assafoetidnolB,assafoetidnolB,403642-11-5,456.53,C26H32O7,,,,,,ЯуЖЙЫи,C=C1[C@H](COC2=CC=C(C=CC(O3)=O)C3=C2)[C@@]4(C)[C@](C(C)(C)[C@@H](OC(C)=O)CC4)(C)[C@H](O)[C@H]1O,"InChI=1S/C27H34O7/c1-15-19(14-32-18-9-7-17-8-10-22(29)34-20(17)13-18)26(5)12-11-21(33-16(2)28)25(3,4)27(26,6)24(31)23(15)30/h7-10,13,19,21,23-24,30-31H,1,11-12,14H2,2-6H3/t19-,21-,23-,24+,26-,27+/m0/s1",PMINBTRPILLJDS-CSODHYAJSA-N,АЂЮК
AW-132,farnesiferol A,farnesiferol A,511-33-1,382.49,C24H30O4,,,,,,ЯуЖЙЫи,O=C1C=CC2=C(O1)C=C(OC[C@H]3C(CC[C@]4([H])C(C)(C)[C@H](O)CC[C@@]34C)=C)C=C2,"InChI=1S/C24H30O4/c1-15-5-9-20-23(2,3)21(25)11-12-24(20,4)18(15)14-27-17-8-6-16-7-10-22(26)28-19(16)13-17/h6-8,10,13,18,20-21,25H,1,5,9,11-12,14H2,2-4H3/t18-,20+,21+,24-/m0/s1",FCWYNTDTQPCVPG-WTMJVXIESA-N,АЂЮК
AW-133,НКЕААз,gummosin,51819-92-2,382.49,C24H30O4,,,,,,ЯуЖЙЫи,[H][C@@]1([C@H](C)C2)C(C)(C)[C@@H](O)CC[C@@]1(C)[C@@H](COC3=CC(OC(C=C4)=O)=C4C=C3)C2=C,"InChI=1S/C25H32O4/c1-15-12-16(2)23-24(3,4)21(26)10-11-25(23,5)19(15)14-28-18-8-6-17-7-9-22(27)29-20(17)13-18/h6-9,13,16,19,21,23,26H,1,10-12,14H2,2-5H3/t16-,19+,21+,23-,25+/m1/s1",PBWNYIVHILIGTR-DGABIQNPSA-N,АЂЮК
AW-134,ДзЫсПЈФЊТхДМ, kamolonol acetate,1379609-44-5,440.53,C26H32O6,,,,,,ЯуЖЙЫи,O=C1CC[C@@]2(C)[C@]([C@@H](OC(C)=O)C[C@H](C)[C@]2(C)COC3=CC=C(OC(C=C4)=O)C4=C3)(C)[C@@H]1C,"InChI=1S/C27H34O6/c1-16-13-23(32-18(3)28)27(6)17(2)21(29)11-12-26(27,5)25(16,4)15-31-20-8-9-22-19(14-20)7-10-24(30)33-22/h7-10,14,16-17,23H,11-13,15H2,1-6H3/t16-,17+,23-,25-,26+,27+/m0/s1",NPLGYAJYFOEMDI-KNTGMRQYSA-N,АЂЮК
AW-135,ЗЧШћТхЖћ,feselol,51020-36-1,382.49,C24H30O4,,,,,,ЯуЖЙЫи,[H][C@@]12C(C)(C)[C@H](O)CC[C@@]1(C)[C@H](COC3=CC(OC(C=C4)=O)=C4C=C3)C(C)=CC2,"InChI=1S/C24H30O4/c1-15-5-9-20-23(2,3)21(25)11-12-24(20,4)18(15)14-27-17-8-6-16-7-10-22(26)28-19(16)13-17/h5-8,10,13,18,20-21,25H,9,11-12,14H2,1-4H3/t18-,20-,21-,24+/m1/s1",MCTDXPDDZLFJHR-XLRKYUMYSA-N,АЂЮК
AW-136, conferone, conferone,41743-47-9,380.48,C24H28O4,,,,,,ЯуЖЙЫи,[H][C@@]([C@@]1(C)CC2)(CC=C(C)[C@H]1COC3=CC(OC(C=C4)=O)=C4C=C3)C(C)(C)C2=O,"InChI=1S/C24H28O4/c1-15-5-9-20-23(2,3)21(25)11-12-24(20,4)18(15)14-27-17-8-6-16-7-10-22(26)28-19(16)13-17/h5-8,10,13,18,20H,9,11-12,14H2,1-4H3/t18-,20-,24+/m1/s1",VPAXJOUATWLOPR-FPGHNAPASA-N,АЂЮК
AW-137,"
13-єЧЛљЗЧМзДМ",13-Hydroxyfeselol,934714-18-8,398.49,C24H30O5,,,,,,ЯуЖЙЫи,[H][C@@]12[C@](CO)(C)[C@H](O)CC[C@@]1(C)[C@H](COC3=CC(OC(C=C4)=O)=C4C=C3)C(C)=CC2,"InChI=1S/C24H30O5/c1-15-4-8-20-23(2,11-10-21(26)24(20,3)14-25)18(15)13-28-17-7-5-16-6-9-22(27)29-19(16)12-17/h4-7,9,12,18,20-21,25-26H,8,10-11,13-14H2,1-3H3/t18-,20+,21-,23+,24-/m1/s1",NHFRPJOFIIVAEB-GTTYTOFKSA-N,АЂЮК
AW-138,conferol,conferol,41743-46-8,382.49,C24H30O4,,,,,,ЯуЖЙЫи,[H][C@@]12C(C)(C)[C@@H](O)CC[C@@]1(C)[C@H](COC3=CC(OC(C=C4)=O)=C4C=C3)C(C)=CC2,"InChI=1S/C24H30O4/c1-15-5-9-20-23(2,3)21(25)11-12-24(20,4)18(15)14-27-17-8-6-16-7-10-22(26)28-19(16)13-17/h5-8,10,13,18,20-21,25H,9,11-12,14H2,1-4H3/t18-,20-,21+,24+/m1/s1",MCTDXPDDZLFJHR-HWXYTADMSA-N,АЂЮК
AW-139, lehmferidin, lehmferidin,89827-12-3,380.48,C24H28O4,,,,,,ЯуЖЙЫи,[H][C@]1(C=C2)C(C)(C)[C@H](O)CC[C@]1(C)[C@@H](COC3=CC(OC(C=C4)=O)=C4C=C3)C2=C,"InChI=1S/C24H28O4/c1-15-5-9-20-23(2,3)21(25)11-12-24(20,4)18(15)14-27-17-8-6-16-7-10-22(26)28-19(16)13-17/h5-10,13,18,20-21,25H,1,11-12,14H2,2-4H3/t18-,20-,21+,24+/m0/s1",MUMYUQSSYNRAFL-IKQBDLNTSA-N,АЂЮК
AW-140,farnesiferone A,farnesiferone A,58560-74-0,380.48,C24H28O4,,,,,,ЯуЖЙЫи,[H][C@@]([C@@]1(C)CC2)(CCC([C@@H]1COC3=CC(OC(C=C4)=O)=C4C=C3)=C)C(C)(C)C2=O,"InChI=1S/C24H28O4/c1-15-5-9-20-23(2,3)21(25)11-12-24(20,4)18(15)14-27-17-8-6-16-7-10-22(26)28-19(16)13-17/h6-8,10,13,18,20H,1,5,9,11-12,14H2,2-4H3/t18-,20+,24-/m0/s1",PJXNPYBRJFKRPB-NRYAXDJKSA-N,АЂЮК
AW-141, fnarthexone, fnarthexone,1646293-05-1,378.46,"C24H26O4
",,,,,,ЯуЖЙЫи,[H][C@]([C@]1(C)CC2)(C=CC([C@@H]1COC3=CC(OC(C=C4)=O)=C4C=C3)=C)C(C)(C)C2=O,"InChI=1S/C24H26O4/c1-15-5-9-20-23(2,3)21(25)11-12-24(20,4)18(15)14-27-17-8-6-16-7-10-22(26)28-19(16)13-17/h5-10,13,18,20H,1,11-12,14H2,2-4H3/t18-,20-,24+/m0/s1",XGQPCBYDVVIEFY-VAXXYWNWSA-N,АЂЮК
AW-142, epi-Conferdione, epi-Conferdione,950600-96-1,394.46,C24H26O5,,,,,,ЯуЖЙЫи,[H][C@@]([C@@]1(C)CC2)(C(C=C(C)[C@H]1COC3=CC(OC(C=C4)=O)=C4C=C3)=O)C(C)(C)C2=O,"InChI=1S/C24H26O5/c1-14-11-18(25)22-23(2,3)20(26)9-10-24(22,4)17(14)13-28-16-7-5-15-6-8-21(27)29-19(15)12-16/h5-8,11-12,17,22H,9-10,13H2,1-4H3/t17-,22-,24+/m1/s1",DXVHSOMRFHJYQX-BSDZUQITSA-N,АЂЮК
AW-143,РћЙХАиЫиA,Ligupersin A,134847-58-8,396.48,C24H28O5,,,,,,ЯуЖЙЫи,[H][C@@]12C(C)(C)[C@H](O)CC[C@@]1(C)[C@H](COC3=CC(OC(C=C4)=O)=C4C=C3)C(C)=CC2=O,"InChI=1S/C24H28O5/c1-14-11-18(25)22-23(2,3)20(26)9-10-24(22,4)17(14)13-28-16-7-5-15-6-8-21(27)29-19(15)12-16/h5-8,11-12,17,20,22,26H,9-10,13H2,1-4H3/t17-,20-,22-,24+/m1/s1",HIQLOIOGTRDMIW-QSOCRCLWSA-N,АЂЮК
AW-144,szowitsiacoumarinA,szowitsiacoumarin A,932392-13-7,382.49,C24H30O4,,,,,,ЯуЖЙЫи,O=C1CC[C@@]2([H])[C@](CC[C@H](C)[C@]2(C)COC3=CC=C(OC(C=C4)=O)C4=C3)(C)[C@@H]1C,"InChI=1S/C24H30O4/c1-15-11-12-23(3)16(2)19(25)7-9-21(23)24(15,4)14-27-18-6-8-20-17(13-18)5-10-22(26)28-20/h5-6,8,10,13,15-16,21H,7,9,11-12,14H2,1-4H3/t15-,16+,21-,23-,24-/m0/s1",RYQHLIDRNGSJDF-URVVQCBASA-N,АЂЮК
AW-145,szowitsiacoumarin B,szowitsiacoumarin B,932392-14-8,382.49,C24H30O4,,,,,,ЯуЖЙЫи,C[C@]1(COC2=CC(OC(C=C3)=O)=C3C=C2)[C@@](CC[C@H](O)C4(C)C)([H])C4=CCC1,"InChI=1S/C23H28O4/c1-22(2)17-5-4-12-23(3,18(17)9-10-20(22)24)14-26-16-8-6-15-7-11-21(25)27-19(15)13-16/h5-8,11,13,18,20,24H,4,9-10,12,14H2,1-3H3/t18-,20+,23+/m1/s1",QUYRLEHRQVXVNW-RFWXGWTQSA-N,АЂЮК
AW-146,ХЃИЪТЖЭЊ, lehmannolone ,166940-30-3,382.49,C24H30O4,,,,,,ЯуЖЙЫи,C[C@]1(COC2=CC=C(OC(C=C3)=O)C3=C2)[C@@H](C)CC[C@]4(C)[C@]1([H])CCC([C@H]4C)=O,"InChI=1S/C24H30O4/c1-15-11-12-23(3)16(2)19(25)7-9-21(23)24(15,4)14-27-18-6-8-20-17(13-18)5-10-22(26)28-20/h5-6,8,10,13,15-16,21H,7,9,11-12,14H2,1-4H3/t15-,16+,21-,23-,24-/m0/s1",RYQHLIDRNGSJDF-URVVQCBASA-N,АЂЮК
AW-147,lehmannolol,lehmannolol,923269-17-4,384.51,C24H32O4,,,,,,ЯуЖЙЫи,C[C@]1(COC2=CC(OC(C=C3)=O)=C3C=C2)[C@@H](C)CC[C@]4(C)[C@]1([H])CC[C@H](O)[C@H]4C,"InChI=1S/C24H32O4/c1-15-11-12-23(3)16(2)19(25)8-9-21(23)24(15,4)14-27-18-7-5-17-6-10-22(26)28-20(17)13-18/h5-7,10,13,15-16,19,21,25H,8-9,11-12,14H2,1-4H3/t15-,16+,19-,21-,23-,24-/m0/s1",VZHMLYJMPGDZPE-IKZGVGPJSA-N,АЂЮК
AW-148,Isosamarcandin,Isosamarcandin,128443-59-4,482.61,C29H38O6,,,,,,ЯуЖЙЫи,C[C@@]1(O)[C@@H](COC2=CC=C(C=CC(O3)=O)C3=C2)[C@@]4(C)[C@](C(C)(C)[C@H](OC(/C(C)=C\C)=O)CC4)([H])CC1,"InChI=1S/C29H38O6/c1-7-18(2)26(31)35-24-13-14-28(5)22(27(24,3)4)12-15-29(6,32)23(28)17-33-20-10-8-19-9-11-25(30)34-21(19)16-20/h7-11,16,22-24,32H,12-15,17H2,1-6H3/b18-7-/t22-,23+,24-,28-,29+/m1/s1",UFPQYBAJCMMCRR-DJUDWCPCSA-N,АЂЮК
AW-149, ferusinol, ferusinol,955951-12-9,382.49,C24H30O4,,,,,,ЯуЖЙЫи,CC([C@H]1CC[C@@]2(C)[C@@]1(C)C[C@H](O)[C@@H](C)[C@H]2COC3=CC(OC(C=C4)=O)=C4C=C3)=C,"InChI=1S/C25H32O4/c1-15(2)19-10-11-24(4)20(16(3)21(26)13-25(19,24)5)14-28-18-8-6-17-7-9-23(27)29-22(17)12-18/h6-9,12,16,19-21,26H,1,10-11,13-14H2,2-5H3/t16-,19+,20+,21-,24+,25-/m0/s1",SBYSSMRIHFAJBG-IXDUWVIVSA-N,АЂЮК
AW-150, fesumtuorin C, fesumtuorin C,267009-29-0,590.58,C32H30O11,,,,,,ЯуЖЙЫи,O=C1OC2=C(C=C(C=CO3)C3=C2OC[C@H](C(C)(O)C)OC(C)(C)[C@H](O)COC4=C(C=CO5)C5=CC(O6)=C4C=CC6=O)C=C1,"InChI=1S/C32H30O11/c1-31(2,36)24(16-40-30-27-18(9-11-38-27)13-17-5-7-26(35)42-28(17)30)43-32(3,4)23(33)15-39-29-19-6-8-25(34)41-22(19)14-21-20(29)10-12-37-21/h5-14,23-24,33,36H,15-16H2,1-4H3/t23-,24-/m1/s1",IIVLKXAGPYYIDA-DNQXCXABSA-N,АЂЮК
AW-151, fesumtuorin D, fesumtuorin D,267009-30-3,572.56,C32H28O10,,,,,,ЯуЖЙЫи,O=C(O1)C=CC(C1=C2OC[C@H]3O[C@@]4(C=CC(C=C(C=CO5)C5=C6OCC7OC7(C)C)=C6O4)OC3(C)C)=CC8=C2OC=C8,"InChI=1S/C32H28O10/c1-30(2)21(39-30)15-37-29-25-20(9-12-35-25)14-18-7-10-32(41-27(18)29)40-22(31(3,4)42-32)16-36-28-24-19(8-11-34-24)13-17-5-6-23(33)38-26(17)28/h5-14,21-22H,15-16H2,1-4H3/t21?,22-,32-/m1/s1",DGFLEVFPESLTBR-SGEDKOCUSA-N,АЂЮК
AW-152, fesumtuorin E, fesumtuorin E,267009-31-4,572.56,C32H28O10,,,,,,ЯуЖЙЫи,O=C(O1)C=CC(C1=C2OC[C@H]3O[C@@]4(C=CC(C=C(C=CO5)C5=C6OCC7OC7(C)C)=C6O4)OC3(C)C)=CC8=C2OC=C8,"InChI=1S/C32H28O10/c1-30(2)21(39-30)15-37-29-25-20(9-12-35-25)14-18-7-10-32(41-27(18)29)40-22(31(3,4)42-32)16-36-28-24-19(8-11-34-24)13-17-5-6-23(33)38-26(17)28/h5-14,21-22H,15-16H2,1-4H3/t21?,22-,32-/m1/s1",DGFLEVFPESLTBR-SGEDKOCUSA-N,АЂЮК
AW-153, fesumtuorin F, fesumtuorin F,267009-32-5,590.58,C32H30O11,,,,,,ЯуЖЙЫи,O=C(C=C1)OC2=C1C(OC[C@H]3OC4(C=CC(C(OCC(C(C)(O)C)O)=C(C=CO5)C5=C6)=C6O4)OC3(C)C)=C(C=CO7)C7=C2,"InChI=1S/C32H30O11/c1-30(2,35)25(33)15-38-29-18-7-10-32(41-24(18)14-22-20(29)9-12-37-22)42-26(31(3,4)43-32)16-39-28-17-5-6-27(34)40-23(17)13-21-19(28)8-11-36-21/h5-14,25-26,33,35H,15-16H2,1-4H3/t25?,26-,32?/m1/s1",JYGBUNBAQUBPQH-AIUDSOIUSA-N,АЂЮК
AW-154, fesumtuorin G, fesumtuorin G,267009-33-6,590.58,C32H30O11,,,,,,ЯуЖЙЫи,O=C(C=C1)OC2=C1C(OC[C@H]3O[C@@]4(C=CC(C(OCC(C(C)(O)C)O)=C(C=CO5)C5=C6)=C6O4)OC3(C)C)=C(C=CO7)C7=C2,"InChI=1S/C32H30O11/c1-30(2,35)25(33)15-38-29-18-7-10-32(41-24(18)14-22-20(29)9-12-37-22)42-26(31(3,4)43-32)16-39-28-17-5-6-27(34)40-23(17)13-21-19(28)8-11-36-21/h5-14,25-26,33,35H,15-16H2,1-4H3/t25?,26-,32+/m1/s1",JYGBUNBAQUBPQH-GRJQUGLMSA-N,АЂЮК
AW-155, fesumtuorin H, fesumtuorin H,267009-34-7,572.56,C32H28O10,,,,,,ЯуЖЙЫи,O=C(C=C1)OC2=C1C(OC[C@H]3O[C@@]4(C=CC(C(OCC5CC5(C)C)=C(C=CO6)C6=C7)=C7O4)OC3(C)C)=C(C=CO8)C8=C2,"InChI=1S/C33H30O9/c1-31(2)15-18(31)16-37-30-20-7-10-33(40-26(20)14-24-22(30)9-12-36-24)41-27(32(3,4)42-33)17-38-29-19-5-6-28(34)39-25(19)13-23-21(29)8-11-35-23/h5-14,18,27H,15-17H2,1-4H3/t18?,27-,33+/m1/s1",MXGKPIWYQNRMMA-HKVWSNGMSA-N,АЂЮК
AW-156,Rivulobirin D ,Rivulobirin D,208997-58-4,590.58,C32H30O11,,,,,,ЯуЖЙЫи,O=C(O1)C=CC2=C1C(OC[C@@H]3O[C@@]4(C=CC5=CC(C=CO6)=C6C(OC[C@H](C(C)(O)C)C)=C5O4)OC3(C)C)=C7C(C=CO7)=C2,"InChI=1S/C33H32O10/c1-18(31(2,3)35)16-38-30-26-22(10-13-37-26)15-20-8-11-33(42-28(20)30)41-23(32(4,5)43-33)17-39-29-25-21(9-12-36-25)14-19-6-7-24(34)40-27(19)29/h6-15,18,23,35H,16-17H2,1-5H3/t18-,23+,33-/m1/s1",DVPQHTLKGMOMLR-VZMZRBJOSA-N,АЂЮК
AW-157,Candibirin B,Candibirin B,1160701-07-4,572.56,C32H28O10,,,,,,ЯуЖЙЫи,O=C(O1)C=CC2=C1C(OC[C@H]3O[C@]4(C=CC5=CC(C=CO6)=C6C(OCC7OC7(C)C)=C5O4)OC3(C)C)=C8C(C=CO8)=C2,"InChI=1S/C32H28O10/c1-30(2)21(39-30)15-37-29-25-20(9-12-35-25)14-18-7-10-32(41-27(18)29)40-22(31(3,4)42-32)16-36-28-24-19(8-11-34-24)13-17-5-6-23(33)38-26(17)28/h5-14,21-22H,15-16H2,1-4H3/t21?,22-,32+/m1/s1",DGFLEVFPESLTBR-SZFQHMNXSA-N,АЂЮК
AW-158,Candibirin E,Candibirin E,267009-35-8,556.56,C32H28O9,,,,,,ЯуЖЙЫи,O=C(C=C1)OC2=C1C=C(C=CO3)C3=C2OC[C@H]4C(C)(C)O[C@@]5(OC6=C(OC/C=C(C)/C)C(OC=C7)=C7C=C6C=C5)O4,"InChI=1S/C32H28O9/c1-18(2)8-12-36-30-26-22(10-14-35-26)16-20-7-11-32(40-28(20)30)39-23(31(3,4)41-32)17-37-29-25-21(9-13-34-25)15-19-5-6-24(33)38-27(19)29/h5-11,13-16,23H,12,17H2,1-4H3/t23-,32+/m0/s1",QXTLFIIWXJPGQM-JPQMRUPTSA-N,АЂЮК
AW-159,Sinkiangenorin C,Sinkiangenorin C,1799681-30-3,338.35,C14H26O9,,,,,,ЗгЫсРр,O[C@H]1[C@H](O)[C@@H](CO)O[C@@H](OC(C)(CC(C(C)O)C(O)=O)C)[C@@H]1O,"InChI=1S/C14H26O9/c1-6(16)7(12(20)21)4-14(2,3)23-13-11(19)10(18)9(17)8(5-15)22-13/h6-11,13,15-19H,4-5H2,1-3H3,(H,20,21)/t6?,7?,8-,9-,10+,11-,13+/m1/s1",HTLDFPOUYRODSD-URSXKHCYSA-N,АЂЮК
AW-160,Verbenone-5-O-ІТ-D-пСрЋЦЯЬбЬЧЬЧме,Verbenone-5-O-ІТ-D-glucopyranoside,349545-15-9,328.36,C16H24O7,,,,,,ЬЧмеРр,O[C@H]1[C@H](OC2(C3)C(C)=CC(C3([H])C2(C)C)=O)O[C@H](CO)[C@@H](O)[C@@H]1O,"InChI=1S/C16H24O7/c1-7-4-9(18)8-5-16(7,15(8,2)3)23-14-13(21)12(20)11(19)10(6-17)22-14/h4,8,10-14,17,19-21H,5-6H2,1-3H3/t8?,10-,11-,12+,13-,14+,16?/m1/s1",PDHCNSSWSKXMDC-LCAPFYFTSA-N,АЂЮК
AW-161, persicaoside A, persicaoside A,1005197-32-9,724.79,C36H52O15,,,,,,ЯуЖЙЫи,O[C@@H]([C@H](O)[C@@H](CO)O[C@H]1O[C@@H]2CC[C@]([C@@H](COC3=CC=C(C=CC(O4)=O)C4=C3)[C@](C)(O)CC5)(C)[C@@]5([H])C2(C)C)[C@H]1O[C@@H]6O[C@H](CO)[C@@H](O)[C@H](O)[C@H]6O,"InChI=1S/C36H52O15/c1-34(2)22-9-12-36(4,45)23(16-46-18-7-5-17-6-8-25(39)47-19(17)13-18)35(22,3)11-10-24(34)50-33-31(29(43)27(41)21(15-38)49-33)51-32-30(44)28(42)26(40)20(14-37)48-32/h5-8,13,20-24,26-33,37-38,40-45H,9-12,14-16H2,1-4H3/t20-,21-,22-,23-,24-,26-,27-,28+,29+,30-,31-,32+,33+,35-,36-/m1/s1",OFLXEMCIQLXHKB-HKPFAVOZSA-N,АЂЮК
AW-162, persicaoside B, persicaoside B,1005197-34-1,692.75,C35H48O14,,,,,,ЯуЖЙЫи,O=C1C=CC2=C(C=C(OC[C@@H]3C(C[C@H](O)[C@@]4([H])[C@@]3(C)CC[C@@H](O[C@@H]5O[C@H](CO[C@H]6[C@H](O)[C@@](O)(CO)CO6)[C@@H](O)[C@H](O)[C@H]5O)C4(C)C)=C)C=C2)O1,"InChI=1S/C35H48O14/c1-17-11-21(37)29-33(2,3)24(9-10-34(29,4)20(17)13-44-19-7-5-18-6-8-25(38)47-22(18)12-19)49-31-28(41)27(40)26(39)23(48-31)14-45-32-30(42)35(43,15-36)16-46-32/h5-8,12,20-21,23-24,26-32,36-37,39-43H,1,9-11,13-16H2,2-4H3/t20-,21+,23-,24-,26-,27+,28-,29-,30+,31+,32-,34+,35-/m1/s1",VOUHCFIAAIDHES-DUBSNQBFSA-N,АЂЮК
AW-163, persicaoside C, persicaoside C,1005197-36-3,724.79,C36H52O15,,,,,,ЯуЖЙЫи,O[C@H]1[C@H](OC[C@H]2O[C@@H](OC(C)(C(O)CC/C(C)=C/CC/C(C)=C/COC3=CC=C(C=CC(O4)=O)C4=C3)C)[C@H](O)[C@@H](O)[C@@H]2O)C[C@H](CO)[C@@H](O)[C@@H]1O,"InChI=1S/C37H54O14/c1-20(6-5-7-21(2)14-15-47-24-11-9-22-10-13-29(40)49-25(22)17-24)8-12-28(39)37(3,4)51-36-35(46)34(45)32(43)27(50-36)19-48-26-16-23(18-38)30(41)33(44)31(26)42/h6,9-11,13-14,17,23,26-28,30-36,38-39,41-46H,5,7-8,12,15-16,18-19H2,1-4H3/b20-6+,21-14+/t23-,26-,27-,28?,30-,31+,32-,33+,34+,35-,36+/m1/s1",OXTXYYILVWEPSD-OGXJMJQISA-N,АЂЮК
AW-164, persicaoside D, persicaoside D,1005197-38-5,886.93,C42H62O20,,,,,,ЯуЖЙЫи,O[C@H]1[C@H](O)[C@@H](CO)O[C@@H](OC[C@@H]2[C@@H](O)[C@H](O)[C@@H](O)[C@H](OC(C(O[C@H]3[C@H](O)[C@@H](O)[C@H](O)[C@@H](CO)O3)(C)C)CC/C(C)=C/CC/C(C)=C/COC4=CC(OC(C=C5)=O)=C5C=C4)O2)[C@@H]1O,"InChI=1S/C42H62O20/c1-20(6-5-7-21(2)14-15-55-23-11-9-22-10-13-29(45)57-24(22)16-23)8-12-28(42(3,4)62-41-38(54)34(50)31(47)26(18-44)59-41)61-40-37(53)35(51)32(48)27(60-40)19-56-39-36(52)33(49)30(46)25(17-43)58-39/h6,9-11,13-14,16,25-28,30-41,43-44,46-54H,5,7-8,12,15,17-19H2,1-4H3/b20-6+,21-14+/t25-,26-,27-,28?,30-,31-,32-,33+,34+,35+,36-,37-,38-,39-,40+,41+/m1/s1",ISTYTNPHELVUES-ZCHRFIAVSA-N,АЂЮК
AW-165,ЙХФЊме A,Gumoside A,1255709-87-5,692.75,C35H48O14,,,,,,ЯуЖЙЫи,C[C@]12[C@@]([C@H](O[C@H]3[C@H](O)[C@@H](O)[C@H](O)[C@@H](CO[C@H]4[C@H](O)[C@@](O)(CO)CO4)O3)CC([C@H]2COC5=CC(OC(C=C6)=O)=C6C=C5)=C)([H])C(C)(C)[C@H](O)CC1,"InChI=1S/C35H48O14/c1-17-11-22(48-31-28(41)27(40)26(39)23(49-31)14-45-32-30(42)35(43,15-36)16-46-32)29-33(2,3)24(37)9-10-34(29,4)20(17)13-44-19-7-5-18-6-8-25(38)47-21(18)12-19/h5-8,12,20,22-24,26-32,36-37,39-43H,1,9-11,13-16H2,2-4H3/t20-,22-,23-,24-,26-,27+,28-,29-,30+,31-,32-,34+,35-/m1/s1",NYTFNIAPHAVHOA-ORYSZERHSA-N,АЂЮК
AW-166,ЙХФЊме B,Gumoside B,1255709-88-6,560.63,C30H40O10,,,,,,ЯуЖЙЫи,O[C@@H]1[C@@H](O[C@H]2[C@@](C(C)(C)[C@@H](O)CC3)(C)[C@]3(C)[C@H](COC4=CC=C(C=CC(O5)=O)C5=C4)C(C2)=C)[C@H](O)[C@@H](O)[C@H](O)[C@H]1CO,"InChI=1S/C32H44O10/c1-16-12-23(42-29-26(37)19(14-33)25(36)27(38)28(29)39)32(5)30(2,3)22(34)10-11-31(32,4)20(16)15-40-18-8-6-17-7-9-24(35)41-21(17)13-18/h6-9,13,19-20,22-23,25-29,33-34,36-39H,1,10-12,14-15H2,2-5H3/t19-,20-,22+,23-,25-,26+,27+,28-,29-,31+,32-/m1/s1",KTAJHZRIPABMEK-WHNIIRMNSA-N,АЂЮК
AW-167, cauferoside, cauferoside,72994-94-6,560.63,C30H40O10,,,,,,ЯуЖЙЫи,O[C@@H]1[C@@H](O[C@@H]2[C@](C(C)(C)[C@@H](O)CC3)([H])[C@@]3(C)[C@@H](COC4=CC=C(C=CC(O5)=O)C5=C4)C(C2)=C)[C@H](O)[C@@H](O)[C@H](O)[C@H]1CO,"InChI=1S/C31H42O10/c1-15-11-21(41-28-25(36)18(13-32)24(35)26(37)27(28)38)29-30(2,3)22(33)9-10-31(29,4)19(15)14-39-17-7-5-16-6-8-23(34)40-20(16)12-17/h5-8,12,18-19,21-22,24-29,32-33,35-38H,1,9-11,13-14H2,2-4H3/t18-,19+,21+,22+,24-,25+,26+,27-,28-,29+,31-/m1/s1",CUMXYIIQELDTHQ-WYWQZNKRSA-N,АЂЮК
AW-168,conferoside,conferoside,72994-93-5,558.62,C30H38O10,,,,,,ЯуЖЙЫи,O[C@@H]1[C@@H](O[C@@H]2[C@](C(C)(C)C(CC3)=O)([H])[C@@]3(C)[C@@H](COC4=CC=C(C=CC(O5)=O)C5=C4)C(C)=C2)[C@H](O)[C@@H](O)[C@H](O)[C@H]1CO,"InChI=1S/C31H40O10/c1-15-11-21(41-28-25(36)18(13-32)24(35)26(37)27(28)38)29-30(2,3)22(33)9-10-31(29,4)19(15)14-39-17-7-5-16-6-8-23(34)40-20(16)12-17/h5-8,11-12,18-19,21,24-29,32,35-38H,9-10,13-14H2,1-4H3/t18-,19+,21+,24-,25+,26+,27-,28-,29+,31-/m1/s1",VAOQZPWVAQTWTK-UGUNQCMTSA-N,АЂЮК
AW-169,ЩГТодэме X,sandrosaponin  X,303953-50-6,957.11,C48H76O19,,,,,,ЗгЫсРр,CC1(C)CC[C@@]2(C(O)=O)[C@@](C3=CC[C@@]([C@](CC[C@H](O[C@@H]4O[C@H](C(O)=O)[C@@H](O)[C@H](C)[C@H]4O[C@@H]5C[C@H](CO)[C@H](O)[C@H](O)[C@H]5O[C@@H]6O[C@H](CO)[C@@H](O)[C@H](O)[C@H]6O)C7([H]C)C)(C)C7CC8)([H])[C@]8(C9)[C@]39CC2)([H])C1,"InChI=1S/C49H77O17/c1-22-31(52)39(40(58)59)66-42(37(22)62-26-17-23(19-50)32(53)35(56)38(26)65-41-36(57)34(55)33(54)27(20-51)63-41)64-30-10-11-45(4)28(46(30,5)67-6)9-12-49-21-48(49)16-15-47(43(60)61)14-13-44(2,3)18-25(47)24(48)7-8-29(45)49/h7,22-23,25-39,41-42,50-57H,8-21H2,1-6H3,(H,58,59)(H,60,61)/t22-,23+,25-,26+,27+,28?,29+,30-,31-,32-,33+,34-,35-,36+,37+,38-,39-,41-,42+,45-,46?,47-,48-,49-/m0/s1",RHCIKFDQMNXYFU-WDMABTRISA-N,АЂЮК
AW-170,ЩГТодэме  IX,sandrosaponin IX,303953-07-3,1119.25,C54H86O24,,,,,,Ш§нЦРр,OC([C@H]1O[C@@H](O[C@@H]2C(C)(C)[C@@](CC[C@]3(C)[C@]4([H])CC=C5[C@@]3(C)CC[C@]6(C(O[C@@H]7O[C@H](CO)[C@@H](O)[C@H](O)[C@H]7O)=O)[C@@]5([H])CC(C)(C)CC6)([H])[C@]4(C)CC2)[C@H](O[C@@H]8O[C@H](CO)[C@H](O)[C@H](O)[C@H]8O[C@@H]9O[C@H](CO)[C@@H](O)[C@H](O)[C@H]9O)[C@@H](O)[C@@H]1O)=O,"InChI=1S/C54H86O24/c1-49(2)14-16-54(48(70)78-45-39(67)34(62)31(59)25(20-56)72-45)17-15-52(6)22(23(54)18-49)8-9-28-51(5)12-11-29(50(3,4)27(51)10-13-53(28,52)7)74-47-42(37(65)36(64)40(75-47)43(68)69)77-46-41(35(63)32(60)26(21-57)73-46)76-44-38(66)33(61)30(58)24(19-55)71-44/h8,23-42,44-47,55-67H,9-21H2,1-7H3,(H,68,69)/t23-,24+,25+,26+,27-,28+,29-,30+,31+,32-,33-,34-,35-,36-,37-,38+,39+,40-,41+,42+,44-,45-,46-,47+,51-,52+,53+,54-/m0/s1",DACDCHOMOSFBCD-UKAZORFASA-N,АЂЮК
AW-171,ЩГТодэме  XI, sandrosaponin XI,1402045-26-4,1133.27,C55H88O24,,,,,,Ш§нЦРр,O=C(OC)[C@H]1O[C@@H](O[C@@H]2C(C)(C)[C@@](CC[C@]3(C)[C@]4([H])CC=C5[C@@]3(C)CC[C@]6(C(O[C@@H]7O[C@H](CO)[C@@H](O)[C@H](O)[C@H]7O)=O)[C@@]5([H])CC(C)(C)CC6)([H])[C@]4(C)CC2)[C@H](O[C@@H]8O[C@H](CO)[C@H](O)[C@H](O)[C@H]8O[C@@H]9O[C@H](CO)[C@@H](O)[C@H](O)[C@H]9O)[C@@H](O)[C@@H]1O,"InChI=1S/C55H88O24/c1-50(2)15-17-55(49(70)79-46-40(68)35(63)32(60)26(21-57)73-46)18-16-53(6)23(24(55)19-50)9-10-29-52(5)13-12-30(51(3,4)28(52)11-14-54(29,53)7)75-48-43(38(66)37(65)41(76-48)44(69)71-8)78-47-42(36(64)33(61)27(22-58)74-47)77-45-39(67)34(62)31(59)25(20-56)72-45/h9,24-43,45-48,56-68H,10-22H2,1-8H3/t24-,25+,26+,27+,28-,29+,30-,31+,32+,33-,34-,35-,36-,37-,38-,39+,40+,41-,42+,43+,45-,46-,47-,48+,52-,53+,54+,55-/m0/s1",HKZBITUPSARTTA-ZBHRMGMXSA-N,АЂЮК
AW-172,Diversolide A,Diversolide A,33439-66-6,442.5,C25H30O7,,,,,,БЖАынЦРр,CC1=CC(C2=C(C)C[C@H](OC(/C(C)=C\C)=O)[C@]([C@@](OC(/C(C)=C\C)=O)(C)C(O3)=O)([H])[C@]3([H])[C@@]21[H])=O,"InChI=1S/C25H30O7/c1-8-12(3)22(27)30-17-11-15(6)18-16(26)10-14(5)19(18)21-20(17)25(7,24(29)31-21)32-23(28)13(4)9-2/h8-10,17,19-21H,11H2,1-7H3/b12-8-,13-9-/t17-,19+,20+,21-,25-/m0/s1",SRYAYZOSNMNVNQ-ZYZJRFADSA-N,АЂЮК
AW-173,Diversolide B,Diversolide B,1095060-79-9,442.5,C25H30O7,,,,,,БЖАынЦРр,CC1=CC(C2=C(C)C[C@H](OC(/C(C)=C\C)=O)[C@]([C@@](OC(/C=C(C)\C)=O)(C)C(O3)=O)([H])[C@]3([H])[C@@]21[H])=O,"InChI=1S/C25H30O7/c1-8-13(4)23(28)30-17-11-15(6)19-16(26)10-14(5)20(19)22-21(17)25(7,24(29)31-22)32-18(27)9-12(2)3/h8-10,17,20-22H,11H2,1-7H3/b13-8-/t17-,20+,21+,22-,25-/m0/s1",SDQGXNQDYJJFFE-NXVPVDKWSA-N,АЂЮК
AW-174,Diversolide C,Diversolide C,73010-66-9,464.51,C27H28O7,,,,,,БЖАынЦРр,O=C1O[C@@]2([H])[C@@]3([H])C(C(C=C3C)=O)=C(C)C[C@H](OC(C4=CC=CC=C4)=O)[C@@]2([H])[C@@]1(OC(/C=C(C)/C)=O)C,"InChI=1S/C27H28O7/c1-14(2)11-20(29)34-27(5)23-19(32-25(30)17-9-7-6-8-10-17)13-16(4)21-18(28)12-15(3)22(21)24(23)33-26(27)31/h6-12,19,22-24H,13H2,1-5H3/t19-,22+,23+,24-,27-/m0/s1",ATFDRUGGJJIGEW-HETHRKJOSA-N,АЂЮК
AW-175,Diversolide D,Diversolide D,70476-07-2,424.44,C24H24O7,,,,,,БЖАынЦРр,O=C1[C@](OC(C)=O)(C)[C@]2(C)[C@@H](OC(C3=CC=CC=C3)=O)CC(C)=C4[C@](C(C)=CC4=O)([H])[C@]2([H])O1,"InChI=1S/C25H26O7/c1-13-11-17(27)19-14(2)12-18(30-22(28)16-9-7-6-8-10-16)24(4)21(20(13)19)31-23(29)25(24,5)32-15(3)26/h6-11,18,20-21H,12H2,1-5H3/t18-,20+,21-,24+,25+/m0/s1",PKSYOHCKTSGGFG-CULVCEOYSA-N,АЂЮК
AW-176,Diversolide E,Diversolide E,76487-92-8,524.56,C29H32O9,,,,,,БЖАынЦРр,O=C1[C@](OC(/C(C)=C\C)=O)(C)[C@]2([H])[C@@H](OC(C3=CC(OC)=C(OC)C=C3)=O)CC(C)=C4[C@](C(C)=CC4=O)([H])[C@]2([H])O1,"InChI=1S/C29H32O9/c1-8-14(2)26(31)38-29(5)24-21(36-27(32)17-9-10-19(34-6)20(13-17)35-7)12-16(4)22-18(30)11-15(3)23(22)25(24)37-28(29)33/h8-11,13,21,23-25H,12H2,1-7H3/b14-8-/t21-,23+,24+,25-,29-/m0/s1",UIJZXHZBUHQMMR-XWPJAPBASA-N,АЂЮК
AW-177,Diversolide F,Diversolide F,68218-73-5,524.56,C29H32O9,,,,,,БЖАынЦРр,O=C1[C@](OC(/C=C(C)\C)=O)(C)[C@]2([H])[C@@H](OC(C3=CC(OC)=C(OC)C=C3)=O)CC(C)=C4[C@](C(C)=CC4=O)([H])[C@]2([H])O1,"InChI=1S/C29H32O9/c1-14(2)10-22(31)38-29(5)25-21(36-27(32)17-8-9-19(34-6)20(13-17)35-7)12-16(4)23-18(30)11-15(3)24(23)26(25)37-28(29)33/h8-11,13,21,24-26H,12H2,1-7H3/t21-,24+,25+,26-,29-/m0/s1",REYNGRMDLJMCID-BBFXAVQYSA-N,АЂЮК
AW-178,Diversolide G,Diversolide G,68392-60-9,484.5,C26H28O9,,,,,,БЖАынЦРр,O=C1[C@](OC(C)=O)(C)[C@]2([H])[C@@H](OC(C3=CC(OC)=C(OC)C=C3)=O)CC(C)=C4[C@](C(C)=CC4=O)([H])[C@]2([H])O1,"InChI=1S/C26H28O9/c1-12-9-16(28)20-13(2)10-19(33-24(29)15-7-8-17(31-5)18(11-15)32-6)22-23(21(12)20)34-25(30)26(22,4)35-14(3)27/h7-9,11,19,21-23H,10H2,1-6H3/t19-,21+,22+,23-,26-/m0/s1",UAEWOIGDYDJTTM-JOLDKRDUSA-N,АЂЮК
AW-179, Ferupennin A, Ferupennin A,486437-89-2,348.39,C19H24O6,,,,,,ЦфЫћ,O=C1C2=C(C)C[C@H](O)[C@]3([H])[C@@]([H])(OC([C@]3(OC(C(C)C)=O)C)=O)[C@]2([H])C(C)=C1,"InChI=1S/C19H24O6/c1-8(2)17(22)25-19(5)15-12(21)7-9(3)13-11(20)6-10(4)14(13)16(15)24-18(19)23/h6,8,12,14-16,21H,7H2,1-5H3/t12-,14+,15+,16-,19-/m0/s1",ROKRHVKLNJJOMS-NRLVLPFVSA-N,АЂЮК
AW-180, Ferupennin B, Ferupennin B,486437-90-5,346.38,C19H22O6,,,,,,ЦфЫћ,O=C1C2=C(C)C[C@H](O)[C@]3([H])[C@@]([H])(OC([C@]3(OC(C(C)=C)=O)C)=O)[C@]2([H])C(C)=C1,"InChI=1S/C19H22O6/c1-8(2)17(22)25-19(5)15-12(21)7-9(3)13-11(20)6-10(4)14(13)16(15)24-18(19)23/h6,12,14-16,21H,1,7H2,2-5H3/t12-,14+,15+,16-,19-/m0/s1",PVKIFBYBZCZBCX-NRLVLPFVSA-N,АЂЮК
AW-181, Ferupennin C, Ferupennin C,486437-91-6,320.34,C17H20O6,,,,,,ЦфЫћ,O=C1C2=C(C)C[C@H](O)[C@]3([H])[C@@]([H])(OC([C@]3(OC(C)=O)C)=O)[C@]2([H])C(C)=C1,"InChI=1S/C17H20O6/c1-7-6-11(20)14-15(13-8(2)5-10(19)12(7)13)22-16(21)17(14,4)23-9(3)18/h5,11,13-15,20H,6H2,1-4H3/t11-,13+,14+,15-,17-/m0/s1",XNQFAXYWTASWJL-IEEZVJAPSA-N,АЂЮК
AW-182, Ferupennin D, Ferupennin D,486437-92-7,360.4,C20H24O6,,,,,,ЦфЫћ,O[C@@H]1[C@]([C@@](OC(/C(C)=C\C)=O)(C)C(O2)=O)([H])[C@]2([H])[C@]([H])(C(C)=CC3=O)C3=C(C)C1,"InChI=1S/C20H24O6/c1-6-9(2)18(23)26-20(5)16-13(22)8-10(3)14-12(21)7-11(4)15(14)17(16)25-19(20)24/h6-7,13,15-17,22H,8H2,1-5H3/b9-6-/t13-,15+,16+,17-,20-/m0/s1",VGRUTNKBHIPCKO-BJBBNPAJSA-N,АЂЮК
AW-183, Ferupennin E, Ferupennin E,486437-93-8,418.44,C22H26O8,,,,,,ЦфЫћ,CC([C@@]1([H])[C@@]2([H])[C@@]([C@](C)(OC(C)=O)C(O2)=O)([H])[C@@H](OC(C3(C)C(C)O3)=O)CC(C)=C14)=CC4=O,"InChI=1S/C22H26O8/c1-9-7-13(24)15-10(2)8-14(27-19(25)21(5)11(3)29-21)17-18(16(9)15)28-20(26)22(17,6)30-12(4)23/h7,11,14,16-18H,8H2,1-6H3/t11?,14-,16+,17+,18-,21?,22-/m0/s1",YQABOFISFLOPAF-YSTIFMSQSA-N,АЂЮК
AW-184, Ferupennin F, Ferupennin F,486437-94-9,434.44,C22H26O9,,,,,,ЦфЫћ,CC([C@@]1([H])[C@@]2([H])[C@@]([C@](C)(OC(C)=O)C(O2)=O)([H])[C@@H](OC(C(C(C)=O)(C)O)=O)CC(C)=C13)=CC3=O,"InChI=1S/C22H26O9/c1-9-7-13(25)15-10(2)8-14(29-19(26)21(5,28)11(3)23)17-18(16(9)15)30-20(27)22(17,6)31-12(4)24/h7,14,16-18,28H,8H2,1-6H3/t14-,16+,17+,18-,21?,22-/m0/s1",DZMQOTRZCJPNSY-ZYXFFYBBSA-N,АЂЮК
AW-185, Ferupennin G, Ferupennin G,486437-95-0,418.44,C22H26O8,,,,,,ЦфЫћ,CC([C@@]1([H])[C@@]2([H])[C@@]([C@](C)(OC(C)=O)C(O2)=O)([H])[C@@H](OC(C(C(C)O)=C)=O)CC(C)=C13)=CC3=O,"InChI=1S/C22H26O8/c1-9-7-14(25)16-10(2)8-15(28-20(26)11(3)12(4)23)18-19(17(9)16)29-21(27)22(18,6)30-13(5)24/h7,12,15,17-19,23H,3,8H2,1-2,4-6H3/t12?,15-,17+,18+,19-,22-/m0/s1",MEGAIYLFOJKEBX-ZFBOBNNHSA-N,АЂЮК
AW-186, Ferupennin L, Ferupennin L,486438-00-0,418.44,C22H26O8,,,,,,ЦфЫћ,CC1=C(C(C=C2C)=O)[C@]2(OC(C)=O)[C@@](OC([C@]3(O)C)=O)([H])[C@@]3([H])[C@@H](OC(/C(C)=C\C)=O)C1,"InChI=1S/C22H26O8/c1-7-10(2)19(25)28-15-8-11(3)16-14(24)9-12(4)22(16,30-13(5)23)18-17(15)21(6,27)20(26)29-18/h7,9,15,17-18,27H,8H2,1-6H3/b10-7-/t15-,17+,18+,21-,22-/m0/s1",GUJOYTGKGUVISW-XHGSNOJXSA-N,АЂЮК
AW-187, Ferupennin M, Ferupennin M,486438-01-1,418.44,C22H26O8,,,,,,ЦфЫћ,CC1=C2[C@](C(C)=CC2=O)(O)[C@@]3([H])[C@@]([C@](C)(OC(C)=O)C(O3)=O)([H])[C@@H](CC(/C(C)=C\C)=O)C1,"InChI=1S/C23H28O7/c1-7-11(2)16(25)10-15-8-12(3)18-17(26)9-13(4)23(18,28)20-19(15)22(6,21(27)29-20)30-14(5)24/h7,9,15,19-20,28H,8,10H2,1-6H3/b11-7-/t15-,19-,20-,22+,23+/m1/s1",QQPUBACRVNSKTG-DRJCFBIFSA-N,АЂЮК
AW-188, Ferupennin N, Ferupennin N,486438-02-2,404.41,C21H24O8,,,,,,ЦфЫћ,CC1=C2[C@](C(C)=CC2=O)(OC(C)=O)[C@@]3([H])[C@@]([C@](C)(O)C(O3)=O)([H])[C@@H](CC(C(C)=C)=O)C1,"InChI=1S/C22H26O7/c1-10(2)15(24)9-14-7-11(3)17-16(25)8-12(4)22(17,29-13(5)23)19-18(14)21(6,27)20(26)28-19/h8,14,18-19,27H,1,7,9H2,2-6H3/t14-,18-,19-,21+,22+/m1/s1",AIIATFJCIFUQCX-HRLOXLBDSA-N,АЂЮК
AW-189, Ferupennin H, Ferupennin H,486437-96-1,418.44,C22H26O8,,,,,,ЦфЫћ,O=C1[C@@](C)(OC(C)=O)[C@]2([H])[C@@H](CC(/C(C)=C\C)=O)CC(CO)=C3[C@](C(C)=CC3=O)(O)[C@]2([H])O1,"InChI=1S/C23H28O8/c1-6-11(2)16(26)9-14-8-15(10-24)18-17(27)7-12(3)23(18,29)20-19(14)22(5,21(28)30-20)31-13(4)25/h6-7,14,19-20,24,29H,8-10H2,1-5H3/b11-6-/t14-,19-,20-,22+,23+/m1/s1",XXDWLUPRVRSXBM-MMSBSJJQSA-N,АЂЮК
AW-190, Ferupennin I, Ferupennin I,486437-97-2,418.44,C22H26O8,,,,,,ЦфЫћ,CC1=C(C(C=C2CO)=O)[C@]2([H])[C@@](OC([C@]3(OC(C)=O)C)=O)([H])[C@@]3([H])[C@@H](OC(/C(C)=C\C)=O)C1,"InChI=1S/C22H26O8/c1-6-10(2)20(26)28-15-7-11(3)16-14(25)8-13(9-23)17(16)19-18(15)22(5,21(27)29-19)30-12(4)24/h6,8,15,17-19,23H,7,9H2,1-5H3/b10-6-/t15-,17+,18+,19-,22-/m0/s1",DITPMESACDRAQN-DJKCKTGRSA-N,АЂЮК
AW-191, Ferupennin J, Ferupennin J,486437-98-3,404.41,C21H24O8,,,,,,ЦфЫћ,O=C1[C@@](C)(OC(C)=O)[C@]2([H])[C@@H](OC(C(C)=C)=O)CC(CO)=C3[C@](C(C)=CC3=O)([H])[C@]2([H])O1,"InChI=1S/C21H24O8/c1-9(2)19(25)27-14-7-12(8-22)16-13(24)6-10(3)15(16)18-17(14)21(5,20(26)28-18)29-11(4)23/h6,14-15,17-18,22H,1,7-8H2,2-5H3/t14-,15+,17+,18-,21-/m0/s1",MPVMGEKZWJBZHH-WNXQOTDXSA-N,АЂЮК
AW-192, Ferupennin K, Ferupennin K,486437-99-4,404.41,C21H24O8,,,,,,ЦфЫћ,CC1=C2[C@](C(CO)=CC2=O)([H])[C@@]3([H])[C@@]([C@](C)(OC(C)=O)C(O3)=O)([H])[C@@H](OC(C(C)=C)=O)C1,"InChI=1S/C21H24O8/c1-9(2)19(25)27-14-6-10(3)15-13(24)7-12(8-22)16(15)18-17(14)21(5,20(26)28-18)29-11(4)23/h7,14,16-18,22H,1,6,8H2,2-5H3/t14-,16+,17+,18-,21-/m0/s1",SGOTVEBFZHNFHE-YTBPQBKGSA-N,АЂЮК
AW-193, Ferupennin O, Ferupennin O,486438-03-3,260.29,C15H16O4,,,,,,ЦфЫћ,O=C1C=C(C)[C@@](C1=C(C)C2)([H])[C@@]3([H])[C@@]([C@@H](C)C(O3)=O)([H])C2=O,"InChI=1S/C15H16O4/c1-6-4-10(17)13-8(3)15(18)19-14(13)12-7(2)5-9(16)11(6)12/h5,8,12-14H,4H2,1-3H3/t8-,12-,13-,14+/m1/s1",JFFMMLPJMYOOOM-OJICRYGUSA-N,АЂЮК
AW-194, Ferupennin L, Ferupennin L,486438-00-0,418.44,C22H26O8,,,,,,ЦфЫћ,CC1=C(C(C=C2C)=O)[C@]2(OC(C)=O)[C@@](OC([C@]3(O)C)=O)([H])[C@@]3([H])[C@@H](OC(/C(C)=C\C)=O)C1,"InChI=1S/C22H26O8/c1-7-10(2)19(25)28-15-8-11(3)16-14(24)9-12(4)22(16,30-13(5)23)18-17(15)21(6,27)20(26)29-18/h7,9,15,17-18,27H,8H2,1-6H3/b10-7-/t15-,17+,18+,21-,22-/m0/s1",GUJOYTGKGUVISW-XHGSNOJXSA-N,АЂЮК
,,,,,,,,,,,,,,,
,,,,,,,,,,,,,,,
,,,,,,,,,,,,,,,
,,,,,,,,,,,,,,,
,,,,,,,,,,,,,,,
,,,,,,,,,,,,,,,
,,,,,,,,,,,,,,,
,,,,,,,,,,,,,,,
,,,,,,,,,,,,,,,
,,,,,,,,,,,,,,,
,,,,,,,,,,,,,,,
,,,,,,,,,,,,,,,
,,,,,,,,,,,,,,,
,,,,,,,,,,,,,,,
,,,,,,,,,,,,,,,
,,,,,,,,,,,,,,,
,,,,,,,,,,,,,,,
,,,,,,,,,,,,,,,
,,,,,,,,,,,,,,,
,,,,,,,,,,,,,,,
,,,,,,,,,,,,,,,
,,,,,,,,,,,,,,,
,,,,,,,,,,,,,,,
,,,,,,,,,,,,,,,
,,,,,,,,,,,,,,,
,,,,,,,,,,,,,,,
,,,,,,,,,,,,,,,
,,,,,,,,,,,,,,,
,,,,,,,,,,,,,,,
,,,,,,,,,,,,,,,
,,,,,,,,,,,,,,,
,,,,,,,,,,,,,,,
,,,,,,,,,,,,,,,
,,,,,,,,,,,,,,,
," 2,5-die-thylthiophene",,,,,,,,,,,,,,
,"1,2-di((E)-but-2-en-2-yl)disulfan",,,,,,,,,,,,,,
, (Z)-1-(sec-butyl)-2-(prop-1-en-1-yl)disulfane,,,,,,,,,,,,,,
, (E)-1-(sec-butyl)-2-(prop-1-en-1-yl)disulfane,,,,,,,,,,,,,,
," 1,3-dimethyl-trisulfane",,,,,,,,,,,,,,
, 1-sec-butyl-2-[(E)-3-(methylthio)prop-1-enyl]disulphane,,,,,,,,,,,,,,
, 1-sec-butyl-2-[(Z)-3-(methylthio)prop-1-enyl]disulphane,,,,,,,,,,,,,,
, 1-[(E)-3-(methylthio)prop-1-enyl)-2-(1-(methylthio)propyl]disulphane,,,,,,,,,,,,,,
,1-[(Z)-3-(methylthio)prop-1-enyl)-2-(1-(methylthio)propyl]disulphan,,,,,,,,,,,,,,
, (E)-hex-1-en-1-yl(phenethyl)sulfane,,,,,,,,,,,,,,
, latisulfideC,,,,,,,,,,,,,,
, latisulfideB,,,,,,,,,,,,,,
, latisulfideA,,,,,,,,,,,,,,
, latisulfideE,,,,,,,,,,,,,,
, latisulfideD,,,,,,,,,,,,,,
,"2,3-epoxyjaeschkeanadiol p-hydroxybenzoate",,,,,,,,,,,,,,
,1-acetyl-5-angeloyl ,,,,,,,,,,,,,,
,"2,3-epoxyjaeschkeanadiol vanilla",,,,,,,,,,,,,,
,vesceritenone,,,,,,,,,,,,,,
,"8,9-epoxy-ferutinin",,,,,,,,,,,,,,
,"5ІС-vanillate of 2,3-epoxy-jaeschkeanadiol",,,,,,,,,,,,,,
,10-angeloyloxy-6-p-methoxybenzoyl-aeschkeanadol,,,,,,,,,,,,,,
,tunetanin A,,,,,,,,,,,,,,
