编号,化合物名称,化学结构,分子式,分子量,CAS号,化合物种类,smiles,inchi,inchikey,,药材
1,"齐墩果酸
Oleanic acid
",,C30H48O3,456.7,508-02-1,三萜,C[C@]12CC[C@H](O)C(C)(C)[C@@H]1CC[C@]3(C)[C@@H]2CC=C4[C@@]3(C)CC[C@]5(C(O)=O)[C@H]4CC(C)(C)CC5,"InChI=1S/C30H48O3/c1-25(2)14-16-30(24(32)33)17-15-28(6)19(20(30)18-25)8-9-22-27(5)12-11-23(31)26(3,4)21(27)10-13-29(22,28)7/h8,20-23,31H,9-18H2,1-7H3,(H,32,33)/t20-,21-,22+,23-,27-,28+,29+,30-/m0/s1",MIJYXULNPSFWEK-GTOFXWBISA-N,,凌霄花化学成分
2,"山楂酸
Maslinic acid
",,C30H48O4,472.7,4373-41-5,三萜,C[C@@]12CC[C@@H]3[C@@](C[C@@H](O)[C@@H](O)C3(C)C)(C)[C@H]1CC=C4[C@@]2(C)CC[C@]5(C(O)=O)[C@H]4CC(C)(C)CC5,"InChI=1S/C30H48O4/c1-25(2)12-14-30(24(33)34)15-13-28(6)18(19(30)16-25)8-9-22-27(5)17-20(31)23(32)26(3,4)21(27)10-11-29(22,28)7/h8,19-23,31-32H,9-17H2,1-7H3,(H,33,34)/t19-,20+,21-,22+,23+,27-,28+,29+,30-/m0/s1",MDZKJHQSJHYOHJ-HFYZCPLSSA-N,,凌霄花化学成分
3,"阿江榄仁酸
Arjunolic acid
",,C30H48O5,488.699,465-00-9,三萜,C[C@@]12CC[C@@H]3[C@@](C[C@@H](O)[C@H](O)[C@]3(CO)C)(C)[C@H]1CC=C4[C@@]2(C)CC[C@]5(C(O)=O)[C@H]4CC(C)(C)CC5,"InChI=1S/C30H48O5/c1-25(2)11-13-30(24(34)35)14-12-28(5)18(19(30)15-25)7-8-22-26(3)16-20(32)23(33)27(4,17-31)21(26)9-10-29(22,28)6/h7,19-23,31-33H,8-17H2,1-6H3,(H,34,35)/t19-,20+,21+,22+,23-,26-,27-,28+,29+,30-/m0/s1",RWNHLTKFBKYDOJ-DDHMHSPCSA-N,,凌霄花化学成分
4,"β-香树脂醇
β-Amyrin
",,C30H50O,426.717,559-70-6,三萜,C[C@@]12CC[C@]3(C)C([C@@H]1CC(C)(C)CC2)=CC[C@H]4[C@@]3(C)CC[C@@H]5[C@]4(C)CC[C@H](O)C5(C)C,"InChI=1S/C30H50O/c1-25(2)15-16-27(5)17-18-29(7)20(21(27)19-25)9-10-23-28(6)13-12-24(31)26(3,4)22(28)11-14-30(23,29)8/h9,21-24,31H,10-19H2,1-8H3/t21-,22-,23+,24-,27+,28-,29+,30+/m0/s1",JFSHUTJDVKUMTJ-QHPUVITPSA-N,,凌霄花化学成分
5,"熊果酸
Ursolic Acid
",,C30H48O3,456.7,77-52-1,三萜,C[C@@H]1CC[C@]2(C(O)=O)CC[C@]3(C)C([C@@H]2[C@H]1C)=CC[C@H]4[C@@]3(C)CC[C@@H]5[C@]4(C)CC[C@H](O)C5(C)C,"InChI=1S/C30H48O3/c1-18-10-15-30(25(32)33)17-16-28(6)20(24(30)19(18)2)8-9-22-27(5)13-12-23(31)26(3,4)21(27)11-14-29(22,28)7/h8,18-19,21-24,31H,9-17H2,1-7H3,(H,32,33)/t18-,19+,21+,22-,23+,24+,27+,28-,29-,30+/m1/s1",WCGUUGGRBIKTOS-GPOJBZKASA-N,,凌霄花化学成分
6,"熊果醛
Ursolic aldehyde
",,C30H48O2,440.7,19132-81-1,三萜,CC1CCC2(C=O)CCC3(C)C(C2C1C)=CCC4C3(C)CCC5C4(C)CCC(O)C5(C)C,"InChI=1S/C30H48O2/c1-19-10-15-30(18-31)17-16-28(6)21(25(30)20(19)2)8-9-23-27(5)13-12-24(32)26(3,4)22(27)11-14-29(23,28)7/h8,18-20,22-25,32H,9-17H2,1-7H3",VLFUANNVMXKBPF-UHFFFAOYSA-N,,凌霄花化学成分
7,"23-hydroxyursolic 
acid",,C30H48O4,472.69972,94414-19-4,三萜,C[C@@H]1CC[C@]2(C(O)=O)CC[C@]3(C)C([C@@H]2[C@H]1C)=CC[C@H]4[C@@]3(C)CC[C@@H]5[C@]4(C)CC[C@H](O)[C@]5(CO)C,"InChI=1S/C30H48O4/c1-18-9-14-30(25(33)34)16-15-28(5)20(24(30)19(18)2)7-8-22-26(3)12-11-23(32)27(4,17-31)21(26)10-13-29(22,28)6/h7,18-19,21-24,31-32H,8-17H2,1-6H3,(H,33,34)/t18-,19+,21-,22-,23+,24+,26+,27+,28-,29-,30+/m1/s1",NZCULBURCGAPSF-PQWKYGPVSA-N,,凌霄花化学成分
8,"科罗索酸
Corosolic acid
",,C30H48O4,472.7,52213-27-1,三萜,C[C@@H]1CC[C@]2(C(O)=O)CC[C@]3(C)C([C@@H]2[C@H]1C)=CC[C@H]4[C@@]3(C)CC[C@@H]5[C@]4(C)C[C@@H](O)[C@H](O)C5(C)C,"InChI=1S/C30H48O4/c1-17-10-13-30(25(33)34)15-14-28(6)19(23(30)18(17)2)8-9-22-27(5)16-20(31)24(32)26(3,4)21(27)11-12-29(22,28)7/h8,17-18,20-24,31-32H,9-16H2,1-7H3,(H,33,34)/t17-,18+,20-,21+,22-,23+,24+,27+,28-,29-,30+/m1/s1",HFGSQOYIOKBQOW-ZSDYHTTISA-N,,凌霄花化学成分
9,"α-香树脂醇
α-amyrin
",,C30H50O,426.717,5937-48-4,三萜,C[C@@H]1CC[C@]2(C)CC[C@]3(C)C([C@@H]2[C@H]1C)=CC[C@H]4[C@@]3(C)CC[C@@H]5[C@]4(C)CC[C@@H](O)C5(C)C,"InChI=1S/C30H50O/c1-19-11-14-27(5)17-18-29(7)21(25(27)20(19)2)9-10-23-28(6)15-13-24(31)26(3,4)22(28)12-16-30(23,29)8/h9,19-20,22-25,31H,10-18H2,1-8H3/t19-,20+,22+,23-,24-,25+,27-,28+,29-,30-/m1/s1",FSLPMRQHCOLESF-ACUMZOKISA-N,,凌霄花化学成分
10,"委陵菜酸
Tormentic acid
",,C30H48O5,488.699,13850-16-3,三萜,C[C@@H]1CC[C@]2(C(O)=O)CC[C@]3(C)C([C@@H]2[C@@]1(O)C)=CC[C@H]4[C@@]3(C)CC[C@@H]5[C@]4(C)C[C@@H](O)[C@H](O)C5(C)C,"InChI=1S/C30H48O5/c1-17-10-13-30(24(33)34)15-14-27(5)18(22(30)29(17,7)35)8-9-21-26(4)16-19(31)23(32)25(2,3)20(26)11-12-28(21,27)6/h8,17,19-23,31-32,35H,9-16H2,1-7H3,(H,33,34)/t17-,19-,20+,21-,22-,23+,26+,27-,28-,29-,30+/m1/s1",OXVUXGFZHDKYLS-BLIWDXROSA-N,,凌霄花化学成分
11,"常春藤皂苷元
Hederagenin
",,C30H48O4,472.7,465-99-6,三萜,C[C@]12CC[C@H](O)[C@@](C)(CO)[C@@H]1CC[C@]3(C)[C@@H]2CC=C4[C@@]3(C)CC[C@]5(C(O)=O)[C@H]4CC(C)(C)CC5,"InChI=1S/C30H48O4/c1-25(2)13-15-30(24(33)34)16-14-28(5)19(20(30)17-25)7-8-22-26(3)11-10-23(32)27(4,18-31)21(26)9-12-29(22,28)6/h7,20-23,31-32H,8-18H2,1-6H3,(H,33,34)/t20-,21+,22+,23-,26-,27-,28+,29+,30-/m0/s1",PGOYMURMZNDHNS-MYPRUECHSA-N,,凌霄花化学成分
12,myrianthic acid,,C30H48O6,504.771,,三萜,C[C@@H]1CC[C@]2(C(O)=O)CC[C@]3(C)C([C@@H]2[C@@]1(O)C)=CC[C@H]4[C@@]3(C)CC[C@@H]5[C@]4(C)C[C@@H](O)[C@H](O)[C@]5(CO)C,"InChI=1S/C30H48O6/c1-17-9-12-30(24(34)35)14-13-27(4)18(22(30)29(17,6)36)7-8-21-25(2)15-19(32)23(33)26(3,16-31)20(25)10-11-28(21,27)5/h7,17,19-23,31-33,36H,8-16H2,1-6H3,(H,34,35)/t17-,19-,20-,21-,22-,23+,25+,26?,27-,28-,29-,30+/m1/s1",YCOKATFNRPZIIU-WTBZOGOISA-N,,凌霄花化学成分
13,campenoside,,C21H22O7,386.4,,萜类,O=C(O[C@@H]1[C@@](C)([H])[C@]([C@H](OC(CO)=O)OC=C2C=O)([H])[C@]2([H])C1)/C=C/C3=CC=CC=C3,"InChI=1S/C21H22O7/c1-13-17(27-18(24)8-7-14-5-3-2-4-6-14)9-16-15(10-22)12-26-21(20(13)16)28-19(25)11-23/h2-8,10,12-13,16-17,20-21,23H,9,11H2,1H3/b8-7+/t13-,16+,17-,20+,21?/m0/s1",GXWUTEHDEJUJQO-RKHWPBAVSA-N,,凌霄花化学成分
14,5-hydroxycampenoside,,C21H22O8,402.4,,萜类,O=C(O[C@@H]1[C@@](C)([H])[C@]([C@H](OC(CO)=O)OC=C2C=O)([H])[C@]2(O)C1)/C=C/C3=CC=CC=C3,"InChI=1S/C21H22O8/c1-13-16(28-17(24)8-7-14-5-3-2-4-6-14)9-21(26)15(10-22)12-27-20(19(13)21)29-18(25)11-23/h2-8,10,12-13,16,19-20,23,26H,9,11H2,1H3/b8-7+/t13-,16-,19-,20?,21-/m0/s1",LFUWRBHEUVNONL-SLZLBNOCSA-N,,凌霄花化学成分
15,campsiside,,C21H22O8,402.4,,萜类,O=C(O[C@@H]1[C@@](C)(O)[C@]([C@H](OC(CO)=O)OC=C2C=O)([H])[C@]2([H])C1)/C=C/C3=CC=CC=C3,"InChI=1S/C21H22O8/c1-21(26)16(28-17(24)8-7-13-5-3-2-4-6-13)9-15-14(10-22)12-27-20(19(15)21)29-18(25)11-23/h2-8,10,12,15-16,19-20,23,26H,9,11H2,1H3/b8-7+/t15-,16+,19-,20?,21-/m1/s1",HSTMVZGIXKRSLJ-IDAZCPINSA-N,,凌霄花化学成分
16,5-hydroxycampsiside,,C21H22O9,418.4,,萜类,O=C(O[C@@H]1[C@@](C)(O)[C@]([C@H](OC(CO)=O)OC=C2C=O)([H])[C@]2(O)C1)/C=C/C3=CC=CC=C3,"InChI=1S/C21H22O9/c1-20(26)15(29-16(24)8-7-13-5-3-2-4-6-13)9-21(27)14(10-22)12-28-19(18(20)21)30-17(25)11-23/h2-8,10,12,15,18-19,23,26-27H,9,11H2,1H3/b8-7+/t15-,18+,19?,20+,21-/m0/s1",IRXULWUQFRXCTO-ABIDGLOISA-N,,凌霄花化学成分
17,"7-O-(E)-p-
coumaroylcachineside",,C21H22O8,402.4,,萜类,O=C(O[C@@H]1[C@@](C)([H])[C@]([C@H](OC(CO)=O)OC=C2C=O)([H])[C@]2([H])C1)/C=C/C3=CC=C(O)C=C3,"InChI=1S/C21H22O8/c1-12-17(28-18(25)7-4-13-2-5-15(24)6-3-13)8-16-14(9-22)11-27-21(20(12)16)29-19(26)10-23/h2-7,9,11-12,16-17,20-21,23-24H,8,10H2,1H3/b7-4+/t12-,16+,17-,20+,21?/m0/s1",YBXKBNMOJLPKCN-FNDDAJQJSA-N,,凌霄花化学成分
18,cachineside,,C16H24O9,360.4,,萜类,O[C@@H]1[C@@](C)([H])[C@]([C@H](OC(CO)=O)OC=C2C=O)([H])[C@]2([H])C1,"InChI=1S/C12H16O6/c1-6-9(15)2-8-7(3-13)5-17-12(11(6)8)18-10(16)4-14/h3,5-6,8-9,11-12,14-15H,2,4H2,1H3/t6-,8+,9-,11+,12?/m0/s1",MFEIUOYCSCVDAX-PPGWGJSASA-N,,凌霄花化学成分
19,tecomoside,,C16H24O10,376.4,,萜类,O[C@@H]1[C@@](C)([H])[C@]([C@H](OC(CO)=O)OC=C2C=O)([H])[C@]2(O)C1,"InChI=1S/C12H16O7/c1-6-8(15)2-12(17)7(3-13)5-18-11(10(6)12)19-9(16)4-14/h3,5-6,8,10-11,14-15,17H,2,4H2,1H3/t6-,8-,10-,11?,12-/m0/s1",QFCNAXLLGXRWEN-FMOGYNBGSA-N,,凌霄花化学成分
20,ixoroside,,C16H24O9,360.4,,萜类,[H]C1[C@@](C)(O)[C@]([C@H](OC(CO)=O)OC=C2C=O)([H])[C@]2([H])C1,"InChI=1S/C12H16O6/c1-12(16)3-2-8-7(4-13)6-17-11(10(8)12)18-9(15)5-14/h4,6,8,10-11,14,16H,2-3,5H2,1H3/t8-,10-,11?,12-/m1/s1",UCJCQVLBERUGLV-CJAZQULPSA-N,,凌霄花化学成分
21,cachinol,,C10H14O3,182.2,,萜类,[H]C1[C@@](C)([H])[C@]([C@H](O)OC=C2C=O)([H])[C@]2([H])C1,"InChI=1S/C10H14O3/c1-6-2-3-8-7(4-11)5-13-10(12)9(6)8/h4-6,8-10,12H,2-3H2,1H3/t6-,8+,9+,10+/m0/s1",VWIYAPDYXJYDDI-JZKKDOLYSA-N,,凌霄花化学成分
22,1-O-methylcachinol,,C11H16O3,196.2,,萜类,[H]C1[C@@](C)([H])[C@]([C@H](OC)OC=C2C=O)([H])[C@]2([H])C1,"InChI=1S/C11H16O3/c1-7-3-4-9-8(5-12)6-14-11(13-2)10(7)9/h5-7,9-11H,3-4H2,1-2H3/t7-,9+,10+,11?/m0/s1",CKLJWMXFSCHRER-NCVFYZNSSA-N,,凌霄花化学成分
23,campsiol,,C11H16O4,212.2,,萜类,[H]C1[C@@](C)(O)[C@]([C@H](OC)OC=C2C=O)([H])[C@]2([H])C1,"InChI=1S/C11H16O4/c1-11(13)4-3-8-7(5-12)6-15-10(14-2)9(8)11/h5-6,8-10,13H,3-4H2,1-2H3/t8-,9-,10?,11-/m1/s1",OASBBRWVZMHYSY-JHOLWCCGSA-N,,凌霄花化学成分
24,"毛蕊花糖苷
Acteoside
",,C29H36O15,624.587,61276-17-3,苯丙素,C[C@H]1[C@H](O)[C@@H](O)[C@@H](O)[C@H](O[C@@H]2[C@@H](O)[C@H](OCCC3=CC(O)=C(O)C=C3)O[C@H](CO)[C@H]2OC(/C=C/C4=CC(O)=C(O)C=C4)=O)O1,"InChI=1S/C29H36O15/c1-13-22(36)23(37)24(38)29(41-13)44-27-25(39)28(40-9-8-15-3-6-17(32)19(34)11-15)42-20(12-30)26(27)43-21(35)7-4-14-2-5-16(31)18(33)10-14/h2-7,10-11,13,20,22-34,36-39H,8-9,12H2,1H3/b7-4+/t13-,20+,22-,23+,24+,25+,26+,27+,28+,29-/m0/s1",FBSKJMQYURKNSU-ZLSOWSIRSA-N,,凌霄花化学成分
25,leucosceptoside Ａ,,C30H38O15,638.614,83529-62-8,苯丙素,C[C@H]1[C@H](O)[C@@H](O)[C@@H](O)[C@H](O[C@@H]2[C@@H](O)[C@H](OCCC3=CC(O)=C(O)C=C3)O[C@H](CO)[C@H]2OC(/C=C/C4=CC(O)=C(OC)C=C4)=O)O1,"InChI=1S/C30H38O15/c1-14-23(36)24(37)25(38)30(42-14)45-28-26(39)29(41-10-9-16-3-6-17(32)18(33)11-16)43-21(13-31)27(28)44-22(35)8-5-15-4-7-20(40-2)19(34)12-15/h3-8,11-12,14,21,23-34,36-39H,9-10,13H2,1-2H3/b8-5+/t14-,21+,23-,24+,25+,26+,27+,28+,29+,30-/m0/s1",RMJYDWRKVAGFGZ-CPPDSBOHSA-N,,凌霄花化学成分
26,campneosideⅠ,,C30H38O16,654.62,,苯丙素,C[C@H]1[C@H](O)[C@@H](O)[C@@H](O)[C@H](O[C@@H]2[C@@H](O)[C@H](OCC(OC)C3=CC(O)=C(O)C=C3)O[C@H](CO)[C@H]2OC(/C=C/C4=CC(O)=C(O)C=C4)=O)O1,"InChI=1S/C30H38O16/c1-13-23(37)24(38)25(39)30(43-13)46-28-26(40)29(42-12-21(41-2)15-5-7-17(33)19(35)10-15)44-20(11-31)27(28)45-22(36)8-4-14-3-6-16(32)18(34)9-14/h3-10,13,20-21,23-35,37-40H,11-12H2,1-2H3/b8-4+/t13-,20+,21?,23-,24+,25+,26+,27+,28+,29+,30-/m0/s1",OWIYIDLFNMCIFO-HGTLEYCVSA-N,,凌霄花化学成分
27,campneosideⅡ,,C29H36O16,640.59,,苯丙素,C[C@H]1[C@H](O)[C@@H](O)[C@@H](O)[C@H](O[C@@H]2[C@@H](O)[C@H](OCC(O)C3=CC(O)=C(O)C=C3)O[C@H](CO)[C@H]2OC(/C=C/C4=CC(O)=C(O)C=C4)=O)O1,"InChI=1S/C29H36O16/c1-12-22(37)23(38)24(39)29(42-12)45-27-25(40)28(41-11-19(35)14-4-6-16(32)18(34)9-14)43-20(10-30)26(27)44-21(36)7-3-13-2-5-15(31)17(33)8-13/h2-9,12,19-20,22-35,37-40H,10-11H2,1H3/b7-3+/t12-,19?,20+,22-,23+,24+,25+,26+,27+,28+,29-/m0/s1",XDAXWJHQKZRSEY-XHJPSFMXSA-N,,凌霄花化学成分
28,"芹菜素
Apigenin
",,C15H10O5,270.237,520-36-5,黄酮,O=C(C1=C(O)C=C(O)C=C1O2)C=C2C3=CC=C(O)C=C3,"InChI=1S/C15H10O5/c16-9-3-1-8(2-4-9)13-7-12(19)15-11(18)5-10(17)6-14(15)20-13/h1-7,16-18H",KZNIFHPLKGYRTM-UHFFFAOYSA-N,,凌霄花化学成分
29,"木犀草素
Luteolin
",,C15H10O6,286.236,491-70-3,黄酮,O=C(C1=C(O)C=C(O)C=C1O2)C=C2C3=CC(O)=C(O)C=C3,"InChI=1S/C15H10O6/c16-8-4-11(19)15-12(20)6-13(21-14(15)5-8)7-1-2-9(17)10(18)3-7/h1-6,16-19H",IQPNAANSBPBGFQ-UHFFFAOYSA-N,,凌霄花化学成分
30,"槲皮素
Quercetin
",,C15H10O7,302.236,117-39-5,黄酮,O=C(C1=C(O)C=C(O)C=C1O2)C(O)=C2C3=CC(O)=C(O)C=C3,"InChI=1S/C15H10O7/c16-7-4-10(19)12-11(5-7)22-15(14(21)13(12)20)6-1-2-8(17)9(18)3-6/h1-5,16-19,21H",REFJWTPEDVJJIY-UHFFFAOYSA-N,,凌霄花化学成分
31,"金圣草(黄)素
Chrysoeriol
",,C16H12O6,300.263,491-71-4,黄酮,COC1=C(O)C=CC(C2=CC(C3=C(O)C=C(O)C=C3O2)=O)=C1,"InChI=1S/C16H12O6/c1-21-14-4-8(2-3-10(14)18)13-7-12(20)16-11(19)5-9(17)6-15(16)22-13/h2-7,17-19H,1H3",SCZVLDHREVKTSH-UHFFFAOYSA-N,,凌霄花化学成分
32,"鼠李柠檬素
Rhamnocitrin
",,C16H12O6,300.263,569-92-6,黄酮,COC1=CC(O)=C2C(OC(C3=CC=C(O)C=C3)=C(O)C2=O)=C1,"InChI=1S/C16H12O6/c1-21-10-6-11(18)13-12(7-10)22-16(15(20)14(13)19)8-2-4-9(17)5-3-8/h2-7,17-18,20H,1H3",MQSZRBPYXNEFHF-UHFFFAOYSA-N,,凌霄花化学成分
33,halleridone,,C8H10O3,154.16,94535-01-0,挥发油,[H]C1(C2)C(CCO1)(O)C=CC2=O,"InChI=1S/C8H10O3/c9-6-1-2-8(10)3-4-11-7(8)5-6/h1-2,7,10H,3-5H2",HSGPAWIMHOPPDA-UHFFFAOYSA-N,,凌霄花化学成分
34,"4-hydroxy-5-methoxy-3,4-
(epoxyethano)-cyclohexanone",,C9H14O4,186.21,,挥发油,[H]C1(C2)C(CCO1)(O)C(OC)CC2=O,"InChI=1S/C9H14O4/c1-12-7-4-6(10)5-8-9(7,11)2-3-13-8/h7-8,11H,2-5H2,1H3",AXEVYKWLKWBVPD-UHFFFAOYSA-N,,凌霄花化学成分
35,"4-hydroxy-4-(2-
hydroxyethyl)-cyclohexanone",,C8H14O3,158.19,107389-91-3,挥发油,O=C1CCC(O)(CCO)CC1,"InChI=1S/C8H14O3/c9-6-5-8(11)3-1-7(10)2-4-8/h9,11H,1-6H2",QLSFMYCHPVOSCD-UHFFFAOYSA-N,,凌霄花化学成分
36,hallerone,,C8H10O3,154.16,,挥发油,O=C1C=CC(O)(CCO)C=C1,"InChI=1S/C8H10O3/c9-6-5-8(11)3-1-7(10)2-4-8/h1-4,9,11H,5-6H2",BJHPVOJGGFOITK-UHFFFAOYSA-N,,凌霄花化学成分
37,campsione,,C15H24O10,364.35,,挥发油,CC(/C=C\C(O)CCOC(C(C(OC)=O)O)OC(CO)C(OC)=O)=O,"InChI=1S/C15H24O10/c1-9(17)4-5-10(18)6-7-24-15(12(19)14(21)23-3)25-11(8-16)13(20)22-2/h4-5,10-12,15-16,18-19H,6-8H2,1-3H3/b5-4-",HHLFEUBUBWMQAA-PLNGDYQASA-N,,凌霄花化学成分
38,campsiketalin,,C9H18O3,174.24,,挥发油,OC1(CCO)CCC(OC)CC1,"InChI=1S/C9H18O3/c1-12-8-2-4-9(11,5-3-8)6-7-10/h8,10-11H,2-7H2,1H3",BICVGLSUVFYOGX-UHFFFAOYSA-N,,凌霄花化学成分
39,cornoside,,C14H20O8,316.3,40661-45-8,挥发油,OC(C=CC1=O)(C=C1)CCO[C@H]2O[C@H]([C@@H]([C@H]([C@@H]2O)O)O)CO,"InChI=1S/C14H20O8/c15-7-9-10(17)11(18)12(19)13(22-9)21-6-5-14(20)3-1-8(16)2-4-14/h1-4,9-13,15,17-20H,5-7H2/t9-,10-,11+,12-,13-/m0/s1",VTVARPTUBCBNJX-WJTVCTBASA-N,,凌霄花化学成分
40,"1,4-dihydroxy-3,4-
 (epoxyethano)-5-cyclohexene",,C8H10O4,170.16,,挥发油,O=C1C=CC(CC(O)O2)(O)C2C1,"InChI=1S/C8H10O4/c9-5-1-2-8(11)4-7(10)12-6(8)3-5/h1-2,6-7,10-11H,3-4H2",YVSIIPPIQKQOMC-UHFFFAOYSA-N,,凌霄花化学成分
41,"花色素苷
Enocyanin
",,C15H11O,207.247,11029-12-2,苯丙素,C1(C2=[O+]C3=CC=CC=C3C=C2)=CC=CC=C1,InChI=1S/C15H11O/c1-2-6-12(7-3-1)15-11-10-13-8-4-5-9-14(13)16-15/h1-11H/q+1,NWKFECICNXDNOQ-UHFFFAOYSA-N,,凌霄花化学成分
42,"矢车菊素-3-芸香糖苷
Cyanidin 3-O-rutinoside
",,C27H31O15,595.526,28338-59-2,苯丙素,C[C@H]1[C@H](O)[C@@H](O)[C@@H](O)[C@H](OC[C@@H]2[C@@H](O)[C@H](O)[C@@H](O)[C@H](OC3=CC4=C(O)C=C(O)C=C4[O+]=C3C5=CC(O)=C(O)C=C5)O2)O1,"InChI=1S/C27H30O15/c1-9-19(32)21(34)23(36)26(39-9)38-8-18-20(33)22(35)24(37)27(42-18)41-17-7-12-14(30)5-11(28)6-16(12)40-25(17)10-2-3-13(29)15(31)4-10/h2-7,9,18-24,26-27,32-37H,8H2,1H3,(H3-,28,29,30,31)/p+1/t9-,18+,19-,20+,21+,22-,23+,24+,26+,27+/m0/s1",USNPULRDBDVJAO-FXCAAIILSA-O,,凌霄花化学成分
43,"辣椒红
capsanthin
",,C40H56O3,584.871,465-42-9,挥发油,CC1=C(/C=C/C(C)=C/C=C/C(C)=C/C=C/C=C(/C=C/C=C(/C=C/C([C@]2(C)C[C@@H](O)CC2(C)C)=O)C)C)C(C)(C)C[C@H](O)C1,"InChI=1S/C40H56O3/c1-29(17-13-19-31(3)21-23-36-33(5)25-34(41)26-38(36,6)7)15-11-12-16-30(2)18-14-20-32(4)22-24-37(43)40(10)28-35(42)27-39(40,8)9/h11-24,34-35,41-42H,25-28H2,1-10H3/b12-11+,17-13+,18-14+,23-21+,24-22+,29-15+,30-16+,31-19+,32-20+/t34-,35+,40+/m1/s1",VYIRVAXUEZSDNC-RDJLEWNRSA-N,,凌霄花化学成分
44,"糠醛
Furfural
",,C5H4O2,96.084,1998/1/1,挥发油,CC1=C(/C=C/C(C)=C/C=C/C(C)=C/C=C/C=C(/C=C/C=C(/C=C/C([C@]2(C)C[C@@H](O)CC2(C)C)=O)C)C)C(C)(C)C[C@H](O)C1,"InChI=1S/C40H56O3/c1-29(17-13-19-31(3)21-23-36-33(5)25-34(41)26-38(36,6)7)15-11-12-16-30(2)18-14-20-32(4)22-24-37(43)40(10)28-35(42)27-39(40,8)9/h11-24,34-35,41-42H,25-28H2,1-10H3/b12-11+,17-13+,18-14+,23-21+,24-22+,29-15+,30-16+,31-19+,32-20+/t34-,35+,40+/m1/s1",VYIRVAXUEZSDNC-RDJLEWNRSA-N,,凌霄花化学成分
45,"5-甲基-2-糠醛
5-Methyl-2-furaldehyde
",,C6H6O2,110.111,620-02-0,挥发油,CC1=CC=C(C=O)O1,"InChI=1S/C6H6O2/c1-5-2-3-6(4-7)8-5/h2-4H,1H3",OUDFNZMQXZILJD-UHFFFAOYSA-N,,凌霄花化学成分
46,"糠醇
Furfuryl alcohol
",,C6H6O2,98.1,98-00-0,挥发油,OCC1=CC=CO1,"InChI=1S/C5H6O2/c6-4-5-2-1-3-7-5/h1-3,6H,4H2",XPFVYQJUAUNWIW-UHFFFAOYSA-N,,凌霄花化学成分
47,"2 －乙酰呋喃
2 － acetylfurfun
",,C6H6O2,110.11,,挥发油,CC(C1=CC=CO1)=O,"InChI=1S/C6H6O2/c1-5(7)6-3-2-4-8-6/h2-4H,1H3",IEMMBWWQXVXBEU-UHFFFAOYSA-N,,凌霄花化学成分
48,"肉桂酸
Cinnamic acid
",,C9H8O2,148.159,621-82-9,酚酸,O=C(O)/C=C/C1=CC=CC=C1,"InChI=1S/C9H8O2/c10-9(11)7-6-8-4-2-1-3-5-8/h1-7H,(H,10,11)/b7-6+",WBYWAXJHAXSJNI-VOTSOKGWSA-N,,凌霄花化学成分
49,"对羟基肉桂酸
p-Hydroxy-cinnamic acid
",,C9H8O3,164.158,7400-08-0,酚酸,O=C(O)/C=C/C1=CC=C(O)C=C1,"InChI=1S/C9H8O3/c10-8-4-1-7(2-5-8)3-6-9(11)12/h1-6,10H,(H,11,12)/b6-3+",NGSWKAQJJWESNS-ZZXKWVIFSA-N,,凌霄花化学成分
50,"咖啡酸
Caffeic acid
",,C9H8O4,180.157,331-39-5,酚酸,O=C(O)/C=C/C1=CC(O)=C(O)C=C1,"InChI=1S/C9H8O4/c10-7-3-1-6(5-8(7)11)2-4-9(12)13/h1-5,10-11H,(H,12,13)/b4-2+",QAIPRVGONGVQAS-DUXPYHPUSA-N,,凌霄花化学成分
51,"原儿茶酸
protocatechuic acid
",,C7H6O4,154.12,99-50-3,酚酸,O=C(O)C1=CC(O)=C(O)C=C1,"InChI=1S/C7H6O4/c8-5-2-1-4(7(10)11)3-6(5)9/h1-3,8-9H,(H,10,11)",YQUVCSBJEUQKSH-UHFFFAOYSA-N,,凌霄花化学成分
52,"3-羟基-4-甲氧基苯甲酸
3-Hydroxy-4-methoxybenzoic acid
",,C8H8O4,168.147,74309-78-7,酚酸,COC1=C(O)C=C(C(O)=O)C=C1,"InChI=1S/C8H8O4/c1-12-7-3-2-5(8(10)11)4-6(7)9/h2-4,9H,1H3,(H,10,11)",LBKFGYZQBSGRHY-UHFFFAOYSA-N,,凌霄花化学成分
53,hentricontanol,,C31H64O,452.839,26444-39-3,脂肪酸,CCCCCCCCCCCCCCCCCCCCCCCCCCCCCCCO,"InChI=1S/C31H64O/c1-2-3-4-5-6-7-8-9-10-11-12-13-14-15-16-17-18-19-20-21-22-23-24-25-26-27-28-29-30-31-32/h32H,2-31H2,1H3",ROOBHHSRWJOKSH-UHFFFAOYSA-N,,凌霄花化学成分
54,"十九烷酸
Nonadecylic acid
",,C19H38O2,298.504,646-30-0,脂肪酸,CCCCCCCCCCCCCCCCCCC(O)=O,"InChI=1S/C19H38O2/c1-2-3-4-5-6-7-8-9-10-11-12-13-14-15-16-17-18-19(20)21/h2-18H2,1H3,(H,20,21)",ISYWECDDZWTKFF-UHFFFAOYSA-N,,凌霄花化学成分
55,hexadecanoic acid,,C16H32O2,256.424,66321-94-6,脂肪酸,CCCCCCCCCCCCCCCC(O)=O,"InChI=1S/C16H32O2/c1-2-3-4-5-6-7-8-9-10-11-12-13-14-15-16(17)18/h2-15H2,1H3,(H,17,18)",IPCSVZSSVZVIGE-UHFFFAOYSA-N,,凌霄花化学成分
56,"
15-巯基-2-十五烷酮
15-mercapto-2- pentadecanone
",,C15H30OS,258.46,,脂肪酸,CC(CCCCCCCCCCCCCS)=O,"InChI=1S/C15H30OS/c1-15(16)13-11-9-7-5-3-2-4-6-8-10-12-14-17/h17H,2-14H2,1H3",YUHXREOZKWEMGZ-UHFFFAOYSA-N,,凌霄花化学成分
57,"β-谷甾醇
β-Sitosterol
",,C29H50O,414.707,5779-62-4,甾体,CC[C@@H](C(C)C)CC[C@H]([C@H]1CC[C@@H]2[C@]1(C)CC[C@H]3[C@H]2CC=C4[C@]3(C)CC[C@H](O)C4)C,"InChI=1S/C29H50O/c1-7-21(19(2)3)9-8-20(4)25-12-13-26-24-11-10-22-18-23(30)14-16-28(22,5)27(24)15-17-29(25,26)6/h10,19-21,23-27,30H,7-9,11-18H2,1-6H3/t20-,21-,23+,24+,25-,26+,27+,28+,29-/m1/s1",KZJWDPNRJALLNS-VJSFXXLFSA-N,,凌霄花化学成分
58,"胡萝卜苷
Daucosterol
",,C35H60O6,576.847,474-58-8,甾体,CC[C@@H](C(C)C)CC[C@H]([C@H]1CC[C@@H]2[C@]1(C)CC[C@H]3[C@H]2CC=C4[C@]3(C)CC[C@H](O[C@H]5[C@H](O)[C@@H](O)[C@H](O)[C@@H](CO)O5)C4)C,"InChI=1S/C35H60O6/c1-7-22(20(2)3)9-8-21(4)26-12-13-27-25-11-10-23-18-24(14-16-34(23,5)28(25)15-17-35(26,27)6)40-33-32(39)31(38)30(37)29(19-36)41-33/h10,20-22,24-33,36-39H,7-9,11-19H2,1-6H3/t21-,22-,24+,25+,26-,27+,28+,29-,30-,31+,32-,33-,34+,35-/m1/s1",NPJICTMALKLTFW-OFUAXYCQSA-N,,凌霄花化学成分
