编号,化合物名称,英文名称,分子式,分子量,CAS号,2D图,类别,smiles,inchi,inchikey,药材种类
MY-001,莪术呋喃二烯酮,furanodiene-6-one,C15H18O2,230.13,24268-41-5,,萜类,C/C(CC/C=C(C)\CC1=C2C(C)=CO1)=C\C2=O,"InChI=1S/C15H18O2/c1-10-5-4-6-11(2)8-14-15(13(16)7-10)12(3)9-17-14/h6-7,9H,4-5,8H2,1-3H3/b10-7+,11-6-",XVOHELPNOXGRBQ-SJUGDSPGSA-N,没药
MY-002,/,"2-o-methyl-8,12-epoxygermacra-1(10)-4,7,11-tetraene",C16H22O2,246.162,/,,萜类,C/C1=C\CC(C(C)=CO2)=C2C/C(C)=C\[C@@H](OC)C1,"InChI=1S/C16H22O2/c1-11-5-6-15-13(3)10-18-16(15)9-12(2)8-14(7-11)17-4/h5,8,10,14H,6-7,9H2,1-4H3/b11-5+,12-8-/t14-/m0/s1",NWLNPDFDTSFGEU-WDJZFKSXSA-N,没药
MY-003,莪术呋喃二烯,furanodiene,C15H20O,216.1514,19912-61-9,,萜类,C/C1=C\CC(C(C)=CO2)=C2C/C(C)=C/CC1,"InChI=1S/C15H20O/c1-11-5-4-6-12(2)9-15-14(8-7-11)13(3)10-16-15/h6-7,10H,4-5,8-9H2,1-3H3/b11-7+,12-6+",VMDXHYHOJPKFEK-IAVOFVOCSA-N,没药
MY-004,/,"2-o-acety1-8,12-epoxy-germacra-1(10),4,7,11-tetraene",C17H22O3,274.1569,/,,萜类,C/C1=C\CC(C(C)=CO2)=C2C/C(C)=C\[C@@H](OC(C)=O)C1,"InChI=1S/C17H22O3/c1-11-5-6-16-13(3)10-19-17(16)9-12(2)8-15(7-11)20-14(4)18/h5,8,10,15H,6-7,9H2,1-4H3/b11-5+,12-8-",VIAGREYUICSQGX-SSQAHJBYSA-N,没药
MY-005,/,"rel-1S,2S-epoxy-4R-furanogermacr-10(15)-en-6-one",C15H18O3,246.1256,/,,萜类,C[C@@H](CC(C(C(C)=CO1)=C1C2)=O)C[C@H]3[C@H](C2=C)O3,"InChI=1S/C15H18O3/c1-8-4-11(16)14-10(3)7-17-12(14)6-9(2)15-13(5-8)18-15/h7-8,13,15H,2,4-6H2,1,3H3/t8-,13-,15-/m0/s1",DHQZOOQNUWHCML-IIRLODAESA-N,没药
MY-006,/,rel-2R-methoxy-4R-furanogermacra-1(10)E-en-6-one,C16H22O3,262.1569,75412-95-2,,萜类,C[C@@H]1C[C@@H](OC)/C=C(C)/CC2=C(C(C)=CO2)C(C1[H])=O,"InChI=1S/C16H22O3/c1-10-5-13(18-4)6-11(2)8-15-16(14(17)7-10)12(3)9-19-15/h6,9-10,13H,5,7-8H2,1-4H3/b11-6+/t10-,13-/m1/s1",JUFDIKOOORFASQ-WCXSNEHCSA-N,没药
MY-007,/,re1-2R-methyl-5S-acetoxy-4R-furanogermacr-1(10)Z-en-6-one,C18H24O5,320.1624,/,,萜类,C[C@@H]1C[C@@H](OC)/C=C(C)/CC2=C(C(C)=CO2)C([C@@H]1OC(C)=O)=O,"InChI=1S/C18H24O5/c1-10-6-14(21-5)8-11(2)18(23-13(4)19)17(20)16-12(3)9-22-15(16)7-10/h6,9,11,14,18H,7-8H2,1-5H3/b10-6+/t11-,14+,18?/m1/s1",DCFSJMWNJKXQCQ-CNUSVWCLSA-N,没药
MY-008, 表莪术呋喃烯酮,epicurzerenone,C14H16O2,216.115,20085-85-2,,萜类,O=C(/C=C(C)\CC/C=C/C1)C2=C1OC=C2C,"InChI=1S/C14H16O2/c1-10-6-4-3-5-7-13-14(12(15)8-10)11(2)9-16-13/h3,5,8-9H,4,6-7H2,1-2H3/b5-3+,10-8-",ABVHBJIQRWQUHX-BVDZGSKYSA-N,没药
MY-009,/,"furanogermacra-1E,10(15)-dien-6-one",C15H18O2,230.1307,/,,萜类,CC(CC(C(C(C)=CO1)=C1C2)=O)C/C=C\C2=C,"InChI=1S/C15H18O2/c1-10-5-4-6-11(2)8-14-15(13(16)7-10)12(3)9-17-14/h4,6,9-10H,2,5,7-8H2,1,3H3/b6-4-",KIOIOKFCSBQUGC-XQRVVYSFSA-N,没药
MY-010,/,"2α-methoxy-6-0xogermacra-1(10),7(11)-dien-8,12-olide",C15H20O3,248.1412,/,,萜类,C[C@H](CC(C1=C2C)=O)CC/C=C(C)\C[C@]1([H])OC2=O,"InChI=1S/C15H20O3/c1-9-5-4-6-10(2)8-13-14(12(16)7-9)11(3)15(17)18-13/h6,9,13H,4-5,7-8H2,1-3H3/b10-6-/t9-,13-/m0/s1",LOXDBZZURPPFKR-BWGMZHFLSA-N,没药
MY-011,/,myrrhterpenoid B,C15H18O3,246.1256,1392420-24-4,,萜类,C[C@H](CC1=O)CC(/C=C(C)\CC2=C1C(C)=CO2)=O,"InChI=1S/C15H18O3/c1-9-4-12(16)5-10(2)7-14-15(13(17)6-9)11(3)8-18-14/h5,8-9H,4,6-7H2,1-3H3/b10-5-/t9-/m0/s1",QXAXOEDQAYACSD-QFQXNISHSA-N,没药
MY-012,/,myrrhterpenoid C,C16H22O4,278.1518,1392420-25-5,,萜类,C[C@@H](CC1=O)C[C@@H](OC)[C@@H](/C(C)=C\C2=C1C(C)=CO2)O,"InChI=1S/C16H22O4/c1-9-5-12(17)15-11(3)8-20-13(15)7-10(2)16(18)14(6-9)19-4/h7-9,14,16,18H,5-6H2,1-4H3/b10-7-/t9-,14+,16+/m0/s1",BKMKOBVDWDKYKC-XNFWVHEFSA-N,没药
MY-013,/,myrrhterpenoid D,C18H24O6,336.1573,1392420-26-6,,萜类,C[C@@H]([C@@H](OC(C)=O)C1=O)C[C@@H](OC)[C@@H](/C(C)=C\C2=C1C(C)=CO2)O,"InChI=1S/C17H22O6/c1-9-5-12-14(11(3)7-22-12)16(20)17(23-8-18)10(2)6-13(21-4)15(9)19/h5,7-8,10,13,15,17,19H,6H2,1-4H3/b9-5-/t10-,13-,15-,17-/m1/s1",SHZMSGBSYSIHHM-YWQIJPLPSA-N,没药
MY-014,/,myrrhterpenoid E,C16H20O4,276.1362,1384099-92-6,,萜类,C=C(/C=C/[C@H](OC)CCC1)C[C@@]2([H])C1=C(C)C(O2)=O,"InChI=1S/C15H20O3/c1-10-7-8-12(17-3)5-4-6-13-11(2)15(16)18-14(13)9-10/h7-8,12,14H,1,4-6,9H2,2-3H3/b8-7+/t12-,14+/m1/s1",JJNVLGWDXMKLEN-KHAURHHGSA-N,没药
MY-015,/,myrrhterpenoid F,C17H20O4,288.1362,1392420-27-7,,萜类,C=C1CC2=C(C=CO2)C(C[C@H](C)[C@@H](OC(C)=O)/C=C/1)=O,"InChI=1S/C16H18O4/c1-10-4-5-15(20-12(3)17)11(2)9-14(18)13-6-7-19-16(13)8-10/h4-7,11,15H,1,8-9H2,2-3H3/b5-4+/t11-,15?/m0/s1",MOEZKGUKZMHZTL-WTJSJXAYSA-N,没药
MY-016,/,"(1E)-3-methoxy-8,12-epoxygermacra-1,7,10,11-tetraen-6-one
",C16H20O3,260.1412,383368-26-1,,萜类,O=C(C[C@H](C)[C@@H](OC)/C=C/C1=C)C2=C(C1)OC=C2,"InChI=1S/C15H18O3/c1-10-4-5-14(17-3)11(2)9-13(16)12-6-7-18-15(12)8-10/h4-7,11,14H,1,8-9H2,2-3H3/b5-4+/t11-,14-/m0/s1",DARPKAKNMZIELJ-NBOIIBAUSA-N,没药
MY-017,/,"4,5-dihydrofuranodiene-6-one",C15H20O2,232.1463,/,,萜类,CC1CC/C=C(C)\CC2=C(C(C)=CO2)C(C1)=O,"InChI=1S/C15H20O2/c1-10-5-4-6-11(2)8-14-15(13(16)7-10)12(3)9-17-14/h6,9-10H,4-5,7-8H2,1-3H3/b11-6-",DSKCIJFGYRMPRF-WDZFZDKYSA-N,没药
MY-018,/,"2-hydroxy-11,12-dihydrofuranodiene
",C15H22O2,234.162,1928723-17-4,,萜类,C/C1=C\CC(C(CO2)C)=C2C/C(C)=C/[C@@H](O)C1,"InChI=1S/C15H22O2/c1-10-4-5-14-12(3)9-17-15(14)8-11(2)7-13(16)6-10/h4,7,12-13,16H,5-6,8-9H2,1-3H3/b10-4+,11-7+/t12?,13-/m0/s1",NMLNFPXVLMEHSH-ULUIRZHCSA-N,没药
MY-019,/,2-hydroxyfuranodiene,C15H20O2,232.1463,1919029-36-9,,萜类,C/C1=C\CC(C(C)=CO2)=C2C/C(C)=C/[C@@H](O)C1,"InChI=1S/C15H20O2/c1-10-4-5-14-12(3)9-17-15(14)8-11(2)7-13(16)6-10/h4,7,9,13,16H,5-6,8H2,1-3H3/b10-4+,11-7+/t13-/m0/s1",KWALLIHRTCHEFS-FLSUTGCQSA-N,没药
MY-020,/,"myrhone
",C15H16O2,228.115,/,,萜类,CC1=COC(C=C2C)=C1C(C3)=C2C(C[C@@H]3C)=O,"InChI=1S/C15H16O2/c1-8-4-11-14(12(16)5-8)9(2)6-13-15(11)10(3)7-17-13/h6-8H,4-5H2,1-3H3/t8-/m1/s1",SHEOKDCVBGTHJG-MRVPVSSYSA-N,没药
MY-021,/,"t-cadinol
",C15H26O,222.1984,5937/11/1,,萜类,CC1=CC2[C@H](C(C)C)CC[C@](C)(O)C2CC1,"InChI=1S/C15H26O/c1-10(2)12-7-8-15(4,16)14-6-5-11(3)9-13(12)14/h9-10,12-14,16H,5-8H2,1-4H3/t12-,13?,14?,15-/m0/s1",LHYHMMRYTDARSZ-PPWQZUPISA-N,没药
MY-022,/,"3α-hydroxy-T-cadinol
",C15H26O2,238.1933,/,,萜类,CC1=CC2[C@H](C(C)C)CC[C@](C)(O)C2C[C@H]1O,"InChI=1S/C15H26O2/c1-9(2)11-5-6-15(4,17)13-8-14(16)10(3)7-12(11)13/h7,9,11-14,16-17H,5-6,8H2,1-4H3/t11-,12?,13?,14+,15-/m0/s1",DGZPYTSARMEKSO-RYKAKRHSSA-N,没药
MY-023,/,"myrrhanolide B
",C15H18O4,262.1205,1147340-33-7,,萜类,CC1=C([C@](C[C@@H]2C)(O)OC1=O)C(C3)=C2C(C[C@H]3C)=O,"InChI=1S/C15H18O4/c1-7-4-10-12(11(16)5-7)8(2)6-15(18)13(10)9(3)14(17)19-15/h7-8,18H,4-6H2,1-3H3/t7-,8-,15+/m0/s1",GOVDXHQBFLNYLG-VJGMYXETSA-N,没药
MY-024,/,"myrrhanolide C
",C15H18O4,262.1205,1147340-35-9,,萜类,CC1=C([C@@](C[C@@H]2C)(O)OC1=O)C(C3)=C2C(C[C@H]3C)=O,"InChI=1S/C15H18O4/c1-7-4-10-12(11(16)5-7)8(2)6-15(18)13(10)9(3)14(17)19-15/h7-8,18H,4-6H2,1-3H3/t7-,8-,15-/m0/s1",GOVDXHQBFLNYLG-VQLIFVOLSA-N,没药
MY-025,/,"commiterpene B
",C18H22O4,302.1518,/,,萜类,CC1=COC(C=C2C)=C1C([C@H]3OC(C)=O)=C2[C@H](OC)C[C@H]3C,"InChI=1S/C18H22O4/c1-9-6-14-16(11(3)8-21-14)17-15(9)13(20-5)7-10(2)18(17)22-12(4)19/h6,8,10,13,18H,7H2,1-5H3/t10-,13-,18?/m1/s1",QQPYWAGCHCCUNW-LGWBKJSRSA-N,没药
MY-026,/,"commiterpene C
",C16H20O4,276.1462,1392476-49-1,,萜类,C[C@@]1(O)C(C(C2)=C(CC)[C@H](OC)C[C@H]2C)=COC1=O,"InChI=1S/C15H22O4/c1-5-10-11(6-9(2)7-13(10)18-4)12-8-19-14(16)15(12,3)17/h8-9,13,17H,5-7H2,1-4H3/t9-,13+,15+/m0/s1",IVYAUQIUWMWRNZ-JBCWJZNQSA-N,没药
MY-027,/,"myrrhterpenoid J
",C16H20O3,260.1412,/,,萜类,CC1=COC(C=C2C)=C1C([C@H]3O)=C2[C@H](OC)C[C@H]3C,"InChI=1S/C16H20O3/c1-8-5-12-14(10(3)7-19-12)15-13(8)11(18-4)6-9(2)16(15)17/h5,7,9,11,16-17H,6H2,1-4H3/t9-,11-,16+/m1/s1",JOOPWQVOOLUMGO-RDGWCUKFSA-N,没药
MY-028,/,"commiterpene A
",C15H18O2,230.1307,/,,萜类,CC1=COC(C=C2CO)=C1C(C3)=C2CC[C@H]3C,"InChI=1S/C15H18O2/c1-9-3-4-12-11(7-16)6-14-15(13(12)5-9)10(2)8-17-14/h6,8-9,16H,3-5,7H2,1-2H3/t9-/m1/s1",IKBPQDQXCPOIRW-SECBINFHSA-N,没药
MY-029,/,dihydropyrocurzerenone,C15H18O,214.1358,59462-26-9,,萜类,CC1=COC(C=C2C)=C1C(C3)=C2CC[C@H]3C,"InChI=1S/C15H18O/c1-9-4-5-12-10(2)7-14-15(13(12)6-9)11(3)8-16-14/h7-9H,4-6H2,1-3H3/t9-/m1/s1",GWQCNWWIXOLIAV-SECBINFHSA-N,没药
MY-030,/,(+)-myrrhalactone A,C15H16O4,260.1049,2241589-05-7,,萜类,C[C@@]1(O)C(C(C2)=C3C(C[C@H]2C)=O)=C(C=C3C)OC1=O,"InChI=1S/C15H16O4/c1-7-4-9-12(10(16)5-7)8(2)6-11-13(9)15(3,18)14(17)19-11/h6-7,18H,4-5H2,1-3H3/t7-,15+/m0/s1",NKOUBRWBVMRUNQ-NZFNHWASSA-N,没药
MY-031,/,"(-)-myrrhalactone A
",C15H16O4,260.1049,2241852-10-6,,萜类,O[C@@]1(C)C(C(C2)=C3C(C[C@H]2C)=O)=C(C=C3C)OC1=O,"InChI=1S/C15H16O4/c1-7-4-9-12(10(16)5-7)8(2)6-11-13(9)15(3,18)14(17)19-11/h6-7,18H,4-5H2,1-3H3/t7-,15-/m0/s1",NKOUBRWBVMRUNQ-ZIDLFYJRSA-N,没药
MY-032,/,"commiphorene A
",C18H20O4,300.1362,/,,萜类,CC1=C(COC(C)=O)OC(C=C2C)=C1C(C3)=C2C(C[C@@H]3C)=O,"InChI=1S/C18H20O4/c1-9-5-13-17(14(20)6-9)10(2)7-15-18(13)11(3)16(22-15)8-21-12(4)19/h7,9H,5-6,8H2,1-4H3/t9-/m1/s1",VBXSPRXFBWIFFB-SECBINFHSA-N,没药
MY-033,/,"commiphorene B
",C15H16O3,244.1099,/,,萜类,O[C@@]1(C)C(C(C2)=C3CCC2=C)=C(C=C3C)OC1=O,"InChI=1S/C15H16O3/c1-8-4-5-10-9(2)7-12-13(11(10)6-8)15(3,17)14(16)18-12/h7,17H,1,4-6H2,2-3H3/t15-/m0/s1",RDIUWBNOQWKJOV-HNNXBMFYSA-N,没药
MY-034,/,"commipholinone
",C14H16O3,232.1099,1363258-71-2,,萜类,CC1=CC(O)=C(C(C)=O)C2=C1C(C[C@@H](C)C2)=O,"InChI=1S/C14H16O3/c1-7-4-10-13(11(16)5-7)8(2)6-12(17)14(10)9(3)15/h6-7,17H,4-5H2,1-3H3/t7-/m0/s1",PFLGBPNQIZRCNL-ZETCQYMHSA-N,没药
MY-035,/,"commipholactam A
",C15H15NO2,241.1103,/,,萜类,CC1=CC2=C([C@](O)(C)C(N2)=O)C3=CC(C)=CC=C13,"InChI=1S/C15H15NO2/c1-8-4-5-10-9(2)7-12-13(11(10)6-8)15(3,18)14(17)16-12/h4-7,18H,1-3H3,(H,16,17)/t15-/m1/s1",SJYHFNPIUMAHPB-OAHLLOKOSA-N,没药
MY-036,/,"commiphorane H
",C17H18O4,286.1205,/,,萜类,CC1=COC(C=C2C)=C1C3=C2C(C[C@@H](C)[C@@H]3OC(C)=O)=O,"InChI=1S/C17H18O4/c1-8-6-13-15(10(3)7-20-13)16-14(8)12(19)5-9(2)17(16)21-11(4)18/h6-7,9,17H,5H2,1-4H3/t9-,17+/m1/s1",XDQIPGNPVNIIGW-XLFHBGCDSA-N,没药
MY-037,/,"(11β)-8,11-dihydrox-ycadina-6,8,10-trien-12-oic acidγ-lactone
",C15H18O3,246.1256,/,,萜类,O[C@@]1(C)C(C2=C3CC[C@H](C)C2)=C(C=C3C)OC1=O,"InChI=1S/C15H18O3/c1-8-4-5-10-9(2)7-12-13(11(10)6-8)15(3,17)14(16)18-12/h7-8,17H,4-6H2,1-3H3/t8-,15-/m0/s1",MBUDYEZDCIVEIC-AYVTZFPOSA-N,没药
MY-038,/,"8-hydroxy-12-norcardina-4,6,8,10-tetraen-11-one
",C14H16O2,216.115,/,,萜类,CC1=CC(O)=C(C(C)=O)C2=C1CCC(C)=C2,"InChI=1S/C14H16O2/c1-8-4-5-11-9(2)7-13(16)14(10(3)15)12(11)6-8/h6-7,16H,4-5H2,1-3H3",OFBPSXJBBITYPC-UHFFFAOYSA-N,没药
MY-039,/,"commiphoin A
",C15H18O4,262.1205,22611-34-3,,萜类,C[C@@]1(O)C(C2=C3[C@H](O)C[C@@H](C)C2)=C(C=C3C)OC1=O,"InChI=1S/C15H18O4/c1-7-4-9-12(10(16)5-7)8(2)6-11-13(9)15(3,18)14(17)19-11/h6-7,10,16,18H,4-5H2,1-3H3/t7-,10+,15+/m0/s1",QDCZAKVWTODALC-VYSGVJLMSA-N,没药
MY-040,/,"commiphoin B
",C15H16O,212.1201,/,,萜类,CC1=COC(C=C2C)=C1C3=C2C=C[C@@H](C)C3,"InChI=1S/C15H16O/c1-9-4-5-12-10(2)7-14-15(13(12)6-9)11(3)8-16-14/h4-5,7-9H,6H2,1-3H3/t9-/m1/s1",IMOGUEMMYIHXSP-SECBINFHSA-N,没药
MY-041,/,"commiphoin C
",C15H16O3,244.1099,/,,萜类,CC1=COC(C(O)=C2C)=C1C3=C2C(C[C@@H](C)C3)=O,"InChI=1S/C15H16O3/c1-7-4-10-12-8(2)6-18-15(12)14(17)9(3)13(10)11(16)5-7/h6-7,17H,4-5H2,1-3H3/t7-/m0/s1",UDKJIAZTXHBZTO-ZETCQYMHSA-N,没药
MY-042,/,"(+)-commyrrin A
",C15H18O3,246.1256,2226966-53-4,,萜类,CC1=CC2=C(C(C)=CO2)C3=C1CC[C@@](C)(O)[C@H]3O,"InChI=1S/C15H18O3/c1-8-6-11-12(9(2)7-18-11)13-10(8)4-5-15(3,17)14(13)16/h6-7,14,16-17H,4-5H2,1-3H3/t14-,15+/m0/s1",FHTKQALFDUHCBV-LSDHHAIUSA-N,没药
MY-043,/,"(-)-commyrrin A
",C15H18O3,246.1256,"2226966-55-6
",,萜类,CC1=CC2=C(C(C)=CO2)C3=C1CC[C@](C)(O)[C@@H]3O,"InChI=1S/C15H18O3/c1-8-6-11-12(9(2)7-18-11)13-10(8)4-5-15(3,17)14(13)16/h6-7,14,16-17H,4-5H2,1-3H3/t14-,15+/m1/s1",FHTKQALFDUHCBV-CABCVRRESA-N,没药
MY-044,/,"(±)-commyrrin B
",C15H18O3,246.1256,/,,萜类,CC1=CC2=C(C(C)=CO2)C3=C1CC[C@](C)(O)[C@H]3O,"InChI=1S/C15H18O3/c1-8-6-11-12(9(2)7-18-11)13-10(8)4-5-15(3,17)14(13)16/h6-7,14,16-17H,4-5H2,1-3H3/t14-,15-/m0/s1",FHTKQALFDUHCBV-GJZGRUSLSA-N,没药
MY-045,/,"myrrhalactone B
",C15H18O4,262.1205,2708975-08-8,,萜类,CC1=CC2=C([C@@]([C@@H](O)O2)(C)O)C3=C1C(C[C@H](C)C3)=O,"InChI=1S/C15H18O4/c1-7-4-9-12(10(16)5-7)8(2)6-11-13(9)15(3,18)14(17)19-11/h6-7,14,17-18H,4-5H2,1-3H3/t7-,14+,15-/m1/s1",VSWSFIPNEYSLJO-YOVFDNBUSA-N,没药
MY-046,/,"9-methoxymyrrhone
",C16H18O3,258.1256,1809980-22-0,,萜类,CC1=C(OC)C2=C(C(C)=CO2)C3=C1C(C[C@H](C)C3)=O,"InChI=1S/C16H18O3/c1-8-5-11-13-9(2)7-19-16(13)15(18-4)10(3)14(11)12(17)6-8/h7-8H,5-6H2,1-4H3/t8-/m1/s1",YRLDTAQTJKXXFC-MRVPVSSYSA-N,没药
MY-047,/,"(3S,4R)-3,9-dimethoxymyrrhone
",C17H20O4,288.1362,/,,萜类,CC1=C(OC)C2=C(C(C)=CO2)C3=C1C([C@@H](OC)[C@H](C)C3)=O,"InChI=1S/C17H20O4/c1-8-6-11-12-9(2)7-21-17(12)16(20-5)10(3)13(11)14(18)15(8)19-4/h7-8,15H,6H2,1-5H3/t8-,15+/m1/s1",KGZWDVQVCXUJAM-GLEZIHRCSA-N,没药
MY-048,/,"comosone II
",C15H20O,216.1514,1142922-55-1,,萜类,CC(C1CCC(C)=CC1/C2=C(C)/C)=CC2=O,"InChI=1S/C15H20O/c1-9(2)15-13-7-10(3)5-6-12(13)11(4)8-14(15)16/h7-8,12-13H,5-6H2,1-4H3",WFCQRHPAVQIDTH-UHFFFAOYSA-N,没药
MY-049,/,commiterpene D,C18H22O5,318.1467,"2764781-21-5
",,萜类,C[C@@H]1C(C2=C3[C@H](OC)C[C@@H](C)[C@@H]2OC(C)=O)=C(C=C3C)OC1=O,"InChI=1S/C18H22O5/c1-8-6-13-15(10(3)18(20)23-13)16-14(8)12(21-5)7-9(2)17(16)22-11(4)19/h6,9-10,12,17H,7H2,1-5H3/t9-,10-,12-,17?/m1/s1",RGMWQKQJGRZVFO-MDDZKAGNSA-N,没药
MY-050,/,"myrrhanolide A
",C15H16O3,244.1099,1147340-31-5,,萜类,CC1=C(CC([C@]2(O)C3)=C(C)C(O2)=O)C3=C(C)C=C1,"InChI=1S/C15H16O3/c1-8-4-5-9(2)12-7-15(17)13(6-11(8)12)10(3)14(16)18-15/h4-5,17H,6-7H2,1-3H3/t15-/m0/s1",DVZUGUCJUJYKHS-HNNXBMFYSA-N,没药
MY-051,/,"lindestrene
",C15H18O,214.1358,2221-88-7,,萜类,C=C1CC=C[C@@]2(C)[C@@]1([H])CC(C(C)=CO3)=C3C2,"InChI=1S/C15H18O/c1-10-5-4-6-15(3)8-14-12(7-13(10)15)11(2)9-16-14/h4,6,9,13H,1,5,7-8H2,2-3H3/t13-,15+/m0/s1",BZQURGSQMBBPRU-DZGCQCFKSA-N,没药
MY-052,/,"furanoeudesma-l,3-diene
",C15H18O,214.1358,87605-93-4,,萜类,CC1=COC2=C1C[C@](C(C)=CC=C3)([H])[C@@]3(C)C2,"InChI=1S/C15H18O/c1-10-5-4-6-15(3)8-14-12(7-13(10)15)11(2)9-16-14/h4-6,9,13H,7-8H2,1-3H3/t13-,15+/m0/s1",AUSAHAHDEVYCOC-DZGCQCFKSA-N,没药
MY-053,/,"eudesm-4(15)-ene-1β,6a-diol
",C15H26O2,238.1933,/,,萜类,C[C@]12[C@@](C(CC[C@H]2O)=C)([H])[C@@H](O)[C@H](C(C)C)CC1,"InChI=1S/C15H26O2/c1-9(2)11-7-8-15(4)12(16)6-5-10(3)13(15)14(11)17/h9,11-14,16-17H,3,5-8H2,1-2,4H3/t11-,12+,13+,14-,15-/m0/s1",WKKJGHCXVKEJNU-QRTUWBSPSA-N,没药
MY-054,羟基香樟内脂,"hydroxylindestrenolide
",C15H18O3,246.1256,20267-92-9,,萜类,CC1=C2C[C@](C(CC=C3)=C)([H])[C@@]3(C)C[C@]2(O)OC1=O,"InChI=1S/C15H18O3/c1-9-5-4-6-14(3)8-15(17)12(7-11(9)14)10(2)13(16)18-15/h4,6,11,17H,1,5,7-8H2,2-3H3/t11-,14+,15-/m0/s1",VMGUBSLDEXOUMH-GLQYFDAESA-N,没药
MY-055,/,"myrrhterpenoid A
",C15H18O3,246.1256,1392420-23-3,,萜类,CC1=COC2=C1C([C@@]([C@H](CCC3=O)C)([H])[C@]3(C)C2)=O,"InChI=1S/C15H18O3/c1-8-4-5-11(16)15(3)6-10-12(9(2)7-18-10)14(17)13(8)15/h7-8,13H,4-6H2,1-3H3/t8-,13-,15+/m0/s1",DRLIVGXTVZKSFR-MIUALZABSA-N,没药
MY-056,/,"chlorantene C
",C15H18O4,262.1205,1079243-68-7,,萜类,CC1=COC2=C1C([C@]([C@](O)(C)CCC3=O)([H])[C@@]3(C)C2)=O,"InChI=1S/C15H18O4/c1-8-7-19-9-6-14(2)10(16)4-5-15(3,18)13(14)12(17)11(8)9/h7,13,18H,4-6H2,1-3H3/t13-,14+,15+/m1/s1",JSTVAWBAYPLCTK-ILXRZTDVSA-N,没药
MY-057,/,"chlomultin B
",C15H18O3,246.1256,1253208-25-1,,萜类,CC1=COC2=C1C([C@@](C(C)=CC[C@@H]3O)([H])[C@]3(C)C2)=O,"InChI=1S/C15H18O3/c1-8-4-5-11(16)15(3)6-10-12(9(2)7-18-10)14(17)13(8)15/h4,7,11,13,16H,5-6H2,1-3H3/t11-,13-,15+/m0/s1",JYWURVVLRXXLFU-CORIIIEPSA-N,没药
MY-058,2-羟基-N-[(2-O－β－D-吡喃葡萄糖基)苯基]丙酸酰胺,"dihydrocurcolone
",C15H20O3,248.1412,17015-44-0,,萜类,CC1=COC2=C1C([C@@]([C@@H](CC[C@H]3O)C)([H])[C@@]3(C)C2)=O,"InChI=1S/C15H20O3/c1-8-4-5-11(16)15(3)6-10-12(9(2)7-18-10)14(17)13(8)15/h7-8,11,13,16H,4-6H2,1-3H3/t8-,11-,13+,15+/m1/s1",GQVIIGSPWPWUHJ-ZWJSZMSLSA-N,没药
MY-059,2-羟基-N-[（2-O-β-D-吡喃葡萄糖基-（1→6）-β-D-吡喃葡萄糖基）苯基]丙酸酰胺,"myrrhterpenoid M
",C16H22O4,278.1518,1422035-27-5,,萜类,CC1=COC2=C1C([C@@]([C@@](CC[C@@H]3OC)(O)C)([H])[C@]3(C)C2)=O,"InChI=1S/C16H22O4/c1-9-8-20-10-7-15(2)11(19-4)5-6-16(3,18)14(15)13(17)12(9)10/h8,11,14,18H,5-7H2,1-4H3/t11-,14-,15+,16+/m0/s1",SAIONEZASNUCKJ-DANNLKNASA-N,没药
MY-060, ,"myrrhterpenoid N
",C15H18O3,246.1256,1422467-70-6,,萜类,C[C@]12[C@@](C(CC[C@@H]1O)=C)([H])C(C(C(C)=CO3)=C3C2)=O,"InChI=1S/C15H18O3/c1-8-4-5-11(16)15(3)6-10-12(9(2)7-18-10)14(17)13(8)15/h7,11,13,16H,1,4-6H2,2-3H3/t11-,13+,15+/m0/s1",VPCZCPWRDAODNF-NJZAAPMLSA-N,没药
MY-061,柳杉二醇,"proximadiol
",C15H28O2,240.2089,4666-84-6,,萜类,C[C@]12[C@@]([C@@](O)(C)CCC2)([H])C[C@@H](C(C)(O)C)CC1,"InChI=1S/C15H28O2/c1-13(2,16)11-6-9-14(3)7-5-8-15(4,17)12(14)10-11/h11-12,16-17H,5-10H2,1-4H3/t11-,12+,14+,15+/m0/s1",LKKDASYGWYYFIK-CTHBEMJXSA-N,没药
MY-062,/,"commiphorane El
",C15H20O4,264.1362,2247437-26-7,,萜类,CC1=COC2=C1C([C@]([C@](CC[C@@H]3O)(O)C)([H])[C@@]3(C)C2)=O,"InChI=1S/C15H20O4/c1-8-7-19-9-6-14(2)10(16)4-5-15(3,18)13(14)12(17)11(8)9/h7,10,13,16,18H,4-6H2,1-3H3/t10-,13+,14-,15-/m0/s1",QXEXMTIZXNCRJO-PUPMMZHASA-N,没药
MY-063,/,"commiphorane E2
",C15H16O4,260.1049,2247437-27-8,,萜类,CC1=COC2=C1C(C3=C(C)[C@@H](O)[C@H]4[C@H](O4)[C@]3(C)C2)=O,"InChI=1S/C15H16O4/c1-6-5-18-8-4-15(3)10(12(17)9(6)8)7(2)11(16)13-14(15)19-13/h5,11,13-14,16H,4H2,1-3H3/t11-,13+,14+,15-/m1/s1",POAUEGBXWAHSNL-UQOMUDLDSA-N,没药
MY-064,/,"commiphorane E3
",C15H14O3,242.0943,2231045-14-8,,萜类,CC1=COC2=C1C(C3=C(C)C(C=C[C@]3(C)C2)=O)=O,"InChI=1S/C15H14O3/c1-8-7-18-11-6-15(3)5-4-10(16)9(2)13(15)14(17)12(8)11/h4-5,7H,6H2,1-3H3/t15-/m1/s1",FTKRLILISOQTTL-OAHLLOKOSA-N,没药
MY-065,/,"commiphorane F
",C15H22O4,264.1362,2187408-94-0,,萜类,CC1=COC2=C1C([C@]([C@](C)(O)CC[C@H]3O)([H])[C@@]3(C)C2)=O,"InChI=1S/C15H20O4/c1-8-7-19-9-6-14(2)10(16)4-5-15(3,18)13(14)12(17)11(8)9/h7,10,13,16,18H,4-6H2,1-3H3/t10-,13-,14+,15-/m1/s1",QXEXMTIZXNCRJO-QPKOPYBWSA-N,没药
MY-066,/,"commiphorane I
",C15H26O2,238.1933,/,,萜类,C[C@@]12[C@](C(CO)=CC[C@@H]2O)([H])C[C@@H](C(C)C)CC1,"InChI=1S/C15H26O2/c1-10(2)11-6-7-15(3)13(8-11)12(9-16)4-5-14(15)17/h4,10-11,13-14,16-17H,5-9H2,1-3H3/t11-,13+,14-,15-/m0/s1",IWPJKJJHKOLPPX-ATGSNQNLSA-N,没药
MY-067,/,"furanoeudesma-l,4-diene-6-one
",C15H16O2,228.115,/,,萜类,CC1=COC2=C1C(C3=C(C)CC=CC3(C)C2)=O,"InChI=1S/C15H16O2/c1-9-5-4-6-15(3)7-11-12(10(2)8-17-11)14(16)13(9)15/h4,6,8H,5,7H2,1-3H3",ZAUXXSQCVPKKPE-UHFFFAOYSA-N,没药
MY-068,/,"5-αH,8-βH-eudesma-1,3,7(11)-trien-8,12-olide
",C15H18O2,230.1307,/,,萜类,CC1=C2CC(C(C)=CC=C3)C3(C)CC2OC1=O,"InChI=1S/C15H18O2/c1-9-5-4-6-15(3)8-13-11(7-12(9)15)10(2)14(16)17-13/h4-6,12-13H,7-8H2,1-3H3",MUUFCNJBWLIDFJ-UHFFFAOYSA-N,没药
MY-069,/,"lindestrenolide
",C15H18O2,230.1307, 20267-90-7,,萜类,CC1=C2C[C@](C(CC=C3)=C)([H])[C@@]3(C)C[C@]2([H])OC1=O,"InChI=1S/C15H18O2/c1-9-5-4-6-15(3)8-13-11(7-12(9)15)10(2)14(16)17-13/h4,6,12-13H,1,5,7-8H2,2-3H3/t12-,13-,15+/m0/s1",JQICWKRTHOPTEO-KCQAQPDRSA-N,没药
MY-070,/,"isohydroxylindestrenolide
",C15H18O3,246.1256,/,,萜类,CC1=C2C[C@](C(C)=CC=C3)([H])[C@@]3(C)C[C@]2(O)OC1=O,"InChI=1S/C15H18O3/c1-9-5-4-6-14(3)8-15(17)12(7-11(9)14)10(2)13(16)18-15/h4-6,11,17H,7-8H2,1-3H3/t11-,14+,15-/m0/s1",LIYWCRLSRYPRBF-GLQYFDAESA-N,没药
MY-071,白术内酯 III,"Atractylenolide
",C15H20O3,248.1412, 73030-71-4,,萜类,CC1=C2C[C@](C(CCC3)=C)([H])[C@@]3(C)C[C@]2(O)OC1=O,"InChI=1S/C15H20O3/c1-9-5-4-6-14(3)8-15(17)12(7-11(9)14)10(2)13(16)18-15/h11,17H,1,4-8H2,2-3H3/t11-,14+,15-/m0/s1",FBMORZZOJSDNRQ-GLQYFDAESA-N,没药
MY-072,/,"4β-hydroxy-8,12-epoxyeudesma-7,11-diene-1,6-dione",C15H18O4,262.1205,1079243-68-7,,萜类,CC1=COC2=C1C([C@]([C@@](O)(C)CCC3=O)([H])[C@@]3(C)C2)=O,"InChI=1S/C15H18O4/c1-8-7-19-9-6-14(2)10(16)4-5-15(3,18)13(14)12(17)11(8)9/h7,13,18H,4-6H2,1-3H3/t13-,14+,15-/m1/s1",JSTVAWBAYPLCTK-QLFBSQMISA-N,没药
MY-073,/,"myrrhterpenoid G
",C16H18O3,258.1256,1392420-28-8,,萜类,CC1=COC(C=C2C)=C1C(C3=C2[C@@H](OC)C[C@H]3C)=O,"InChI=1S/C16H18O3/c1-8-6-12-14(10(3)7-19-12)16(17)15-9(2)5-11(18-4)13(8)15/h6-7,9,11H,5H2,1-4H3/t9-,11+/m1/s1",NLLBRDAZLBBUNX-KOLCDFICSA-N,没药
MY-074,/,"myrrhterpenoid H
",C16H20O4,276.1362,1392420-29-9,,萜类,CC1=COC(C2)=C1C([C@]3([H])[C@@H](C)[C@H](OC)[C@@H](O)[C@]3([H])C2=C)=O,"InChI=1S/C16H20O4/c1-7-5-10-11(8(2)6-20-10)14(17)13-9(3)16(19-4)15(18)12(7)13/h6,9,12-13,15-16,18H,1,5H2,2-4H3/t9-,12-,13-,15+,16+/m1/s1",KMROMGJCRAAQMI-CEMKBHKYSA-N,没药
MY-075,/,"myrrhterpenoid I
",C16H22O4,278.1518,1392420-30-2,,萜类,CC1=COC2=C1C([C@]3([H])[C@@H](C)C[C@H](OC)[C@@]3([H])[C@@](O)(C)C2)=O,"InChI=1S/C16H22O4/c1-8-5-10(19-4)14-13(8)15(17)12-9(2)7-20-11(12)6-16(14,3)18/h7-8,10,13-14,18H,5-6H2,1-4H3/t8-,10-,13+,14+,16+/m0/s1",FRXZUQMRIHENQU-BODREVFWSA-N,没药
MY-076,/,"myrrhterpenoid K
",C15H18O3,246.1256,1422467-68-2,,萜类,CC1=COC(C2)=C1C([C@]3([H])[C@@H](C)C[C@@H](O)[C@]3([H])C2=C)=O,"InChI=1S/C15H18O3/c1-7-4-10(16)12-8(2)5-11-13(9(3)6-18-11)15(17)14(7)12/h6-7,10,12,14,16H,2,4-5H2,1,3H3/t7-,10+,12-,14+/m0/s1",WBNLLLLVRKYJFP-RJRPWBDWSA-N,没药
MY-077,/,"myrrhterpenoid L
",C15H20O5,280.1311,1422467-69-3,,萜类,CC1=COC(C2)=C1C([C@]3([H])[C@@H](C)C[C@@H](O)[C@]3([H])C2=C)=O,"InChI=1S/C15H18O3/c1-7-4-10(16)12-8(2)5-11-13(9(3)6-18-11)15(17)14(7)12/h6-7,10,12,14,16H,2,4-5H2,1,3H3/t7-,10+,12-,14+/m0/s1",WBNLLLLVRKYJFP-RJRPWBDWSA-N,没药
MY-078,/,"orientalol E
",C15H26O3,254.1882,612057-32-6,,萜类,O[C@H]1[C@]2([H])[C@](O)(C)CC[C@@]2([H])[C@](C)(O3)CC[C@@]13C(C)C,"InChI=1S/C15H26O3/c1-9(2)15-8-7-14(4,18-15)10-5-6-13(3,17)11(10)12(15)16/h9-12,16-17H,5-8H2,1-4H3/t10-,11-,12+,13+,14-,15-/m1/s1",JNTOHIOAISZSEJ-PEZGRIKUSA-N,没药
MY-079,/,"4a-methoxy-6-guaien-10a-ol
",C16H28O2,252.2089,/,,萜类,C[C@@]1(OC)CC[C@]2([H])[C@](C)(O)CCC(C(C)C)=C[C@@]12[H],"InChI=1S/C16H28O2/c1-11(2)12-6-8-15(3,17)13-7-9-16(4,18-5)14(13)10-12/h10-11,13-14,17H,6-9H2,1-5H3/t13-,14+,15+,16+/m0/s1",XIEPKGKUTCZHLV-ZJIFWQFVSA-N,没药
MY-080,/,commiphorane J  ,C15H24O2,236.1776,/,,萜类,C[C@@]([C@@]1([H])CC(C(C)(O)C)=CC2)(O)CC[C@@]1([H])C2=C,"InChI=1S/C15H24O2/c1-10-5-6-11(14(2,3)16)9-13-12(10)7-8-15(13,4)17/h6,12-13,16-17H,1,5,7-9H2,2-4H3/t12-,13-,15+/m0/s1",KNBQENOFCUDWCH-KCQAQPDRSA-N,没药
MY-081,/,"6β,7β-epoxy-4α-hydroxyguaian-10-ene  ",C15H24O2,236.1776,/,,萜类,C[C@]([C@@]1([H])[C@H](O2)[C@]2(CC3)C(C)C)(O)CC[C@@]1([H])C3=C,"InChI=1S/C15H24O2/c1-9(2)15-8-5-10(3)11-6-7-14(4,16)12(11)13(15)17-15/h9,11-13,16H,3,5-8H2,1-2,4H3/t11-,12+,13-,14-,15-/m0/s1",DHOMMAYDBREASS-AICCOOGYSA-N,没药
MY-082,/,"2-methoxyfuranoguaia-9-ene-8-one
",C16H20O3,260.1412,/,,萜类,CC1=COC(C2C(C)CC(OC)C2C(C)=C3)=C1C3=O,"InChI=1S/C16H20O3/c1-8-5-11(17)13-10(3)7-19-16(13)15-9(2)6-12(18-4)14(8)15/h5,7,9,12,14-15H,6H2,1-4H3",CRFQMYMTPWUTGB-UHFFFAOYSA-N,没药
MY-083,/,"guai-1(10),5,7(11),8-tetradien-12,8-olide
",C15H16O2,228.115,/,,萜类,CC1=C2C=C3[C@H](C)CCC3=C(C)C=C2OC1=O,"InChI=1S/C15H16O2/c1-8-4-5-11-9(2)6-14-13(7-12(8)11)10(3)15(16)17-14/h6-8H,4-5H2,1-3H3/t8-/m1/s1",OGJFTQVVQQMGJG-MRVPVSSYSA-N,没药
MY-084,/,"commiphoranoid A
",C15H18O3,246.1256,/,,萜类,CC1=C[C@@]2([H])[C@@](C(C(C[C@@H](C)C2)=O)=C(C)C3=O)(O3)C1,"InChI=1S/C15H18O3/c1-8-4-11-5-9(2)7-15(11)13(12(16)6-8)10(3)14(17)18-15/h5,8,11H,4,6-7H2,1-3H3/t8-,11-,15-/m0/s1",SINFEFHJAUYAKE-CYBUAMNDSA-N,没药
MY-085,/,commiphoranoid B,C15H16O2,228.115,/,,萜类,O=C1C2=C(C(C(C)=CO3)=C3C=C1C)C[C@@H](C)C2,"InChI=1S/C15H16O2/c1-8-4-11-12(5-8)15(16)9(2)6-13-14(11)10(3)7-17-13/h6-8H,4-5H2,1-3H3/t8-/m1/s1",BVSWMALNWHNOFR-MRVPVSSYSA-N,没药
MY-086,/,"11-methoxyl-guaia-6,10-dien-4α-ol",C16H26O2,250.1933,/,,萜类,C=C1[C@]2([H])CC[C@](O)(C)[C@]([H])2C=C(C(C)(C)OC)CC1.C,"InChI=1S/C16H26O2.CH4/c1-11-6-7-12(15(2,3)18-5)10-14-13(11)8-9-16(14,4)17;/h10,13-14,17H,1,6-9H2,2-5H3;1H4/t13-,14-,16+;/m0./s1",QRCSRTPLNKTARY-ZPQOTBKHSA-N,没药
MY-087,/,"(1R,4S,5R,10R)-isodauc-6-en-10,14-diol",C15H26O2,238.1933,/,,萜类,[H][C@]12[C@H](C(C)C)CC[C@](C)1[C@H](O)CCC(CO)=C2,"InChI=1S/C15H26O2/c1-10(2)12-6-7-15(3)13(12)8-11(9-16)4-5-14(15)17/h8,10,12-14,16-17H,4-7,9H2,1-3H3/t12-,13-,14+,15+/m0/s1",IDZQOYPXKXBZAG-BYNSBNAKSA-N,没药
MY-088,/,10α-hydroxy-isodauc-6-en-14-al,C15H24O2,236.1776,/,,萜类,[H][C@@]12[C@@H](C(C)C)CC[C@](C)1[C@H](O)CCC(C=O)=C2,"InChI=1S/C15H24O2/c1-10(2)12-6-7-15(3)13(12)8-11(9-16)4-5-14(15)17/h8-10,12-14,17H,4-7H2,1-3H3/t12-,13-,14-,15-/m1/s1",VBTLMTQHIPAVNS-KBUPBQIOSA-N,没药
MY-089,/,"guaia-6,10-dien-4a,1 1-diol",C15H24O2,236.1776,/,,萜类,[H][C@]12CC[C@](O)(C)[C@]1([H])C=C(C(C)(O)C)CCC2=C,"InChI=1S/C15H24O2/c1-10-5-6-11(14(2,3)16)9-13-12(10)7-8-15(13,4)17/h9,12-13,16-17H,1,5-8H2,2-4H3/t12-,13-,15-/m1/s1",SYQJVLQILKBDAA-UMVBOHGHSA-N,没药
MY-090,/,orientalol B,C15H26O3,254.1882,147368-35-2,,萜类,[H][C@@]12CC[C@@](O)(C)[C@@]1([H])C=C(C(C)C)CC[C@]2(CO)O,"InChI=1S/C15H26O3/c1-10(2)11-4-7-15(18,9-16)12-5-6-14(3,17)13(12)8-11/h8,10,12-13,16-18H,4-7,9H2,1-3H3/t12-,13+,14+,15-/m1/s1",IBEULDMGWROYNC-CBBWQLFWSA-N,没药
MY-091,/,"(1S,4R,5R,10S)-isodauc-6-en-10,14-diol",C15H26O2,238.1933,/,,萜类,[H][C@]12[C@@H](C(C)C)CC[C@@](C)1[C@@H](O)CCC(CO)=C2,"InChI=1S/C15H26O2/c1-10(2)12-6-7-15(3)13(12)8-11(9-16)4-5-14(15)17/h8,10,12-14,16-17H,4-7,9H2,1-3H3/t12-,13+,14+,15+/m1/s1",IDZQOYPXKXBZAG-QPSCCSFWSA-N,没药
MY-092,/,"(1S,4S,5R,10S)-isodauc-6-en-10,14-diol",C15H26O2,238.1933,/,,萜类,[H][C@]12[C@H](C(C)C)CC[C@@](C)1[C@@H](O)CCC(CO)=C2,"InChI=1S/C15H26O2/c1-10(2)12-6-7-15(3)13(12)8-11(9-16)4-5-14(15)17/h8,10,12-14,16-17H,4-7,9H2,1-3H3/t12-,13-,14-,15-/m0/s1",IDZQOYPXKXBZAG-AJNGGQMLSA-N,没药
MY-093,/,"Atractylenolide
",C15H26O3,254.1882,2143944-61-8,,萜类,[H][C@@]12CC[C@@](O)(C)[C@@]1([H])C=C(C(C)C)[C@H](O)C[C@]2(C)O,"InChI=1S/C15H26O3/c1-9(2)10-7-12-11(5-6-14(12,3)17)15(4,18)8-13(10)16/h7,9,11-13,16-18H,5-6,8H2,1-4H3/t11-,12+,13-,14+,15+/m1/s1",APPGLRFJAUHBLZ-SEBNEYGDSA-N,没药
MY-094,/,guaiandiol,C15H26O2,238.1933,/,,萜类,[H][C@]12CC[C@](O)(C)[C@]1([H])C=C(C(C)C)CC[C@]2(C)O,"InChI=1S/C15H26O2/c1-10(2)11-5-7-14(3,16)12-6-8-15(4,17)13(12)9-11/h9-10,12-13,16-17H,5-8H2,1-4H3/t12-,13+,14-,15+/m0/s1",IWQURBSTAIRNAE-LJISPDSOSA-N,没药
MY-095,/,canangaterpene Ⅵ,C15H24O2,236.1776,/,,萜类,C[C@@]12CC[C@H](C(C)C)[C@@]1([H])C=C(C=O)CC[C@@H]2O,"InChI=1S/C15H24O2/c1-10(2)12-6-7-15(3)13(12)8-11(9-16)4-5-14(15)17/h8-10,12-14,17H,4-7H2,1-3H3/t12-,13-,14+,15-/m1/s1",VBTLMTQHIPAVNS-APIJFGDWSA-N,没药
MY-096,/,"rel-(+)-(1S,4R,7S)-11-acetyl-guai-10(14)-en-4,11-ol",C17H28O3,280.2038,/,,萜类,[H][C@]12CC[C@](O)(C)C1([H])C[C@@H](C(OC(C)=O)(C)C)CCC2=C,"InChI=1S/C17H28O3/c1-11-6-7-13(16(3,4)20-12(2)18)10-15-14(11)8-9-17(15,5)19/h13-15,19H,1,6-10H2,2-5H3/t13-,14+,15?,17+/m0/s1",BVCFBFNQCMEHNS-HJGDVNRJSA-N,没药
MY-097,/,"rel-(+)-(4R,5R,7S)-11-Acetyl-guai-1(10)-en-4,11-ol",C17H28O3,280.2038,/,,萜类,[H][C@]1(C2)[C@@](O)(C)CCC1=C(C)CC[C@@H]2C(OC(C)=O)(C)C,"InChI=1S/C17H28O3/c1-11-6-7-13(16(3,4)20-12(2)18)10-15-14(11)8-9-17(15,5)19/h13,15,19H,6-10H2,1-5H3/t13-,15+,17+/m0/s1",CCNBXUHQHOLBCP-YSVLISHTSA-N,没药
MY-098,莪术烯,curzerene,C15H20O,216.1514,17910-09-7,,萜类,CC1=COC2=C1C[C@@H](C(C)=C)[C@@](C=C)(C)C2,"InChI=1S/C15H20O/c1-6-15(5)8-14-12(11(4)9-16-14)7-13(15)10(2)3/h6,9,13H,1-2,7-8H2,3-5H3/t13-,15+/m0/s1",HICAMHOOTMOHPA-DZGCQCFKSA-N,没药
MY-099, 莪术酮,curzerenone,C15H18O2,230.1307,20493-56-5,,萜类,CC1=COC2=C1C([C@@H](C(C)=C)[C@@](C=C)(C)C2)=O,"InChI=1S/C15H18O2/c1-6-15(5)7-11-12(10(4)8-17-11)14(16)13(15)9(2)3/h6,8,13H,1-2,7H2,3-5H3/t13-,15-/m1/s1",ZVMJXSJCBLRAPD-UKRRQHHQSA-N,没药
MY-100,/,2-methoxy-isofuranogermacrene,C16H22O2,246.162,/,,萜类,CC1=COC2=C1CC(C(C)=C)C(/C=C/OC)(C)C2,"InChI=1S/C16H22O2/c1-11(2)14-8-13-12(3)10-18-15(13)9-16(14,4)6-7-17-5/h6-7,10,14H,1,8-9H2,2-5H3/b7-6+",SENCNDUBWCHKDU-VOTSOKGWSA-N,没药
MY-101,/,2-acetyl-isofuranogermacrene,C17H22O3,274.1569,/,,萜类,CC1=COC2=C1CC(C(C)=C)C(/C=C/OC(C)=O)(C)C2,"InChI=1S/C17H22O3/c1-11(2)15-8-14-12(3)10-20-16(14)9-17(15,5)6-7-19-13(4)18/h6-7,10,15H,1,8-9H2,2-5H3/b7-6+",FZKUUYVZKXDUGM-VOTSOKGWSA-N,没药
MY-102,/,γ-Elemane lactone,C15H18O2,230.1307,1919028-92-4,,萜类,CC1=C2CC(C(C)=C)C(C=C)(C)C=C2OC1=O,"InChI=1S/C15H18O2/c1-6-15(5)8-13-11(7-12(15)9(2)3)10(4)14(16)17-13/h6,8,12H,1-2,7H2,3-5H3",LKYACQYLIXCXCR-UHFFFAOYSA-N,没药
MY-103,β-榄香烯,β-elemene,C15H24,204.1878,33880-83-0,,萜类,C=C[C@@]1(C)[C@H](C(C)=C)C[C@H](C(C)=C)CC1,"InChI=1S/C15H24/c1-7-15(6)9-8-13(11(2)3)10-14(15)12(4)5/h7,13-14H,1-2,4,8-10H2,3,5-6H3/t13-,14+,15-/m1/s1",OPFTUNCRGUEPRZ-QLFBSQMISA-N,没药
MY-104,/,hydroxyisogermafurenolide,C15H20O3,248.1412,20267-91-8,,萜类,CC1=C2C[C@](C(C)=C)([H])[C@@](C=C)(C)C[C@]2(O)OC1=O,"InChI=1S/C15H20O3/c1-6-14(5)8-15(17)12(7-11(14)9(2)3)10(4)13(16)18-15/h6,11,17H,1-2,7-8H2,3-5H3/t11-,14+,15-/m0/s1",SZSKOUUYIBMAJD-GLQYFDAESA-N,没药
MY-105, 异吉马呋内酯,Isogermafurenolide,C15H20O2,232.1463,20267-89-4,,萜类,CC1=C2C[C@](C(C)=C)([H])[C@@](C=C)(C)C[C@]2([H])OC1=O,"InChI=1S/C15H20O2/c1-6-15(5)8-13-11(7-12(15)9(2)3)10(4)14(16)17-13/h6,12-13H,1-2,7-8H2,3-5H3/t12-,13-,15+/m0/s1",IEOHWPUTLCTSCQ-KCQAQPDRSA-N,没药
MY-106,/,8-epi-2-methoxyisogermafurenolide,C16H22O3,262.1569,2764781-22-6,,萜类,CC1=C2C[C@](C(C)=C)([H])[C@](/C=C/OC)(C)C[C@]2([H])OC1=O,"InChI=1S/C16H22O3/c1-10(2)13-8-12-11(3)15(17)19-14(12)9-16(13,4)6-7-18-5/h6-7,13-14H,1,8-9H2,2-5H3/b7-6+/t13-,14-,16-/m0/s1",LUVVOOUOSSCYRB-JDJZTWRCSA-N,没药
MY-107,/,Methoxyisogermafurenolide,C16H22O3,262.1569,2604667-38-9,,萜类,CC1=C2C[C@](C(C)=C)([H])[C@@](/C=C/OC)(C)C[C@]2([H])OC1=O,"InChI=1S/C16H22O3/c1-10(2)13-8-12-11(3)15(17)19-14(12)9-16(13,4)6-7-18-5/h6-7,13-14H,1,8-9H2,2-5H3/b7-6+/t13-,14-,16+/m0/s1",LUVVOOUOSSCYRB-RXDJVFEXSA-N,没药
MY-108,/,myrrhalactone C,C12H14O3,206.0943,2708975-09-9,,萜类,O=C1C2=C(C(O)=C(O)C=C2C)C[C@@H](C)C1,"InChI=1S/C12H14O3/c1-6-3-8-11(9(13)4-6)7(2)5-10(14)12(8)15/h5-6,14-15H,3-4H2,1-2H3/t6-/m1/s1",HSZQDURZCKMORI-ZCFIWIBFSA-N,没药
MY-109,/,commiphorane C,C17H20O5,304.1311,2073948-99-7,,萜类,O=C(C)O[C@@H]1[C@@H](C)C[C@H](O)[C@@]2(C)C(C1=CC(C)=C3)=C3OC2=O,"InChI=1S/C17H20O5/c1-8-5-11-14-12(6-8)22-16(20)17(14,4)13(19)7-9(2)15(11)21-10(3)18/h5-6,9,13,15,19H,7H2,1-4H3/t9-,13-,15+,17-/m0/s1",BKLABQGVOSZCRU-GRNFZMSTSA-N,没药
MY-110,/,commiphorane D,C17H20O5,304.1311,2073949-00-3,,萜类,O=C(C)O[C@@H]1[C@@H](C)C[C@@H](O)[C@@]2(C)C(C1=CC(C)=C3)=C3OC2=O,"InChI=1S/C17H20O5/c1-8-5-11-14-12(6-8)22-16(20)17(14,4)13(19)7-9(2)15(11)21-10(3)18/h5-6,9,13,15,19H,7H2,1-4H3/t9-,13+,15+,17-/m0/s1",BKLABQGVOSZCRU-PADGRYFOSA-N,没药
MY-111,/,"9-nor-9,10-seco-isolindestrenolide",C14H16O2,216.115,2764781-16-8,,萜类,CC1=C(CC2=C(C)C(OC2)=O)C(C)=CC=C1,"InChI=1S/C14H16O2/c1-9-5-4-6-10(2)13(9)7-12-8-16-14(15)11(12)3/h4-6H,7-8H2,1-3H3",ZONSJGWOWDWHFG-UHFFFAOYSA-N,没药
MY-112,/,"9,10-seco-isohydroxylindestrenolide",C15H18O3,246.1256,2764781-17-9,,萜类,CC1=C(CC2=C(C)C(OC2(C)O)=O)C(C)=CC=C1,"InChI=1S/C15H18O3/c1-9-6-5-7-10(2)12(9)8-13-11(3)14(16)18-15(13,4)17/h5-7,17H,8H2,1-4H3",KAQDLHFKRYNAOA-UHFFFAOYSA-N,没药
MY-113,/,myrrhanoperoxide,C14H18O4,250.1205,2764781-18-0,,萜类,CC(C(OC1)=O)=C1[C@H]2OO[C@]3([H])CC[C@@H](C(C)=C)[C@@]32[H],"InChI=1S/C14H18O4/c1-7(2)9-4-5-11-12(9)13(18-17-11)10-6-16-14(15)8(10)3/h9,11-13H,1,4-6H2,2-3H3/t9-,11+,12-,13+/m0/s1",VKUQPLRKPQFOQG-ZBAXXZLZSA-N,没药
MY-114,/,commiphoratone A,C30H32O6,488.2199,/,,萜类,O=C1C2=C(C([C@@]([C@@](C(C(C[C@@H](C)CC3=O)=C3[C@H]4C)=C5C)(OC5=O)[C@H]4O6)(C)[C@H]6O7)=C7C=C2C)C[C@@H](C)C1,"InChI=1S/C30H32O6/c1-12-7-17-22(19(31)9-12)14(3)11-21-25(17)29(6)28(34-21)35-26-15(4)23-18(8-13(2)10-20(23)32)24-16(5)27(33)36-30(24,26)29/h11-13,15,26,28H,7-10H2,1-6H3/t12-,13-,15-,26+,28+,29+,30+/m1/s1",ITVGQZHSTOVIHX-AXIFMQDBSA-N,没药
MY-115,/,commiphoratone B,C31H44O4,480.324,/,,萜类,CC1=COC2=C1C([C@]3([H])[C@@H](C)C[C@H](OC)[C@@]3([H])[C@]4(C)[C@@]2([H])[C@]5([H])C(C4)=CC[C@@]6([H])[C@@]5([H])[C@](C(C)C)([H])CC[C@]6(C)O)=O,"InChI=1S/C31H44O4/c1-15(2)19-10-11-31(6,33)20-9-8-18-13-30(5)26-21(34-7)12-16(3)22(26)28(32)23-17(4)14-35-29(23)27(30)24(18)25(19)20/h8,14-16,19-22,24-27,33H,9-13H2,1-7H3/t16-,19+,20-,21-,22+,24+,25+,26+,27-,30+,31-/m0/s1",ISXLHKYNCSPWBM-LRKRUIHTSA-N,没药
MY-116,/,commiphoroid A,C33H48O6,540.3451,2222719-46-0,,萜类,C[C@@]1(O2)[C@@H]2CC[C@@]3(C)[C@]([C@@]4(C/C(C)=C/[C@@H](OC)C[C@H](C)[C@@H](OC(C)=O)C5=O)C5=C(C)[C@@H]3O4)([H])/C=C(C(C)C)/CC1,"InChI=1S/C33H48O6/c1-18(2)23-10-13-32(8)26(38-32)11-12-31(7)25(16-23)33-17-19(3)14-24(36-9)15-20(4)29(37-22(6)34)28(35)27(33)21(5)30(31)39-33/h14,16,18,20,24-26,29-30H,10-13,15,17H2,1-9H3/b19-14+,23-16+/t20-,24+,25-,26-,29+,30-,31-,32-,33-/m0/s1",CBEUSPWWQHYMEK-WYUAZNKXSA-N,没药
MY-117,/,commiphoroid B,C33H48O6,540.3451,2222719-47-1,,萜类,C[C@]1(O2)[C@H]2CC[C@@]3(C)[C@]([C@@]4(C/C(C)=C/[C@@H](OC)C[C@H](C)[C@@H](OC(C)=O)C5=O)C5=C(C)[C@@H]3O4)([H])/C=C(C(C)C)/CC1,"InChI=1S/C33H48O6/c1-18(2)23-10-13-32(8)26(38-32)11-12-31(7)25(16-23)33-17-19(3)14-24(36-9)15-20(4)29(37-22(6)34)28(35)27(33)21(5)30(31)39-33/h14,16,18,20,24-26,29-30H,10-13,15,17H2,1-9H3/b19-14+,23-16+/t20-,24+,25-,26+,29+,30-,31-,32+,33-/m0/s1",CBEUSPWWQHYMEK-AMOXROLOSA-N,没药
MY-118,/,commiphoroid C,C27H28O4,416.1988,2222719-48-2,,萜类,O=C1C[C@@H](C)CC2=C1[C@@H](C)CC3=C2[C@](OC4=C5C6=C(O)C=C(C)C5=CC=C4C)(C)[C@]6([H])O3,"InChI=1S/C27H28O4/c1-12-8-17-21(18(28)9-12)15(4)11-20-24(17)27(5)26(30-20)23-19(29)10-14(3)16-7-6-13(2)25(31-27)22(16)23/h6-7,10,12,15,26,29H,8-9,11H2,1-5H3/t12-,15-,26+,27+/m0/s1",NBQQEESUQLKHEK-DBFMHZECSA-N,没药
MY-119,/,commiphoroid D,C33H48O6,540.741,2222719-49-3,,萜类,CC(C)[C@@H]1[C@]2([H])[C@@](CC=C3[C@@]2([H])[C@@H](O4)C(C)=C5[C@]4(C/C(C)=C/[C@@H](OC)C[C@H](C)[C@@H](OC(C)=O)C5=O)C3)([H])[C@](O)(C)CC1,"InChI=1S/C33H48O6/c1-17(2)24-11-12-32(7,36)25-10-9-22-16-33-15-18(3)13-23(37-8)14-19(4)30(38-21(6)34)29(35)28(33)20(5)31(39-33)26(22)27(24)25/h9,13,17,19,23-27,30-31,36H,10-12,14-16H2,1-8H3/b18-13+/t19-,23+,24+,25-,26+,27+,30+,31-,32-,33-/m0/s1",OMPQGVAGVXMTFH-PLRZZUGLSA-N,没药
MY-120,/,commiphoroid E,C31H44O4,480.324,/,,萜类,C/C1=C\CC[C@@]2(C)[C@]([C@@]3(CC(/C=C/[C@@H](OC)[C@H](C)CC4=O)=O)C4=C(C)[C@]2(C)O3)([H])/C=C(C(C)C)\CC1,"InChI=1S/C31H44O4/c1-19(2)23-12-11-20(3)10-9-15-29(6)27(17-23)31-18-24(32)13-14-26(34-8)21(4)16-25(33)28(31)22(5)30(29,7)35-31/h10,13-14,17,19,21,26-27H,9,11-12,15-16,18H2,1-8H3/b14-13+,20-10+,23-17+/t21-,26-,27+,29+,30+,31+/m1/s1",YPGCQTUCQFHUKO-APDCKJCSSA-N,没药
MY-121,/,commiphoroid F,C30H42O4,466.3083,/,,萜类,C[C@]1(O2)[C@@H]2CC[C@@]3(C)[C@]([C@]4(CC([C@H](O5)[C@H]5C[C@H](C)CC6=O)=C)C6=C(C)[C@@]3([H])O4)([H])/C=C(C(C)C)/CC1,"InChI=1S/C30H42O4/c1-16(2)20-8-11-29(7)24(33-29)9-10-28(6)23(14-20)30-15-18(4)26-22(32-26)13-17(3)12-21(31)25(30)19(5)27(28)34-30/h14,16-17,22-24,26-27H,4,8-13,15H2,1-3,5-7H3/b20-14+/t17-,22-,23+,24+,26+,27-,28+,29-,30-/m1/s1",GMXBKDAFUHSDIX-GENLXODTSA-N,没药
MY-122,/,spirocommiphorfuran A,C31H38O6,506.2668,/,,萜类,CO[C@H](/C=C/1)[C@H](C)CC(C2=C(OC=C2C)C[C@@]31C[C@@]4(C5=C(C)[C@H]3O4)CC([C@@H]6[C@H](O6)C[C@H](C)CC5=O)=C)=O,"InChI=1S/C31H38O6/c1-16-9-22(33)27-20(5)29-30(15-31(27,37-29)12-18(3)28-24(10-16)36-28)8-7-23(34-6)17(2)11-21(32)26-19(4)14-35-25(26)13-30/h7-8,14,16-17,23-24,28-29H,3,9-13,15H2,1-2,4-6H3/b8-7+/t16-,17-,23-,24-,28-,29-,30+,31-/m1/s1",VLZYAKRYQKKSBX-NBVUSLGASA-N,没药
MY-123,/,commiphorine A,C31H38O5,490.2719,/,,萜类,C[C@@H]1C[C@@H](OC)[C@]([C@@]1([H])C2=O)([H])[C@]3(C)[C@]([C@@](/C=C\C[C@@H](C)CC4=O)(CC5=C4C(C)=CO5)C3)([H])C6=C2C(C)=CO6,"InChI=1S/C31H38O5/c1-16-8-7-9-31(12-22-23(20(32)10-16)18(3)13-35-22)15-30(5)26-21(34-6)11-17(2)24(26)27(33)25-19(4)14-36-28(25)29(30)31/h7,9,13-14,16-17,21,24,26,29H,8,10-12,15H2,1-6H3/b9-7-/t16-,17-,21-,24+,26+,29+,30-,31+/m1/s1",GFUCXLYAAZJSNW-UDVZPQRHSA-N,没药
MY-124,/,commiphorine B,C27H28O5,432.1937,2847895-84-3,,萜类,O=C1C2=C(C([C@](OC(C=C(C)C3=C4C[C@@H](C)CC3=O)=C4O5)(C)[C@]5([H])O6)=C6C=C2C)C[C@@H](C)C1,"InChI=1S/C27H28O5/c1-12-6-16-22(18(28)8-12)14(3)10-20-24(16)27(5)26(30-20)31-25-17-7-13(2)9-19(29)23(17)15(4)11-21(25)32-27/h10-13,26H,6-9H2,1-5H3/t12-,13-,26-,27-/m1/s1",LWANUHATZUPUMD-UXOQXLMBSA-N,没药
MY-125,/,commiphoranoid D,C39H56O6,620.4077,/,,萜类,OC([C@]1(C)CCC[C@@]2(C)[C@@]1([H])CC(C3=C[C@@]([C@@]4([H])C(C)=C(C(C[C@H](C)[C@@H](OC)[C@@]5([H])C=C(CC(C)C)C6)=O)[C@@]56O4)(C(C)C)CC[C@@]32[H])=O)=O,"InChI=1S/C39H56O6/c1-21(2)15-25-17-28-33(44-9)23(5)16-30(41)32-24(6)34(45-39(28,32)19-25)38(22(3)4)14-11-27-26(20-38)29(40)18-31-36(27,7)12-10-13-37(31,8)35(42)43/h17,20-23,27-28,31,33-34H,10-16,18-19H2,1-9H3,(H,42,43)/t23-,27-,28+,31+,33+,34+,36+,37+,38+,39-/m0/s1",VLDIKRVUMWOKPV-DCIXSXLDSA-N,没药
MY-126,/,commiphoranoid E,C31H36O7,520.2461,/,,萜类,O=C1C[C@@H](C)CC2=C1[C@@H](C)C[C@](O3)(CC4=C[C@@]5([H])[C@@](C(C(C[C@H](C)[C@H]5OC)=O)=C(C)C6=O)(O6)C4)C2=C(C)C3=O,"InChI=1S/C31H36O7/c1-14-7-20-24(22(32)8-14)16(3)11-30(25(20)17(4)28(34)37-30)12-19-10-21-27(36-6)15(2)9-23(33)26-18(5)29(35)38-31(21,26)13-19/h10,14-16,21,27H,7-9,11-13H2,1-6H3/t14-,15-,16-,21+,27+,30-,31-/m0/s1",BRZPVTVCBCIWOK-ARZIXKGNSA-N,没药
MY-127,松香酸,abietic acid,C20H30O2,302.2246,514-10-3,,萜类,CC(C)C1=CC2=CC[C@@]3([H])[C@@](C(O)=O)(C)CCC[C@]3(C)[C@@]2([H])CC1,"InChI=1S/C20H30O2/c1-13(2)14-6-8-16-15(12-14)7-9-17-19(16,3)10-5-11-20(17,4)18(21)22/h7,12-13,16-17H,5-6,8-11H2,1-4H3,(H,21,22)/t16-,17+,19+,20+/m0/s1",RSWGJHLUYNHPMX-ONCXSQPRSA-N,没药
MY-128,山达海松酸,sandaracopimaric acid,C20H30O2,302.2246,471-74-9,,萜类,OC([C@]1(C)CCC[C@@]2(C)[C@@]1([H])CCC3=C[C@](C=C)(C)CC[C@@]32[H])=O,"InChI=1S/C20H30O2/c1-5-18(2)12-9-15-14(13-18)7-8-16-19(15,3)10-6-11-20(16,4)17(21)22/h5,13,15-16H,1,6-12H2,2-4H3,(H,21,22)/t15-,16+,18-,19+,20+/m0/s1",MHVJRKBZMUDEEV-KRFUXDQASA-N,没药
MY-129, 脱氢松香酸,dehydroabietic acid,C20H28O2,300.2089,1740-19-8,,萜类,CC(C)C1=CC=C([C@]2(C)[C@](CC3)([H])[C@@](C(O)=O)(C)CCC2)C3=C1,"InChI=1S/C20H28O2/c1-13(2)14-6-8-16-15(12-14)7-9-17-19(16,3)10-5-11-20(17,4)18(21)22/h6,8,12-13,17H,5,7,9-11H2,1-4H3,(H,21,22)/t17-,19-,20-/m1/s1",NFWKVWVWBFBAOV-MISYRCLQSA-N,没药
MY-130,/,commiphorane F,C17H22O3,274.1569,2187408-94-0,,萜类,OC([C@]1(C)CCC[C@@]2(C)[C@@]1([H])C=CC([C@]2([H])CC3)=CC3=O)=O,"InChI=1S/C17H22O3/c1-16-8-3-9-17(2,15(19)20)14(16)7-4-11-10-12(18)5-6-13(11)16/h4,7,10,13-14H,3,5-6,8-9H2,1-2H3,(H,19,20)/t13-,14+,16+,17+/m0/s1",LMEGSMADRNEZNY-XOSAIJSUSA-N,没药
MY-131,/,8(14)-podocarpen-13-on-18-oic acid,C17H24O3,276.1725,/,,萜类,OC([C@]1(C)CCC[C@@]2(C)[C@@]1([H])CCC([C@]2([H])CC3)=CC3=O)=O,"InChI=1S/C17H24O3/c1-16-8-3-9-17(2,15(19)20)14(16)7-4-11-10-12(18)5-6-13(11)16/h10,13-14H,3-9H2,1-2H3,(H,19,20)/t13-,14+,16+,17+/m0/s1",DXXGHDAWCPTRPU-XOSAIJSUSA-N,没药
MY-132,海松酸,pimaric acid,C20H30O2,302.2246,127-27-5,,萜类,C[C@@]1(C=C)CC[C@@]([C@]2(C)[C@](CC3)([H])[C@@](C(O)=O)(C)CCC2)([H])C3=C1,"InChI=1S/C20H30O2/c1-5-18(2)12-9-15-14(13-18)7-8-16-19(15,3)10-6-11-20(16,4)17(21)22/h5,13,15-16H,1,6-12H2,2-4H3,(H,21,22)/t15-,16+,18+,19+,20+/m0/s1",MHVJRKBZMUDEEV-APQLOABGSA-N,没药
MY-133,/,pimarol,C20H32O,288.2453,1686-59-5,,萜类,C[C@@]1(C=C)CC[C@@]([C@]2(C)[C@](CC3)([H])[C@@](CO)(C)CCC2)([H])C3=C1,"InChI=1S/C20H32O/c1-5-18(2)12-9-16-15(13-18)7-8-17-19(3,14-21)10-6-11-20(16,17)4/h5,13,16-17,21H,1,6-12,14H2,2-4H3/t16-,17-,18+,19-,20+/m0/s1",JEOZUAHPKAVXSF-UHZRXMQZSA-N,没药
MY-134,/,7-oxo-13a-hydroxyabiet-8(14)en-18-oic acid,C20H30O4,334.2144,/,,萜类,OC([C@]1(C)CCC[C@@]2(C)[C@@]1([H])CC(C3=C[C@@](C(C)C)(O)CC[C@@]32[H])=O)=O,"InChI=1S/C20H30O4/c1-12(2)20(24)9-6-14-13(11-20)15(21)10-16-18(14,3)7-5-8-19(16,4)17(22)23/h11-12,14,16,24H,5-10H2,1-4H3,(H,22,23)/t14-,16+,18+,19+,20-/m0/s1",UFEHYRPBLFGEJW-CGKHISLQSA-N,没药
MY-135,/,7-oxo-13β-hydro-xyabiet-8(14)-en-18-oic acid,C20H30O4,334.2144,/,,萜类,OC([C@]1(C)CCC[C@@]2(C)[C@@]1([H])CC(C3=C[C@](C(C)C)(O)CC[C@@]32[H])=O)=O,"InChI=1S/C20H30O4/c1-12(2)20(24)9-6-14-13(11-20)15(21)10-16-18(14,3)7-5-8-19(16,4)17(22)23/h11-12,14,16,24H,5-10H2,1-4H3,(H,22,23)/t14-,16+,18+,19+,20+/m0/s1",UFEHYRPBLFGEJW-RDWNTVFTSA-N,没药
MY-136,/,7-oxo-13α-methoxyabiet-8(14)-en-18-oic acid,C21H32O4,348.2301,/,,萜类,OC([C@]1(C)CCC[C@@]2(C)[C@@]1([H])CC(C3=C[C@@](C(C)C)(OC)CC[C@@]32[H])=O)=O,"InChI=1S/C21H32O4/c1-13(2)21(25-5)10-7-15-14(12-21)16(22)11-17-19(15,3)8-6-9-20(17,4)18(23)24/h12-13,15,17H,6-11H2,1-5H3,(H,23,24)/t15-,17+,19+,20+,21?/m0/s1",CDSMEVRLHTXVHK-ZDRROJRVSA-N,没药
MY-137,/,7-oxo-13β-methoxyabiet-8(14)-en-18-oic acid,C21H32O4,348.2301,/,,萜类,OC([C@]1(C)CCC[C@@]2(C)[C@@]1([H])CC(C3=C[C@](C(C)C)(OC)CC[C@@]32[H])=O)=O,"InChI=1S/C21H32O4/c1-13(2)21(25-5)10-7-15-14(12-21)16(22)11-17-19(15,3)8-6-9-20(17,4)18(23)24/h12-13,15,17H,6-11H2,1-5H3,(H,23,24)/t15-,17+,19+,20+,21?/m0/s1",CDSMEVRLHTXVHK-ZDRROJRVSA-N,没药
MY-138,/,7-0xocallitrisic acid,C20H26O3,314.1882,/,,萜类,CC(C)C(C=C1)=CC2=C1[C@]3(C)C(CC2=O)[C@@](C)(C(O)=O)CCC3,"InChI=1S/C20H26O3/c1-12(2)13-6-7-15-14(10-13)16(21)11-17-19(15,3)8-5-9-20(17,4)18(22)23/h6-7,10,12,17H,5,8-9,11H2,1-4H3,(H,22,23)/t17?,19-,20+/m1/s1",MSWJSDLNPCSSNW-GQXIWKRZSA-N,没药
MY-139,/,"abieta-8,11,13,15-tetraen-18-oic acid",C20H26O2,298.1933,/,,萜类,C=C(C)C(C=C1)=CC2=C1[C@]3(C)C(CC2)[C@](C)(C(O)=O)CCC3,"InChI=1S/C20H26O2/c1-13(2)14-6-8-16-15(12-14)7-9-17-19(16,3)10-5-11-20(17,4)18(21)22/h6,8,12,17H,1,5,7,9-11H2,2-4H3,(H,21,22)/t17?,19-,20-/m1/s1",NGBRPGLXCQJIPU-IPNZSQQUSA-N,没药
MY-140,/,"19-norabieta-5,8,11,13-tetraen-7-one",C19H24O,268.1827,/,,萜类,CC(C)C(C=C1)=CC2=C1[C@]3(C)C([C@@](C)([H])CCC3)=CC2=O,"InChI=1S/C19H24O/c1-12(2)14-7-8-16-15(10-14)18(20)11-17-13(3)6-5-9-19(16,17)4/h7-8,10-13H,5-6,9H2,1-4H3/t13-,19-/m1/s1",AXQHQNHSDHCRQZ-BFUOFWGJSA-N,没药
MY-141,/,commiphorane Kl,C19H22O2,282.162,/,,萜类,CC(C)(O)C(C=C1)=CC2=C1[C@]3(C)C(C=C2)=C(C)C(CC3)=O,"InChI=1S/C19H22O2/c1-12-15-7-5-13-11-14(18(2,3)21)6-8-16(13)19(15,4)10-9-17(12)20/h5-8,11,21H,9-10H2,1-4H3/t19-/m0/s1",XFGCFGHKCXJVIR-IBGZPJMESA-N,没药
MY-142,/,commiphorane K2,C19H26O3,302.1882,/,,萜类,O=C(C)C1=CC[C@]2([H])[C@]3(C)[C@@]([C@@](C(O)=O)(C)CCC3)([H])CCC2=C1,"InChI=1S/C19H26O3/c1-12(20)13-5-7-15-14(11-13)6-8-16-18(15,2)9-4-10-19(16,3)17(21)22/h5,11,15-16H,4,6-10H2,1-3H3,(H,21,22)/t15-,16+,18+,19+/m0/s1",HEJRKOBVKURTCX-QFHJOOASSA-N,没药
MY-143,/,3 β-hydroxy-dehydroabietic acid,C20H28O3,316.2038,/,,萜类,CC(C)C1=CC=C2[C@]3(C)C([C@@](C(O)=O)(C)[C@@H](O)CC3)CCC2=C1,"InChI=1S/C20H28O3/c1-12(2)13-5-7-15-14(11-13)6-8-16-19(15,3)10-9-17(21)20(16,4)18(22)23/h5,7,11-12,16-17,21H,6,8-10H2,1-4H3,(H,22,23)/t16?,17-,19+,20-/m0/s1",XHXDJPZUZLERBR-QKINMXFHSA-N,没药
MY-144,/,commiphorane A,C18H20O5,316.1311,2073116-18-2,,萜类,CC1=CC2=C3C4=C1C(C[C@H](C)[C@@H]4OC([C@]3(C)C[C@@](C)(O)O2)=O)=O,"InChI=1S/C18H20O5/c1-8-6-11-14-13-12(8)10(19)5-9(2)15(13)22-16(20)17(14,3)7-18(4,21)23-11/h6,9,15,21H,5,7H2,1-4H3/t9-,15-,17+,18-/m0/s1",QELQLIGVVFESFR-GADSUEIZSA-N,没药
MY-145,/,commiphorane B,C18H20O5,316.1311,2073948-98-6,,萜类,CC1=CC2=C3C4=C1C(C[C@H](C)[C@H]4OC([C@@]3(C)C[C@](C)(O)O2)=O)=O,"InChI=1S/C18H20O5/c1-8-6-11-14-13-12(8)10(19)5-9(2)15(13)22-16(20)17(14,3)7-18(4,21)23-11/h6,9,15,21H,5,7H2,1-4H3/t9-,15+,17-,18+/m0/s1",QELQLIGVVFESFR-DOVOCXTESA-N,没药
MY-146,/,commiphoranoid C,C19H26O4,318.1831,/,,萜类,O=C1C([C@@]2(O3)CC(CC(C)C)=C[C@@]2([H])[C@@H](OC)[C@H](C)C1)=C(C)C3=O,"InChI=1S/C19H26O4/c1-10(2)6-13-8-14-17(22-5)11(3)7-15(20)16-12(4)18(21)23-19(14,16)9-13/h8,10-11,14,17H,6-7,9H2,1-5H3/t11-,14+,17+,19-/m1/s1",WVFWSEKFXFVJOA-UIWIIMKRSA-N,没药
MY-147,/,neomyrrhaol,C30H52O4,476.3866,1151666-44-2,,三萜,C[C@H](CCCC(C)(O)C)[C@H]1CC[C@@]2(C)[C@]3([H])CC[C@@]4([H])C(C)(C)[C@@H](O)[C@H](O)[C@H](O)[C@]4(C5)[C@]35CC[C@@]21C,"InChI=1S/C30H52O4/c1-18(9-8-13-25(2,3)34)19-12-14-28(7)21-11-10-20-26(4,5)23(32)22(31)24(33)30(20)17-29(21,30)16-15-27(19,28)6/h18-24,31-34H,8-17H2,1-7H3/t18-,19-,20+,21+,22+,23+,24+,27-,28+,29+,30-/m1/s1",WXLJNPRYNJKXMI-RJFHKUPOSA-N,没药
MY-148,/,"cycloartane-23E-ene-1 α,2α,3β,25-tetrol",C30H50O4,474.3709,/,,三萜,C[C@H](C/C=C/C(C)(O)C)[C@H]1CC[C@@]2(C)[C@]3([H])CC[C@@]4([H])C(C)(C)[C@@H](O)[C@H](O)[C@H](O)[C@]4(C5)[C@]35CC[C@@]21C,"InChI=1S/C30H50O4/c1-18(9-8-13-25(2,3)34)19-12-14-28(7)21-11-10-20-26(4,5)23(32)22(31)24(33)30(20)17-29(21,30)16-15-27(19,28)6/h8,13,18-24,31-34H,9-12,14-17H2,1-7H3/b13-8+/t18-,19-,20+,21+,22+,23+,24+,27-,28+,29+,30-/m1/s1",AAUDVCPRPMQVGQ-NLTJIPSISA-N,没药
MY-149,/,"24R,25-epoxy-cycloartane-1α,2α,3β-tetrol&24S,25-epoxy-cycloartane-1α,2α,3β-tetrol",C30H50O4,474.3709,/,,三萜,C[C@H](CC[C@@]([H])(O1)C1(C)C)[C@H]2CC[C@@]3(C)[C@]4([H])CC[C@@]5([H])C(C)(C)[C@@H](O)[C@H](O)[C@H](O)[C@]5(C6)[C@]46CC[C@@]32C,"InChI=1S/C30H50O4/c1-17(8-11-21-26(4,5)34-21)18-12-13-28(7)20-10-9-19-25(2,3)23(32)22(31)24(33)30(19)16-29(20,30)15-14-27(18,28)6/h17-24,31-33H,8-16H2,1-7H3/t17-,18-,19+,20+,21-,22+,23+,24+,27-,28+,29+,30-/m1/s1",PLPHJSOUSSYYDP-GZSXJKAWSA-N,没药
MY-150,/,"cycloartan-24-ene-1α,2α,3β-triol",C30H50O4,474.3709,/,,三萜,C[C@H](CC[C@]([H])(O1)C1(C)C)[C@H]2CC[C@@]3(C)[C@]4([H])CC[C@@]5([H])C(C)(C)[C@@H](O)[C@H](O)[C@H](O)[C@]5(C6)[C@]46CC[C@@]32C,"InChI=1S/C30H50O4/c1-17(8-11-21-26(4,5)34-21)18-12-13-28(7)20-10-9-19-25(2,3)23(32)22(31)24(33)30(19)16-29(20,30)15-14-27(18,28)6/h17-24,31-33H,8-16H2,1-7H3/t17-,18-,19+,20+,21+,22+,23+,24+,27-,28+,29+,30-/m1/s1",PLPHJSOUSSYYDP-WHOHWQPRSA-N,没药
MY-151,/,"(1α,2α,3β)-9,19-Cyclolanost-24-ene-1,2,3-triol",C30H50O3,458.376,942407-97-8,,三萜,C[C@H](CC/C=C(C)/C)[C@H]1CC[C@@]2(C)[C@]3([H])CC[C@@]4([H])C(C)(C)[C@@H](O)[C@H](O)[C@H](O)[C@]4(C5)[C@]35CC[C@@]21C,"InChI=1S/C30H50O3/c1-18(2)9-8-10-19(3)20-13-14-28(7)22-12-11-21-26(4,5)24(32)23(31)25(33)30(21)17-29(22,30)16-15-27(20,28)6/h9,19-25,31-33H,8,10-17H2,1-7H3/t19-,20-,21+,22+,23+,24+,25+,27-,28+,29+,30-/m1/s1",DATCMCBQCCLKRF-QMIHFCROSA-N,没药
MY-152,/,"(1α,3β)-9,19-Cyclolanost-24-ene-1,3-diol",C30H50O2,442.3811,1005517-05-4,,三萜,C[C@H](CC/C=C(C)/C)[C@H]1CC[C@@]2(C)[C@]3([H])CC[C@@]4([H])C(C)(C)[C@@H](O)C[C@H](O)[C@]4(C5)[C@]35CC[C@@]21C,"InChI=1S/C30H50O2/c1-19(2)9-8-10-20(3)21-13-14-28(7)23-12-11-22-26(4,5)24(31)17-25(32)30(22)18-29(23,30)16-15-27(21,28)6/h9,20-25,31-32H,8,10-18H2,1-7H3/t20-,21-,22+,23+,24+,25+,27-,28+,29+,30-/m1/s1",BIOOLEHEEDQHNH-QXTLHTQPSA-N,没药
MY-153,/,commiphorane G1,C30H46O2,438.3498,2247437-28-9,,三萜,C[C@@H](CC/C=C(C)/C)C1=C2[C@](CC1=O)(C)[C@]3(C)CC[C@@]4([H])C(C)(C)C(CC[C@]4(C)[C@@]3([H])CC2)=O,"InChI=1S/C30H46O2/c1-19(2)10-9-11-20(3)26-21-12-13-24-28(6)16-15-25(32)27(4,5)23(28)14-17-29(24,7)30(21,8)18-22(26)31/h10,20,23-24H,9,11-18H2,1-8H3/t20-,23-,24+,28-,29+,30+/m0/s1",VQOGTGNBAPERRH-GUFJWTBWSA-N,没药
MY-154,/,"16(S),20(R)-dihydroxydammar-24-en-one",C30H50O3,458.376,/,,三萜,C[C@](CC/C=C(C)/C)(O)[C@@]1([H])[C@@H](O)C[C@@]2(C)[C@]3(C)CC[C@@]4([H])C(C)(C)C(CC[C@]4(C)[C@@]3([H])CC[C@@]21[H])=O,"InChI=1S/C30H50O3/c1-19(2)10-9-15-30(8,33)25-20-11-12-23-27(5)16-14-24(32)26(3,4)22(27)13-17-28(23,6)29(20,7)18-21(25)31/h10,20-23,25,31,33H,9,11-18H2,1-8H3/t20-,21+,22+,23-,25-,27+,28-,29-,30-/m1/s1",BRWOXWOYTSNQRP-HTSMUQQKSA-N,没药
MY-155,/,commiphorane G3,C29H46O2,426.3498,2247437-30-3,,三萜,O=C1CC[C@@]2(C)[C@](CC[C@]3(C)[C@]2([H])CC=C4[C@@]3(C)CC[C@]5(O)[C@@]4([H])[C@@H](C)[C@H](C)CC5)([H])C1(C)C,"InChI=1S/C29H46O2/c1-18-10-15-29(31)17-16-27(6)20(24(29)19(18)2)8-9-22-26(5)13-12-23(30)25(3,4)21(26)11-14-28(22,27)7/h8,18-19,21-22,24,31H,9-17H2,1-7H3/t18-,19+,21+,22-,24+,26+,27-,28-,29+/m1/s1",XMHCISVXSIDFQD-VPAOVVGXSA-N,没药
MY-156,/,"28-nor-urs-12-ene-3β,17β-diol",C29H48O2,428.3654,851392-99-9,,三萜,O[C@H]1CC[C@@]2(C)[C@](CC[C@]3(C)[C@]2([H])CC=C4[C@@]3(C)CC[C@]5(O)[C@]4([H])[C@@H](C)[C@H](C)CC5)([H])C1(C)C,"InChI=1S/C29H48O2/c1-18-10-15-29(31)17-16-27(6)20(24(29)19(18)2)8-9-22-26(5)13-12-23(30)25(3,4)21(26)11-14-28(22,27)7/h8,18-19,21-24,30-31H,9-17H2,1-7H3/t18-,19+,21+,22-,23+,24-,26+,27-,28-,29+/m1/s1",OHURLQYFJBUGGV-MQSFILNBSA-N,没药
MY-157,/,"3,22-dioxo-20-taraxastene",C30H46O2,438.3498,/,,三萜,O=C1CC[C@@]2(C)[C@](CC[C@]3(C)[C@]2([H])CC[C@@]4([H])[C@@]3(C)CC[C@@]5(C)[C@]4([H])[C@@H](C)C(C)=CC5=O)([H])C1(C)C,"InChI=1S/C30H46O2/c1-18-17-24(32)28(6)15-16-29(7)20(25(28)19(18)2)9-10-22-27(5)13-12-23(31)26(3,4)21(27)11-14-30(22,29)8/h17,19-22,25H,9-16H2,1-8H3/t19-,20+,21-,22+,25+,27-,28+,29+,30+/m0/s1",PVKQKARZQXCEBC-BIPUANEUSA-N,没药
MY-158,7-氧代-灵芝酸Z,7-oxo-ganoderic acid Z,C30H46O4,470.3396,929248-72-6,,三萜,C[C@@H](CC/C=C(C)/C(O)=O)[C@@]1([H])CC[C@@]([C@@](C)1CC2)(C)C3=C2[C@]4(C)[C@](CC3=O)([H])C(C)(C)[C@@H](O)CC4,"InChI=1S/C30H46O4/c1-18(9-8-10-19(2)26(33)34)20-11-16-30(7)25-21(12-15-29(20,30)6)28(5)14-13-24(32)27(3,4)23(28)17-22(25)31/h10,18,20,23-24,32H,8-9,11-17H2,1-7H3,(H,33,34)/b19-10+/t18-,20+,23-,24-,28+,29+,30-/m0/s1",ZNDCXCGTAALLTP-NRYKGNMOSA-N,没药
MY-159,"29-去甲羊毛甾-8,24-二烯-1ALPHA,2ALPHA,3BETA-三醇","29-norlanost-8,24-dien-1 α,2α,3β-triol",C29H48O3,444.3603, 119765-92-3,,三萜,C[C@@H](CC/C=C(C)/C)[C@@]1([H])CC[C@@]([C@@](C)1CC2)(C)C3=C2[C@]4(C)[C@](CC3)([H])[C@H](C)[C@@H](O)[C@H](O)[C@@H]4O,"InChI=1S/C29H48O3/c1-17(2)9-8-10-18(3)20-13-15-28(6)22-12-11-21-19(4)24(30)25(31)26(32)29(21,7)23(22)14-16-27(20,28)5/h9,18-21,24-26,30-32H,8,10-16H2,1-7H3/t18-,19-,20+,21-,24+,25-,26-,27+,28-,29-/m0/s1",DSFIRQPGFNUDGC-GTNPNJLFSA-N,没药
MY-160,/,commiphorane G2,C22H34O,314.261,2247437-29-0,,三萜,O[C@H]1CC[C@@]([C@@]2([H])CC3)(C)[C@](CC[C@@]2(C)[C@@]4(C)C3=CC=C4)([H])C1(C)C,"InChI=1S/C22H34O/c1-19(2)16-10-14-22(5)17(20(16,3)13-11-18(19)23)9-8-15-7-6-12-21(15,22)4/h6-7,12,16-18,23H,8-11,13-14H2,1-5H3/t16-,17+,18-,20-,21+,22+/m0/s1",QITOEHXAYPDUKZ-JPKYEYPISA-N,没药
MY-161,/,3-oxo-commiphorane G2,C22H32O,312.2453,/,,三萜,O=C1CC[C@@]([C@@]2([H])CC3)(C)[C@](CC[C@@]2(C)[C@@]4(C)C3=CC=C4)([H])C1(C)C,"InChI=1S/C22H32O/c1-19(2)16-10-14-22(5)17(20(16,3)13-11-18(19)23)9-8-15-7-6-12-21(15,22)4/h6-7,12,16-17H,8-11,13-14H2,1-5H3/t16-,17+,20-,21+,22+/m0/s1",VGNYLLDSZHODCT-LJQVGOIWSA-N,没药
MY-162,/,mansumbinone,C22H34O,314.261, 102848-61-3,,三萜,O=C1CC[C@@]2(C)[C@](CC[C@@]3(C)[C@@](CC=C4)(C)[C@]4([H])CC[C@]23[H])([H])C1(C)C,"InChI=1S/C22H34O/c1-19(2)16-10-14-22(5)17(20(16,3)13-11-18(19)23)9-8-15-7-6-12-21(15,22)4/h6-7,15-17H,8-14H2,1-5H3/t15-,16-,17+,20-,21+,22+/m0/s1",SCVQXPPZHIKYMJ-AQUCMXFHSA-N,没药
MY-163,/,"3,4-seco-mansumbinoic acid",C22H34O2,330.2559,/,,三萜,OC(CC[C@@]1(C)[C@@](C(C)=C)([H])CC[C@]2(C)[C@]1([H])CC[C@@]3([H])[C@@]2(C)CC=C3)=O,"InChI=1S/C22H34O2/c1-15(2)17-10-14-22(5)18(20(17,3)13-11-19(23)24)9-8-16-7-6-12-21(16,22)4/h6-7,16-18H,1,8-14H2,2-5H3,(H,23,24)/t16-,17-,18+,20-,21+,22+/m0/s1",JHGHHJNAAWXVMF-QPOFKBRPSA-N,没药
MY-164, 豆甾-4-烯-3-酮,β-sitostenone,C29H48O,412.3705,1058-61-3,,甾体,O=C1CC[C@@]2(C)C(CC[C@@]3([H])[C@@](CC[C@@H]4[C@@H](CC[C@@H](CC)C(C)C)C)([H])[C@]4(C)CC[C@]23[H])=C1,"InChI=1S/C29H48O/c1-7-21(19(2)3)9-8-20(4)25-12-13-26-24-11-10-22-18-23(30)14-16-28(22,5)27(24)15-17-29(25,26)6/h18-21,24-27H,7-17H2,1-6H3/t20-,21-,24+,25-,26+,27+,28+,29-/m1/s1",RUVUHIUYGJBLGI-XJZKHKOHSA-N,没药
MY-165,/,β-sitosterol,C29H50O,414.3862,5779-62-4,,甾体,O[C@H](C1)CC[C@@]2(C)C1=CC[C@@]3([H])[C@@](CC[C@@H]4[C@@H](CC[C@@H](CC)C(C)C)C)([H])[C@]4(C)CC[C@]23[H],"InChI=1S/C29H50O/c1-7-21(19(2)3)9-8-20(4)25-12-13-26-24-11-10-22-18-23(30)14-16-28(22,5)27(24)15-17-29(25,26)6/h10,19-21,23-27,30H,7-9,11-18H2,1-6H3/t20-,21-,23+,24+,25-,26+,27+,28+,29-/m1/s1",KZJWDPNRJALLNS-VJSFXXLFSA-N,没药
MY-166,胆固醇,cholesterol,C27H46O,386.3549,57-88-5,,甾体,O[C@H](C1)CC[C@@]2(C)C1=CC[C@@]3([H])[C@@](CC[C@@H]4[C@@H](CCCC(C)C)C)([H])[C@]4(C)CC[C@]23[H],"InChI=1S/C27H46O/c1-18(2)7-6-8-19(3)23-11-12-24-22-10-9-20-17-21(28)13-15-26(20,4)25(22)14-16-27(23,24)5/h9,18-19,21-25,28H,6-8,10-17H2,1-5H3/t19-,21+,22+,23-,24+,25+,26+,27-/m1/s1",HVYWMOMLDIMFJA-DPAQBDIFSA-N,没药
MY-167,/,"octadecane-1,2S,3S,4R-tetrol-1-O-α-L-rhamnopyranoside",C24H48O8,464.3349,/,,其他,C[C@H]1[C@H](O)[C@@H](O)[C@@H](O)[C@H](OC[C@H](O)[C@@H](O)[C@H](O)CCCCCCCCCCCCCC)O1,"InChI=1S/C24H48O8/c1-3-4-5-6-7-8-9-10-11-12-13-14-15-18(25)21(28)19(26)16-31-24-23(30)22(29)20(27)17(2)32-24/h17-30H,3-16H2,1-2H3/t17-,18+,19-,20-,21-,22+,23+,24+/m0/s1",RRMUKDNDCZQSOQ-QXUFRZHESA-N,没药
MY-168,鞣花酸, ellagic acid,C14H6O8,302.0063,476-66-4,,酚酸,O=C1C2=C(C3=C(O)C(O)=C2)C4=C(C(O3)=O)C=C(O)C(O)=C4O1,"InChI=1S/C14H6O8/c15-5-1-3-7-8-4(14(20)22-11(7)9(5)17)2-6(16)10(18)12(8)21-13(3)19/h1-2,15-18H",AFSDNFLWKVMVRB-UHFFFAOYSA-N,没药
MY-169,/,2-methoxyfuranodiene,C16H22O2,246.162,/,,萜类,CC1=COC2=C1C/C=C(C)/CC(OC)/C=C(C)\C2,"InChI=1S/C16H22O2/c1-11-5-6-15-13(3)10-18-16(15)9-12(2)8-14(7-11)17-4/h5,8,10,14H,6-7,9H2,1-4H3/b11-5+,12-8-",NWLNPDFDTSFGEU-SSQAHJBYSA-N,没药
MY-170,/,2-acetoxyfuranodiene,C17H22O3,274.1569,1919035-48-5,,萜类,CC1=C(OC(C)=O)OC2=C1C/C=C(C)/CC/C=C(C)\C2,"InChI=1S/C17H22O3/c1-11-6-5-7-12(2)10-16-15(9-8-11)13(3)17(20-16)19-14(4)18/h7-8H,5-6,9-10H2,1-4H3/b11-8+,12-7-",DDIISBOPYNGSCV-OHJCXFAUSA-N,没药
MY-171,/,2-methoxy-5-acetoxy-fruranogermacr-1(10)-en-6-one,C18H24O5,320.1624,75412-96-3,,萜类,O=C1C2=C(C/C(C)=C/[C@H](OC)C[C@@H](C)[C@H]1OC(C)=O)OC=C2C,"InChI=1S/C18H24O5/c1-10-6-14(21-5)8-11(2)18(23-13(4)19)17(20)16-12(3)9-22-15(16)7-10/h6,9,11,14,18H,7-8H2,1-5H3/b10-6+/t11-,14+,18-/m1/s1",DCFSJMWNJKXQCQ-MKDUQBMDSA-N,没药
MY-172,吉马酮,germacrone,C15H22O,218.1671,6902-91-6,,萜类,C/C(CC/C=C(C)/CC/1=O)=C\CC1=C(C)\C,"InChI=1S/C15H22O/c1-11(2)14-9-8-12(3)6-5-7-13(4)10-15(14)16/h7-8H,5-6,9-10H2,1-4H3/b12-8+,13-7+",CAULGCQHVOVVRN-SWZPTJTJSA-N,没药
MY-173,野菊花醇,"eudesm-4(15)-ene-1β,6α-diol",C15H26O2,238.1933,113773-90-3,,萜类,[H][C@]12[C@@](CC[C@](O)([H])C2=C)(C)CC[C@@]([H])(C(C)(O)C)C1,"InChI=1S/C15H26O2/c1-10-12-9-11(14(2,3)17)5-7-15(12,4)8-6-13(10)16/h11-13,16-17H,1,5-9H2,2-4H3/t11-,12+,13-,15+/m1/s1",LEEZDPXWPYCRRM-COMQUAJESA-N,没药
MY-174,/,"furanoeudesma-1,3-diene",C15H18O,214.1358,87605-93-4,,萜类,CC1=CC=C[C@@]2(C)[C@@]1([H])CC3=C(OC=C3C)C2,"InChI=1S/C15H18O/c1-10-5-4-6-15(3)8-14-12(7-13(10)15)11(2)9-16-14/h4-6,9,13H,7-8H2,1-3H3/t13-,15+/m0/s1",AUSAHAHDEVYCOC-DZGCQCFKSA-N,没药
MY-175,/,β-selinene,C15H24,204.1878,17066-67-0,,萜类,C[C@@]1(CCC2)CC[C@@H](C(C)=C)C[C@@]1([H])C2=C,"InChI=1S/C15H24/c1-11(2)13-7-9-15(4)8-5-6-12(3)14(15)10-13/h13-14H,1,3,5-10H2,2,4H3/t13-,14+,15-/m1/s1",YOVSPTNQHMDJAG-QLFBSQMISA-N,没药
MY-176,/,curcolonol,C15H20O4,264.1362, 217817-09-9,,萜类,CC1=COC2=C1C([C@]3([H])[C@](C2)(C)[C@@](O)([H])CC[C@]3(O)C)=O,"InChI=1S/C15H20O4/c1-8-7-19-9-6-14(2)10(16)4-5-15(3,18)13(14)12(17)11(8)9/h7,10,13,16,18H,4-6H2,1-3H3/t10-,13-,14+,15-/m1/s1",QXEXMTIZXNCRJO-QPKOPYBWSA-N,没药
MY-177,泽泻醇,alismol,C15H24O,220.1827,87827-55-2,,萜类,CC(C)C1=C[C@]2([H])[C@](C(CC1)=C)([H])CC[C@@]2(C)O,"InChI=1S/C15H24O/c1-10(2)12-6-5-11(3)13-7-8-15(4,16)14(13)9-12/h9-10,13-14,16H,3,5-8H2,1-2,4H3/t13-,14-,15-/m1/s1",BUPJOLXWQXEJSQ-RBSFLKMASA-N,没药
MY-178,/,myrrhterpenoid O,C16H20O3,260.1412, 2604667-43-6,,萜类,CC1=COC2=C1C([C@]3([H])[C@@H](C)C[C@H](OC)[C@]3([H])C(C)=C2)=O,"InChI=1S/C16H20O3/c1-8-6-12-14(10(3)7-19-12)16(17)15-9(2)5-11(18-4)13(8)15/h6-7,9,11,13,15H,5H2,1-4H3/t9-,11-,13-,15+/m0/s1",DHSYCWVQRSUUCT-YARBFKLUSA-N,没药
MY-179,/,myrrhone,C15H16O2,228.115,183551-83-9,,萜类,C[C@H](C1)CC(C2=C1C3=C(C=C2C)OC=C3C)=O,"InChI=1S/C15H16O2/c1-8-4-11-14(12(16)5-8)9(2)6-13-15(11)10(3)7-17-13/h6-8H,4-5H2,1-3H3/t8-/m1/s1",SHEOKDCVBGTHJG-MRVPVSSYSA-N,没药
MY-180,/,agarsenone,C15H18O2,230.1307,1447457-27-3,,萜类,C[C@H](C1)CC(C2=C1C3=C(C[C@@H]2C)OC=C3C)=O,"InChI=1S/C15H18O2/c1-8-4-11-14(12(16)5-8)9(2)6-13-15(11)10(3)7-17-13/h7-9H,4-6H2,1-3H3/t8-,9+/m1/s1",ZYFISEHWAGWCRY-BDAKNGLRSA-N,没药
MY-181,/,"furanocadina-1(10),6,8-triene-4-ol",C15H18O2,230.1307,1042109-89-6,,萜类,CC(C1)(O)CCC2=C1C3=C(C=C2C)OC=C3C,"InChI=1S/C15H18O2/c1-9-6-13-14(10(2)8-17-13)12-7-15(3,16)5-4-11(9)12/h6,8,16H,4-5,7H2,1-3H3",PEJFNBVBRCLNGJ-UHFFFAOYSA-N,没药
MY-182,/,τ-cadinol,C15H26O,222.1984,5937/11/1,,萜类,O[C@]1(C)[C@@]2([H])[C@](C=C(C)CC2)([H])[C@H](C(C)C)CC1,"InChI=1S/C15H26O/c1-10(2)12-7-8-15(4,16)14-6-5-11(3)9-13(12)14/h9-10,12-14,16H,5-8H2,1-4H3/t12-,13-,14+,15-/m0/s1",LHYHMMRYTDARSZ-XQLPTFJDSA-N,没药
MY-183,/,(±)-commyrrin A,C15H18O3,246.1256,2226966-54-5,,萜类,C[C@]([C@H]1O)(O)CCC2=C1C3=C(C=C2C)OC=C3C,"InChI=1S/C15H18O3/c1-8-6-11-12(9(2)7-18-11)13-10(8)4-5-15(3,17)14(13)16/h6-7,14,16-17H,4-5H2,1-3H3/t14-,15-/m0/s1",FHTKQALFDUHCBV-GJZGRUSLSA-N,没药
MY-184,/,myrracalamene A,C17H24O4,292.1675,913262-62-1,,萜类,CC1=C(O)C(CC(C)(C)OC(C)=O)=C(C(C=C)C)C(O)=C1,"InChI=1S/C17H24O4/c1-7-10(2)15-13(9-17(5,6)21-12(4)18)16(20)11(3)8-14(15)19/h7-8,10,19-20H,1,9H2,2-6H3",FTYKOXXPLGRWCF-UHFFFAOYSA-N,没药
MY-185,/,myrracalamene B,C17H24O5,308.1624,913262-63-2,,萜类,CC1=C(O)C(CC(C)(C)OC(C)=O)=C(C(C=C)C)C(O)=C1O,"InChI=1S/C17H24O5/c1-7-9(2)13-12(8-17(5,6)22-11(4)18)14(19)10(3)15(20)16(13)21/h7,9,19-21H,1,8H2,2-6H3",JZUWSHQOQZGYIT-UHFFFAOYSA-N,没药
MY-186,/,myrracalamene C,C15H22O,218.1671,913262-65-4,,萜类,OC(C)(C)CC(C=C(C=C1)C)=C1C(C=C)C,"InChI=1S/C15H22O/c1-6-12(3)14-8-7-11(2)9-13(14)10-15(4,5)16/h6-9,12,16H,1,10H2,2-5H3",GQUGDHVDNITJEZ-UHFFFAOYSA-N,没药
MY-187,/,myrracadinol B,C15H26O2,238.1933,913262-64-3,,萜类,CC(CC1CC(C)(O)C)=C[C@@H](O)C1C(C)C=C,"InChI=1S/C15H26O2/c1-6-11(3)14-12(9-15(4,5)17)7-10(2)8-13(14)16/h6,8,11-14,16-17H,1,7,9H2,2-5H3/t11?,12?,13-,14?/m1/s1",ALYKQEBAOLQDEG-WCFLAILDSA-N,没药
MY-188,/,myrracadinol C,C15H26O2,238.1933,913262-66-5,,萜类,O[C@@H]1C(C)=CC[C@@]([H])([C@](C)(O)CC)[C@H]1/C=C(C)/C,"InChI=1S/C15H26O2/c1-6-15(5,17)13-8-7-11(4)14(16)12(13)9-10(2)3/h7,9,12-14,16-17H,6,8H2,1-5H3/t12-,13-,14-,15-/m1/s1",CJDZRSPYLGEJSX-KBUPBQIOSA-N,没药
MY-189,/,myrracadinol A,C15H26O,222.1984,913262-61-0,,萜类,CC1=CCC2([H])C(C1)([H])C(C(C)C)CCC2CO,"InChI=1S/C15H26O/c1-10(2)13-7-5-12(9-16)14-6-4-11(3)8-15(13)14/h4,10,12-16H,5-9H2,1-3H3",ISYMMRJPYSWIPM-UHFFFAOYSA-N,没药
MY-190,/,elemyl acetate,C17H28O2,264.2089,60031-93-8,,萜类,C=C(C)[C@H]1[C@@](C=C)(C)CC[C@@H](C(C)(OC(C)=O)C)C1,"InChI=1S/C17H28O2/c1-8-17(7)10-9-14(11-15(17)12(2)3)16(5,6)19-13(4)18/h8,14-15H,1-2,9-11H2,3-7H3/t14-,15+,17-/m1/s1",WIOCBQJVVCZHFB-HLLBOEOZSA-N,没药
MY-191,/,8-hydroxyisogermafurenolide,C15H20O3,248.1412,20267-91-8,,萜类,CC1=C2C[C@@H](C(C)=C)[C@@](C=C)(C)C[C@]2(O)OC1=O,"InChI=1S/C15H20O3/c1-6-14(5)8-15(17)12(7-11(14)9(2)3)10(4)13(16)18-15/h6,11,17H,1-2,7-8H2,3-5H3/t11-,14+,15-/m0/s1",SZSKOUUYIBMAJD-GLQYFDAESA-N,没药
MY-192,/,elemol,C15H26O,222.1984,639-99-6,,萜类,C[C@@]1(C=C)CC[C@@H](C(C)(C)O)C[C@H]1C(C)=C,"InChI=1S/C15H26O/c1-7-15(6)9-8-12(14(4,5)16)10-13(15)11(2)3/h7,12-13,16H,1-2,8-10H2,3-6H3/t12-,13+,15-/m1/s1",GFJIQNADMLPFOW-VNHYZAJKSA-N,没药
MY-193,/,δ-elemene,C15H24,204.1878,20307-84-0,,萜类,C=C(C)[C@@H]1[C@@](C)(C=C)CCC(C(C)C)=C1,"InChI=1S/C15H24/c1-7-15(6)9-8-13(11(2)3)10-14(15)12(4)5/h7,10-11,14H,1,4,8-9H2,2-3,5-6H3/t14-,15+/m1/s1",MXDMETWAEGIFOE-CABCVRRESA-N,没药
MY-194,/,γ-elemene,C15H24,204.1878,29873-99-2,,萜类,C[C@@](CC/1)(C=C)[C@@H](C(C)=C)CC1=C(C)\C,"InChI=1S/C15H24/c1-7-15(6)9-8-13(11(2)3)10-14(15)12(4)5/h7,14H,1,4,8-10H2,2-3,5-6H3/t14-,15+/m1/s1",BQSLMQNYHVFRDT-CABCVRRESA-N,没药
MY-195,/,α-bisabolene,C15H24,204.1878,17627-44-0,,萜类,CC1=CCC(/C(C)=C/C/C=C(C)/C)CC1,"InChI=1S/C15H24/c1-12(2)6-5-7-14(4)15-10-8-13(3)9-11-15/h6-8,15H,5,9-11H2,1-4H3/b14-7+",YHBUQBJHSRGZNF-VGOFMYFVSA-N,没药
MY-196,/,β-bisabolene,C15H24,204.1878,495-61-4,,萜类,CC1=CC[C@@H](C(CC/C=C(C)/C)=C)CC1,"InChI=1S/C15H24/c1-12(2)6-5-7-14(4)15-10-8-13(3)9-11-15/h6,8,15H,4-5,7,9-11H2,1-3H3/t15-/m1/s1",XZRVRYFILCSYSP-OAHLLOKOSA-N,没药
MY-197,/,α-santalene,C15H24,204.1878,512-61-8,,萜类,[H][C@]12CC3[C@](C)(CC/C=C(C)/C)[C@@]1(C)[C@@]2([H])C3,"InChI=1S/C15H24/c1-10(2)6-5-7-14(3)11-8-12-13(9-11)15(12,14)4/h6,11-13H,5,7-9H2,1-4H3/t11?,12-,13+,14-,15-/m0/s1",KWFJIXPIFLVMPM-CHZLEKFTSA-N,没药
MY-198,Alpha-荜澄茄油烯,α-cubebene,C15H24,204.1878,17699-14-8,,萜类,CC1=CC[C@]23[C@@]1([H])[C@@]2([H])[C@H](C(C)C)CC[C@H]3C,"InChI=1S/C15H24/c1-9(2)12-6-5-11(4)15-8-7-10(3)13(15)14(12)15/h7,9,11-14H,5-6,8H2,1-4H3/t11-,12+,13-,14-,15+/m1/s1",XUEHVOLRMXNRKQ-KHMAMNHCSA-N,没药
MY-199,/,7-oxo-13β-hydroxyabiet-8(14)-en-18-oic acid,C20H30O4,334.2144,107221-62-5,,萜类,C[C@@]12[C@](CC(C3=C[C@](C(C)C)(O)CCC32[H])=O)([H])[C@@](C(O)=O)(C)CCC1,"InChI=1S/C20H30O4/c1-12(2)20(24)9-6-14-13(11-20)15(21)10-16-18(14,3)7-5-8-19(16,4)17(22)23/h11-12,14,16,24H,5-10H2,1-4H3,(H,22,23)/t14?,16-,18-,19-,20-/m1/s1",UFEHYRPBLFGEJW-WOAGLYJYSA-N,没药
MY-200,/,nepetaefolin F,C22H32O3,344.2351,2101861-02-1,,萜类,CC(C)C1=CC=C2[C@@]3(C)CC[C@H](O)[C@@](COC(C)=O)(C)[C@]3([H])CCC2=C1,"InChI=1S/C22H32O3/c1-14(2)16-6-8-18-17(12-16)7-9-19-21(18,4)11-10-20(24)22(19,5)13-25-15(3)23/h6,8,12,14,19-20,24H,7,9-11,13H2,1-5H3/t19-,20+,21-,22-/m1/s1",YLQAVVIZIQXSSW-CIAFKFPVSA-N,没药
MY-201,西松烯,cembrene,C20H32,272.2504,1898-13-1,,萜类,CC1=C\C/C=C(C)\CC/C=C(C)\CC[C@@H](C(C)C)/C=C/1,"InChI=1S/C20H32/c1-16(2)20-14-12-18(4)10-6-8-17(3)9-7-11-19(5)13-15-20/h8,10-12,14,16,20H,6-7,9,13,15H2,1-5H3/b14-12+,17-8-,18-10-,19-11-/t20-/m0/s1",DMHADBQKVWXPPM-BGYFOVRESA-N,没药
MY-202,西松烯 A,cembrene A,C20H32,272.2504,31570-39-5,,萜类,C/C1=C\C[C@H](C(C)=C)CC/C(C)=C\CC/C(C)=C\CC1,"InChI=1S/C20H32/c1-16(2)20-14-12-18(4)10-6-8-17(3)9-7-11-19(5)13-15-20/h8,11-12,20H,1,6-7,9-10,13-15H2,2-5H3/b17-8-,18-12+,19-11-/t20-/m0/s1",VWSPQDDPRITBAM-AYNYGZKMSA-N,没药
MY-203,/,cembrenol,C20H34O,290.261,67921-02-2,,萜类,C/C1=C/CC/C(C)=C\CC/C(C)=C/CC(O)(C(C)C)CC1,"InChI=1S/C20H34O/c1-16(2)20(21)14-12-18(4)10-6-8-17(3)9-7-11-19(5)13-15-20/h8,11-12,16,21H,6-7,9-10,13-15H2,1-5H3/b17-8-,18-12+,19-11-",ZVWXZFYWLABNOW-ZEXQNBDISA-N,没药
MY-204,/,mukulol,C20H34O,290.261,41943-03-7,,萜类,C/C1=C\[C@H](O)[C@H](C(C)C)CC/C(C)=C\CC/C(C)=C\CC1,"InChI=1S/C20H34O/c1-15(2)19-13-12-17(4)10-6-8-16(3)9-7-11-18(5)14-20(19)21/h9-10,14-15,19-21H,6-8,11-13H2,1-5H3/b16-9-,17-10-,18-14+/t19-,20-/m0/s1",HVZNIISBCURSMR-WEXJTGCHSA-N,没药
MY-205,/,isocembrol,C20H34O,290.261,25269-17-4,,萜类,CC(C)[C@H]1/C=C/[C@](C)(O)CC/C=C(C)\CC/C=C(C)\CC1,"InChI=1S/C20H34O/c1-16(2)19-12-11-18(4)9-6-8-17(3)10-7-14-20(5,21)15-13-19/h9-10,13,15-16,19,21H,6-8,11-12,14H2,1-5H3/b15-13+,17-10-,18-9-/t19-,20-/m1/s1",YAPXSYXFLHDPCK-AFTTWMLASA-N,没药
MY-206,/,4-epiisocembrol,C20H34O,290.261,80126-41-6,,萜类,CC(C)[C@H]1/C=C/[C@@](C)(O)CC/C=C(C)\CC/C=C(C)\CC1,"InChI=1S/C20H34O/c1-16(2)19-12-11-18(4)9-6-8-17(3)10-7-14-20(5,21)15-13-19/h9-10,13,15-16,19,21H,6-8,11-12,14H2,1-5H3/b15-13+,17-10-,18-9-/t19-,20+/m1/s1",YAPXSYXFLHDPCK-LLVUBPSGSA-N,没药
MY-207,/,verticillol,C20H34O,290.261,70000-19-0,,萜类,C/C1=C\CC/C(C)=C/C[C@@]2([H])CC[C@](O)(C)[C@](C2(C)C)([H])CC1,"InChI=1S/C20H34O/c1-15-7-6-8-16(2)10-12-18-19(3,4)17(11-9-15)13-14-20(18,5)21/h8-9,17-18,21H,6-7,10-14H2,1-5H3/b15-9+,16-8+/t17-,18+,20+/m0/s1",CQWSCMMFUZYKBO-CXFBFUJHSA-N,没药
MY-208,/,α-amyrin,C30H50O,426.3862,638-95-9,,三萜,O[C@H]1CC[C@@]2(C)[C@](CC[C@]3(C)[C@]2([H])CC=C4[C@@]3(C)CC[C@]5(C)[C@@]4([H])[C@@H](C)[C@H](C)CC5)([H])C1(C)C,"InChI=1S/C30H50O/c1-19-11-14-27(5)17-18-29(7)21(25(27)20(19)2)9-10-23-28(6)15-13-24(31)26(3,4)22(28)12-16-30(23,29)8/h9,19-20,22-25,31H,10-18H2,1-8H3/t19-,20+,22+,23-,24+,25+,27-,28+,29-,30-/m1/s1",FSLPMRQHCOLESF-SFMCKYFRSA-N,没药
MY-209,3-乙酸南美楝属二醇酯,cabraleadiol 3-acetate,C32H54O4,502.4022,35833-62-6,,三萜,C[C@]1(CC[C@@H](C(C)(C)O)O1)[C@]2([H])[C@@]3([H])CC[C@]4([H])[C@@]5(C)CC[C@@H](OC(C)=O)C(C)(C)[C@]5([H])CC[C@@]4(C)[C@]3(C)CC2,"InChI=1S/C32H54O4/c1-20(33)35-25-14-16-29(6)23(27(25,2)3)13-18-31(8)24(29)11-10-21-22(12-17-30(21,31)7)32(9)19-15-26(36-32)28(4,5)34/h21-26,34H,10-19H2,1-9H3/t21-,22+,23+,24-,25-,26+,29+,30-,31-,32+/m1/s1",MYKPKZPRXSYQEQ-QCPMDXGFSA-N,没药
MY-210,/,mansumbinol,C22H36O,316.2766,102848-62-4,,苯丙素,O[C@H]1CC[C@@]2(C)[C@](CC[C@]3(C)[C@]2([H])CC[C@@]4([H])[C@@]3(C)CC=C4)([H])C1(C)C,"InChI=1S/C22H36O/c1-19(2)16-10-14-22(5)17(20(16,3)13-11-18(19)23)9-8-15-7-6-12-21(15,22)4/h6-7,15-18,23H,8-14H2,1-5H3/t15-,16-,17+,18-,20-,21+,22+/m0/s1",UFUNZTHIOJRTHF-DRAFNHJNSA-N,没药
MY-211,/,myrrhasin,C30H50O2,442.3811,1147340-29-1,,苯丙素,O[C@H]1C[C@@H](O)[C@@]2(C)[C@](CC[C@]3(C)[C@]2([H])CC[C@]4(C)C3=CC[C@]4([C@@H](C)CC/C=C(C)/C)[H])([H])C1(C)C,"InChI=1S/C30H50O2/c1-19(2)10-9-11-20(3)21-12-13-23-28(21,6)16-15-24-29(23,7)17-14-22-27(4,5)25(31)18-26(32)30(22,24)8/h10,13,20-22,24-26,31-32H,9,11-12,14-18H2,1-8H3/t20-,21-,22-,24-,25-,26+,28-,29-,30-/m0/s1",YTDWFQYMAFQRGV-BIMLBXDVSA-N,没药
MY-212,/,myrrhanol B,C30H50O4,474.3709,446030-41-7,,其他,O[C@@H]1C(C)(C)[C@@](CC[C@@](C)(O)[C@@H]2CC/C=C(C)/CC/C=C(C)/CC/C=C(C)/C(O)=O)([H])[C@]2(C)CC1,"InChI=1S/C30H50O4/c1-21(13-9-15-23(3)27(32)33)11-8-12-22(2)14-10-16-25-29(6)19-18-26(31)28(4,5)24(29)17-20-30(25,7)34/h11,14-15,24-26,31,34H,8-10,12-13,16-20H2,1-7H3,(H,32,33)/b21-11+,22-14+,23-15+/t24-,25+,26-,29-,30+/m0/s1",XKZRMBOWVKGAPH-KBSPTFDXSA-N,没药
MY-213,/,myrrhanone B,C30H48O4,472.3553,446030-43-9,,其他,O=C1C(C)(C)[C@@](CC[C@@](C)(O)[C@@H]2CC/C=C(C)/CC/C=C(C)/CC/C=C(C)/C(O)=O)([H])[C@]2(C)CC1,"InChI=1S/C30H48O4/c1-21(13-9-15-23(3)27(32)33)11-8-12-22(2)14-10-16-25-29(6)19-18-26(31)28(4,5)24(29)17-20-30(25,7)34/h11,14-15,24-25,34H,8-10,12-13,16-20H2,1-7H3,(H,32,33)/b21-11+,22-14+,23-15+/t24-,25+,29-,30+/m0/s1",RLNHWDNOTXLOJQ-WBFQLVIXSA-N,没药
MY-214,/,myrrhanol A,C30H52O3,460.3916,350809-42-6,,其他,O[C@@H]1C(C)(C)[C@@](CC[C@@](C)(O)[C@@H]2CC/C=C(C)/CC/C=C(C)/CC/C=C(C)/CO)([H])[C@]2(C)CC1,"InChI=1S/C30H52O3/c1-22(13-9-15-24(3)21-31)11-8-12-23(2)14-10-16-26-29(6)19-18-27(32)28(4,5)25(29)17-20-30(26,7)33/h11,14-15,25-27,31-33H,8-10,12-13,16-21H2,1-7H3/b22-11+,23-14+,24-15+/t25-,26+,27-,29-,30+/m0/s1",KKOJENOIJUTRDK-RDIXPVEOSA-N,没药
MY-215,/,myrrhanone A,C30H50O3,458.376,350809-44-8,,其他,O=C1C(C)(C)[C@@](CC[C@@](C)(O)[C@@H]2CC/C=C(C)/CC/C=C(C)/CC/C=C(C)/CO)([H])[C@]2(C)CC1,"InChI=1S/C30H50O3/c1-22(13-9-15-24(3)21-31)11-8-12-23(2)14-10-16-26-29(6)19-18-27(32)28(4,5)25(29)17-20-30(26,7)33/h11,14-15,25-26,31,33H,8-10,12-13,16-21H2,1-7H3/b22-11+,23-14+,24-15+/t25-,26+,29-,30+/m0/s1",DRLJOZRXEKMJSC-OYSGQVTHSA-N,没药
MY-216,beta-香树精,β-amyrin,C30H50O,426.3862,559-70-6,,三萜,[H][C@]1([C@](CC[C@H](O)C2(C)C)(C)[C@@]2([H])CC3)CC=C4[C@]5([H])CC(C)(C)CC[C@]5(C)CC[C@@]4(C)[C@@]13C,"InChI=1S/C30H50O/c1-25(2)15-16-27(5)17-18-29(7)20(21(27)19-25)9-10-23-28(6)13-12-24(31)26(3,4)22(28)11-14-30(23,29)8/h9,21-24,31H,10-19H2,1-8H3/t21-,22-,23+,24-,27+,28-,29+,30+/m0/s1",JFSHUTJDVKUMTJ-QHPUVITPSA-N,没药
MY-217,/,"diasesartemin
",C23H26O8,430.1628,77449-33-3,,苯丙素,COC1=C(OC)C=C(C=C1OC)[C@H]2[C@@]3([H])CO[C@@H](C4=CC(OC)=C5OCOC5=C4)[C@@]3([H])CO2,"InChI=1S/C23H26O8/c1-24-16-5-12(6-17(25-2)22(16)27-4)20-14-9-29-21(15(14)10-28-20)13-7-18(26-3)23-19(8-13)30-11-31-23/h5-8,14-15,20-21H,9-11H2,1-4H3/t14-,15-,20-,21-/m0/s1",DHWUVPPRBIJJKS-PBFVBANWSA-N,没药
MY-218,芝麻素,sesamin,C20H18O6,354.1103,607-80-7,,苯丙素,[H][C@]12CO[C@H](C3=CC=C4C(OCO4)=C3)[C@@]1([H])CO[C@@H]2C5=CC=C(OCO6)C6=C5,"InChI=1S/C20H18O6/c1-3-15-17(25-9-23-15)5-11(1)19-13-7-22-20(14(13)8-21-19)12-2-4-16-18(6-12)26-10-24-16/h1-6,13-14,19-20H,7-10H2/t13-,14-,19+,20+/m0/s1",PEYUIKBAABKQKQ-AFHBHXEDSA-N,没药
MY-219,/,epi-mukulin,C27H32O8,484.2097,1420046-53-2,,苯丙素,COC1=C(OC)C=C(C=C1OC)[C@@H]2[C@@]3([H])CO[C@@H](C4=CC=C5C(OCO5)=C4OC/C=C(C)/C)[C@@]3([H])CO2,"InChI=1S/C27H32O8/c1-15(2)8-9-31-25-17(6-7-20-27(25)35-14-34-20)24-19-13-32-23(18(19)12-33-24)16-10-21(28-3)26(30-5)22(11-16)29-4/h6-8,10-11,18-19,23-24H,9,12-14H2,1-5H3/t18-,19-,23+,24-/m0/s1",NJPKCZVMOFYODV-TWXAQOBRSA-N,没药
MY-220,/,(+)-epi-magnolin,C23H28O7,416.1835,41689-51-4,,苯丙素,COC1=C(OC)C=CC([C@@H]2[C@@]3([H])CO[C@@H](C4=CC(OC)=C(C(OC)=C4)OC)[C@@]3([H])CO2)=C1,"InChI=1S/C23H28O7/c1-24-17-7-6-13(8-18(17)25-2)21-15-11-30-22(16(15)12-29-21)14-9-19(26-3)23(28-5)20(10-14)27-4/h6-10,15-16,21-22H,11-12H2,1-5H3/t15-,16-,21+,22-/m0/s1",MFIHSKBTNZNJIK-FRMGNDQPSA-N,没药
MY-221,/,(+)-diayangambin,C24H30O8,446.1941,21453-68-9,,苯丙素,COC1=C(OC)C(OC)=CC([C@H]2[C@@]3([H])CO[C@@H](C4=CC(OC)=C(C(OC)=C4)OC)[C@@]3([H])CO2)=C1,"InChI=1S/C24H30O8/c1-25-17-7-13(8-18(26-2)23(17)29-5)21-15-11-32-22(16(15)12-31-21)14-9-19(27-3)24(30-6)20(10-14)28-4/h7-10,15-16,21-22H,11-12H2,1-6H3/t15-,16-,21-,22-/m0/s1",HRLFUIXSXUASEX-QDGJQWLKSA-N,没药
MY-222,/,erlangerin A,C27H28O11,528.1632,465535-61-9,,苯丙素,O=C(/C(C)=C\C)O[C@H]1[C@@]2(O)[C@@](C(OC2)=O)(O)[C@H](C3=CC=C(OCO4)C4=C3)C5=C(OC)C(OC)=C(OC)C=C15,"InChI=1S/C27H28O11/c1-6-13(2)24(28)38-23-15-10-18(32-3)21(33-4)22(34-5)19(15)20(27(31)25(29)35-11-26(23,27)30)14-7-8-16-17(9-14)37-12-36-16/h6-10,20,23,30-31H,11-12H2,1-5H3/b13-6-/t20-,23-,26-,27-/m1/s1",YZRDGLILUWSIQK-JKXSZHOXSA-N,没药
MY-223,/,erlangerin B,C24H24O9,456.142,465535-62-0,,苯丙素,CC(O[C@]12[C@H](C3=CC=C4OCOC4=C3)C5=C(OC)C(OC)=C(OC)C=C5C[C@@]1([H])COC2=O)=O,"InChI=1S/C24H24O9/c1-12(25)33-24-15(10-30-23(24)26)7-14-9-18(27-2)21(28-3)22(29-4)19(14)20(24)13-5-6-16-17(8-13)32-11-31-16/h5-6,8-9,15,20H,7,10-11H2,1-4H3/t15-,20+,24-/m0/s1",SEMJADKBFZYYKQ-VNJOCVIMSA-N,没药
MY-224,/,erlangerin C,C24H24O9,456.142,465535-63-1,,苯丙素,O=C1[C@@]2(OC(C)=O)[C@H](C3=CC(OC)=C(OC)C(OC)=C3)C4=CC5=C(OCO5)C=C4C[C@@]2([H])CO1,"InChI=1S/C24H24O9/c1-12(25)33-24-15(10-30-23(24)26)5-13-6-17-18(32-11-31-17)9-16(13)21(24)14-7-19(27-2)22(29-4)20(8-14)28-3/h6-9,15,21H,5,10-11H2,1-4H3/t15-,21+,24-/m0/s1",BHVAPNQLLDELLV-HXKVFGNASA-N,没药
MY-225,/,erlangerin D,C24H24O10,472.1369,465535-64-2,,苯丙素,O=C1[C@@]2(OC(C)=O)[C@H](C3=CC(OC)=C(OC)C(OC)=C3)C4=CC5=C(OCO5)C=C4C[C@]2(O)CO1,"InChI=1S/C24H24O10/c1-12(25)34-24-20(13-5-18(28-2)21(30-4)19(6-13)29-3)15-8-17-16(32-11-33-17)7-14(15)9-23(24,27)10-31-22(24)26/h5-8,20,27H,9-11H2,1-4H3/t20-,23+,24+/m1/s1",POIAZYKALWSBHF-QDSKXPNFSA-N,没药
MY-226,/,"pregn-4-ene-3,16-dione",C21H30O2,314.2246,85769-68-2,,甾体,O=C1CC[C@@]2(C)C(CC[C@]3([H])[C@]2([H])CC[C@@]([C@H]4CC)(C)[C@@]3([H])CC4=O)=C1,"InChI=1S/C21H30O2/c1-4-16-19(23)12-18-15-6-5-13-11-14(22)7-9-20(13,2)17(15)8-10-21(16,18)3/h11,15-18H,4-10,12H2,1-3H3/t15-,16+,17+,18+,20+,21-/m1/s1",WAZCMUUVLNIUQT-MIBLLKTRSA-N,没药
MY-227,孕酮,progesterone,C21H30O2,314.2246,57-83-0,,甾体,O=C1CC[C@@]2(C)C(CC[C@]3([H])[C@]2([H])CC[C@@]4(C)[C@@]3([H])CC[C@@H]4C(C)=O)=C1,"InChI=1S/C21H30O2/c1-13(22)17-6-7-18-16-5-4-14-12-15(23)8-10-20(14,2)19(16)9-11-21(17,18)3/h12,16-19H,4-11H2,1-3H3/t16-,17+,18-,19-,20-,21+/m0/s1",RJKFOVLPORLFTN-LEKSSAKUSA-N,没药
MY-228,/,"20R,22R-dihydroxycholest-4-en-3-one",C27H44O3,416.329,94415-61-9,,甾体,O=C1CC[C@@]2(C)C(CC[C@]3([H])[C@]2([H])CC[C@@]4(C)[C@@]3([H])CC[C@]4([H])[C@@](O)([C@H](O)CCC(C)C)C)=C1,"InChI=1S/C27H44O3/c1-17(2)6-11-24(29)27(5,30)23-10-9-21-20-8-7-18-16-19(28)12-14-25(18,3)22(20)13-15-26(21,23)4/h16-17,20-24,29-30H,6-15H2,1-5H3/t20-,21-,22-,23-,24+,25-,26-,27+/m0/s1",DCHUFDLUIZXFQS-ITWQDKSZSA-N,没药
MY-229,/,guggulsterol Ⅰ,C27H44O3,416.329,39025-25-7,,甾体,O=C1CC[C@@]2(C)C(CC[C@]3([H])[C@]2([H])CC[C@@]4(C)[C@@]3([H])C[C@H](O)[C@]4([H])C([C@H](O)CCC(C)C)(C)O)=C1,"InChI=1S/C27H44O4/c1-16(2)6-9-23(30)27(5,31)24-22(29)15-21-19-8-7-17-14-18(28)10-12-25(17,3)20(19)11-13-26(21,24)4/h14,16,19-24,29-31H,6-13,15H2,1-5H3/t19-,20+,21+,22+,23-,24+,25+,26+,27?/m1/s1",OOTWVICJYKMZRC-YUHDYOHUSA-N,没药
MY-230,/,guggulsterol Ⅱ,C27H46O3,418.3447,39025-26-8,,甾体,[H][C@]12[C@@]([C@@](C[C@H](O)[C@]3([H])C(CCCC(C)C)(C)O)([H])[C@]3(C)CC2)([H])CC=C4[C@]1(C)CC[C@H](O)C4,"InChI=1S/C27H46O3/c1-17(2)7-6-12-27(5,30)24-23(29)16-22-20-9-8-18-15-19(28)10-13-25(18,3)21(20)11-14-26(22,24)4/h8,17,19-24,28-30H,6-7,9-16H2,1-5H3/t19-,20+,21-,22-,23-,24-,25-,26-,27?/m0/s1",XSGAQCLMXROKDH-HRXXFLHISA-N,没药
MY-231,/,guggulsterol Ⅲ,C27H44O3,416.329,39025-27-9,,甾体,[H][C@]12[C@@]([C@@](CC[C@]3([H])C(CCCC(C)C)(C)O)([H])[C@]3(C)CC2)([H])C[C@@H](O)C4=CC(CC[C@@]41C)=O,"InChI=1S/C27H44O3/c1-17(2)7-6-12-27(5,30)24-9-8-20-19-16-23(29)22-15-18(28)10-13-25(22,3)21(19)11-14-26(20,24)4/h15,17,19-21,23-24,29-30H,6-14,16H2,1-5H3/t19-,20-,21-,23+,24-,25+,26-,27?/m0/s1",IQZLWPXLGSECCB-NXQZYWFJSA-N,没药
MY-232,/,guggulsterol Ⅳ,C27H44O3,416.329,20281-70-3,,甾体,[H][C@]12[C@@]([C@@](CC[C@]3([H])[C@H](C)CCCC(C)C)([H])[C@]3(C)CC2)([H])CC([C@]4(O)[C@]1(C)CCC(C4)=O)=O,"InChI=1S/C27H44O3/c1-17(2)7-6-8-18(3)21-9-10-22-20-15-24(29)27(30)16-19(28)11-14-26(27,5)23(20)12-13-25(21,22)4/h17-18,20-23,30H,6-16H2,1-5H3/t18-,20+,21-,22+,23+,25-,26-,27+/m1/s1",GVAODFIKHWYQPE-ADNBUJSVSA-N,没药
MY-233,/,20α-hydroxy-4-pregnen-3-one,C21H32O2,316.2402,145-14-2,,甾体,[H][C@]12[C@@]([C@@](CC[C@]3([H])[C@H](C)O)([H])[C@]3(C)CC2)([H])CCC4=CC(CC[C@@]41C)=O,"InChI=1S/C21H32O2/c1-13(22)17-6-7-18-16-5-4-14-12-15(23)8-10-20(14,2)19(16)9-11-21(17,18)3/h12-13,16-19,22H,4-11H2,1-3H3/t13-,16-,17+,18-,19-,20-,21+/m0/s1",RWBRUCCWZPSBFC-RXRZZTMXSA-N,没药
MY-234,/,guggulsterone M,C22H30O3,342.2195,548773-82-6,,甾体,[H][C@]12[C@@]([C@@](CC3=O)([H])[C@](/C3=C(C)\OC)(C)CC2)([H])CCC4=CC(CC[C@@]41C)=O,"InChI=1S/C22H30O3/c1-13(25-4)20-19(24)12-18-16-6-5-14-11-15(23)7-9-21(14,2)17(16)8-10-22(18,20)3/h11,16-18H,5-10,12H2,1-4H3/b20-13-/t16-,17+,18+,21+,22+/m1/s1",WOVLRQSWILBDQL-HFVCXBPMSA-N,没药
MY-235,/,dehydroguggulsterone M,C23H28O3,352.2038,/,,甾体,[H][C@]12[C@@]([C@@](CC3=O)([H])[C@](/C3=C(C(C)=O)\C)(C)CC2)([H])CCC4=CC(C=C[C@@]41C)=O,"InChI=1S/C23H28O3/c1-13(14(2)24)21-20(26)12-19-17-6-5-15-11-16(25)7-9-22(15,3)18(17)8-10-23(19,21)4/h7,9,11,17-19H,5-6,8,10,12H2,1-4H3/b21-13+/t17-,18+,19+,22+,23+/m1/s1",APWYURUHAJHTLM-GYUGJDNZSA-N,没药
MY-236,/,guggulsterol Y,C27H46O4,434.3396,548773-83-7,,甾体,[H][C@]12[C@@]([C@@](C[C@H](O)[C@]3([H])[C@@](CCCC(C)(C)O)(C)O)([H])[C@]3(C)CC2)([H])CC=C4[C@]1(C)CC[C@H](O)C4,"InChI=1S/C27H46O4/c1-24(2,30)11-6-12-27(5,31)23-22(29)16-21-19-8-7-17-15-18(28)9-13-25(17,3)20(19)10-14-26(21,23)4/h7,18-23,28-31H,6,8-16H2,1-5H3/t18-,19+,20-,21-,22-,23-,25-,26-,27-/m0/s1",KQTBMRBMNBEPAZ-MUACKCICSA-N,没药
MY-237,/,n-dodecanyl myristate,C26H52O2,396.3967,2040-64-4,,脂肪酸,CCCCCCCCCCCCCC(OCCCCCCCCCCCC)=O,"InChI=1S/C26H52O2/c1-3-5-7-9-11-13-15-16-18-20-22-24-26(27)28-25-23-21-19-17-14-12-10-8-6-4-2/h3-25H2,1-2H3",DFQOCHPHORLRID-UHFFFAOYSA-N,没药
MY-238,蜡酸,cerotic acid,C26H52O2,396.3967,506-46-7,,脂肪酸,OC(CCCCCCCCCCCCCCCCCCCCCCCCC)=O,"InChI=1S/C26H52O2/c1-2-3-4-5-6-7-8-9-10-11-12-13-14-15-16-17-18-19-20-21-22-23-24-25-26(27)28/h2-25H2,1H3,(H,27,28)",XMHIUKTWLZUKEX-UHFFFAOYSA-N,没药
