分类,编号,化合物名称,英文名称,分子式,CAS号,分子量,2D图,smiles,inchi,inchikey,药材名称
皂苷类,GZJ-001,瓜子金皂苷 V,Polygalasaponin V,C58H94O27,162857-65-0,1223.35,,O=C([C@]1(CCC(C)(C)C2)[C@]2([H])C3=CC[C@@]4([H])[C@@](C)(CC[C@]5([H])[C@@]4(C[C@H](O)[C@H](O[C@]([C@@H](CC6)O)([H])O[C@@H]6CO)[C@@]5(C)CO)C)[C@]3(C)CC1)O[C@H](O[C@H](CO)[C@@H](O)[C@@H]7O)[C@@H]7O[C@@](O[C@@H](C)[C@H](O[C@@](OC[C@@H](O)[C@@H]8O)([H])[C@@H]8O)[C@H]9O[C@@](OC[C@]%10(O)CO)([H])[C@@H]%10O)([H])[C@@H]9O,"InChI=1S/C58H94O25/c1-26-41(79-47-39(69)36(66)32(65)22-74-47)42(80-50-44(71)58(73,24-62)25-75-50)40(70)48(76-26)81-43-38(68)37(67)33(21-60)78-49(43)83-51(72)57-16-14-52(2,3)18-29(57)28-9-11-35-53(4)19-31(64)45(82-46-30(63)10-8-27(20-59)77-46)54(5,23-61)34(53)12-13-56(35,7)55(28,6)15-17-57/h9,26-27,29-50,59-71,73H,8,10-25H2,1-7H3/t26-,27-,29-,30+,31-,32+,33+,34+,35+,36-,37+,38-,39+,40+,41-,42-,43+,44-,45-,46-,47-,48-,49-,50-,53-,54-,55+,56+,57-,58+/m0/s1",KRJJTFHIJFFBEW-GAMOBOMYSA-N,瓜子金
皂苷类,GZJ-002,瓜子金皂苷 Ⅱ,Polygalasaponin II,C48H78O19,162857-62-7,959.12,,C[C@@]1(C(O)=O)[C@@H](O)[C@@H](O)C[C@]2(C)C3CC=C4C5CC(C)(C)CC[C@@](C(O[C@@H]6O[C@H](CO)[C@@H](O)[C@H](O)[C@H]6O[C@@H]7O[C@@H](C)[C@H](OC8CCCCC8)[C@@H](O)[C@H]7O)=O)5CC[C@](C)4[C@@](C)3CCC12,"InChI=1S/C48H76O15/c1-24-36(60-25-11-9-8-10-12-25)34(53)35(54)39(59-24)62-37-33(52)32(51)29(23-49)61-40(37)63-42(58)48-19-17-43(2,3)21-27(48)26-13-14-30-44(4)22-28(50)38(55)47(7,41(56)57)31(44)15-16-46(30,6)45(26,5)18-20-48/h13,24-25,27-40,49-55H,8-12,14-23H2,1-7H3,(H,56,57)/t24-,27?,28-,29?,30?,31?,32+,33-,34-,35+,36-,37+,38-,39-,40-,44+,45+,46+,47?,48-/m0/s1",LUCUTCZDYQZKDU-GYEFDONRSA-N,瓜子金
皂苷类,GZJ-003,瓜子金皂苷 XXXI,Polygalasaponin XXXI,C75H112O36,79103-90-5,1589.67,,OC[C@](C1=CC[C@]2([H])[C@]3(C[C@H](O)[C@@H]4O[C@]([C@@H]([C@@H](O)[C@@H]5O)O)([H])O[C@@H]5CO)C)(CC[C@]6(C(O[C@H](O[C@H](C)[C@H](OC(/C=C/C7=CC(OC)=C(OC)C(OC)=C7)=O)[C@@H]8O)[C@@H]8O[C@@](O[C@@H](C)[C@H](O[C@@](OC[C@@H](O)[C@@H]9O[C@@](OC[C@H](O)[C@@H]%10O)([H])[C@@H]%10O)([H])[C@@H]9O)[C@H]%11O[C@@](OC[C@]%12(O)CO)([H])[C@@H]%12O)([H])[C@@H]%11O)=O)[C@@]1([H])CC(C)(C)CC6)[C@@]2(CC[C@@]3([H])[C@]4(C)C(O)=O)C,"InChI=1S/C75H112O36/c1-31-53(105-44(82)14-11-33-21-39(96-8)56(98-10)40(22-33)97-9)50(88)58(109-64-52(90)57(108-66-59(91)75(95,29-78)30-101-66)54(32(2)102-64)106-62-51(89)55(38(81)27-100-62)107-61-48(86)45(83)37(80)26-99-61)65(103-31)111-68(94)73-18-17-69(3,4)23-35(73)34-12-13-42-70(5)24-36(79)60(110-63-49(87)47(85)46(84)41(25-76)104-63)72(7,67(92)93)43(70)15-16-71(42,6)74(34,28-77)20-19-73/h11-12,14,21-22,31-32,35-38,41-43,45-55,57-66,76-81,83-91,95H,13,15-20,23-30H2,1-10H3,(H,92,93)/b14-11+/t31-,32+,35+,36+,37+,38-,41-,42-,43-,45+,46-,47+,48-,49-,50+,51-,52-,53+,54+,55+,57+,58-,59+,60+,61+,62+,63+,64+,65+,66+,70-,71-,72+,73+,74+,75-/m1/s1",HDLNHPZHTNFCNP-JJEFWQELSA-N,瓜子金
皂苷类,GZJ-004,瓜子金皂苷 XXXII,Polygalasaponin XXXII,C79H118O38,176182-04-0,1675.78,,OC[C@](C1=CC[C@]2([H])[C@]3(C[C@H](O)[C@@H]4O[C@]([C@@H]([C@@H](O)[C@@H]5O)O)([H])O[C@@H]5CO)C)(CC[C@]6(C(O[C@H](O[C@H](C)[C@H](OC(/C=C/C7=CC=C(OC)C=C7)=O)[C@@H]8O[C@@](O[C@@H](C)[C@H](O)[C@H]9O)([H])[C@@H]9O)[C@@H]8O[C@@](O[C@@H](C)[C@H](O[C@@](OC[C@@H](O)[C@@H]%10O[C@@](OC[C@H](O)[C@@H]%11O)([H])[C@@H]%11O)([H])[C@@H]%10O)[C@H]%12O[C@@](OC[C@@]%13(O)CO)([H])[C@@H]%13O)([H])[C@@H]%12O)=O)[C@@]1([H])CC(C)(C)CC6)[C@@]2(CC[C@@]3([H])[C@]4(C)C(O)=O)C,"InChI=1S/C79H118O38/c1-32-46(87)49(90)52(93)66(106-32)114-60-57(110-45(86)17-12-35-10-13-36(102-9)14-11-35)34(3)108-69(61(60)115-68-55(96)59(113-70-62(97)79(101,30-82)31-105-70)56(33(2)107-68)111-65-54(95)58(41(85)28-104-65)112-64-51(92)47(88)40(84)27-103-64)117-72(100)77-21-20-73(4,5)24-38(77)37-15-16-43-74(6)25-39(83)63(116-67-53(94)50(91)48(89)42(26-80)109-67)76(8,71(98)99)44(74)18-19-75(43,7)78(37,29-81)23-22-77/h10-15,17,32-34,38-44,46-70,80-85,87-97,101H,16,18-31H2,1-9H3,(H,98,99)/b17-12+/t32-,33-,34+,38-,39-,40-,41+,42+,43+,44+,46-,47-,48+,49+,50-,51+,52+,53+,54+,55+,56-,57-,58-,59-,60-,61+,62-,63-,64-,65-,66-,67-,68-,69-,70-,74+,75+,76-,77-,78-,79-/m0/s1",WZOBMHJVDKLZQM-YYYQSLJOSA-N,瓜子金
皂苷类,GZJ-005, 细叶远志皂苷,Tenuifolin,C36H56O12,20183-47-5,680.82,,C[C@@]1(C(O)=O)[C@@H](O[C@@]2(C)[C@@H]([C@H]([C@@H]([C@@H](CO)O2)O)O)O)[C@@H](O)C[C@]3(C)[C@@]4(C)CC=C5[C@]6(C)CC(C)(C)CC[C@@](C(O)=O)6CC[C@](CO)5[C@@](C)4CC[C@@]13C,"InChI=1S/C40H64O12/c1-31(2)12-15-39(30(49)50)16-17-40(21-42)24(32(39,3)20-31)10-11-33(4)35(40,6)14-13-34(5)36(33,7)18-22(43)28(37(34,8)29(47)48)52-38(9)27(46)26(45)25(44)23(19-41)51-38/h10,22-23,25-28,41-46H,11-21H2,1-9H3,(H,47,48)(H,49,50)/t22-,23+,25+,26-,27+,28-,32-,33-,34+,35+,36+,37-,38-,39+,40-/m0/s1",WMAAFMBYOYTMRF-WTJPJNDCSA-N,瓜子金
皂苷类,GZJ-006,瓜子金皂苷己,Polygalasaponin F,C79H118O38,882664-74-6,1091.24,,O=C([C@]1(CCC(C)(C)C2)[C@]2([H])C3=CC[C@@]4([H])[C@@](C)(CC[C@]5([H])[C@@]4(C[C@H](O)[C@H](O[C@]([C@@H]([C@@H](O)[C@@H]6O)O)([H])O[C@@H]6CO)[C@@]5(C)CO)C)[C@]3(C)CC1)O[C@H](O[C@H](CO)[C@@H](O)[C@@H]7O)[C@@H]7O[C@@](O[C@@H](C)[C@H](O[C@@](OC[C@@H](O)[C@@H]8O)([H])[C@@H]8O)[C@H]9O)([H])[C@@H]9O,"InChI=1S/C53H86O23/c1-22-40(73-43-37(65)31(59)26(58)20-69-43)36(64)39(67)44(70-22)74-41-35(63)33(61)28(19-55)72-46(41)76-47(68)53-14-12-48(2,3)16-24(53)23-8-9-30-49(4)17-25(57)42(75-45-38(66)34(62)32(60)27(18-54)71-45)50(5,21-56)29(49)10-11-52(30,7)51(23,6)13-15-53/h8,22,24-46,54-67H,9-21H2,1-7H3/t22-,24-,25-,26+,27+,28+,29+,30+,31-,32+,33+,34-,35-,36-,37+,38+,39+,40-,41+,42-,43-,44-,45-,46-,49-,50-,51+,52+,53-/m0/s1",VRDCOPNSCZLBLD-JKVIPCSCSA-N,瓜子金
皂苷类,GZJ-007,瓜子金皂苷XLIX,Polygalasaponin XLIX,C64H102O33,1033593-12-2,1399.47,,OC[C@@]1(CC[C@]2(C(O[C@H](O[C@H](CO)[C@@H](O)[C@@H]3O)[C@@H]3O[C@@](O[C@@H](C)[C@H](O[C@@](OC[C@@H](O[C@@](OC[C@]4(O)CO[C@@H]([C@@H]([C@@H](O)[C@H]5O)O)O[C@@H]5CO)([H])[C@@H]4O)[C@@H]6O)([H])[C@@H]6O)[C@H]7O)([H])[C@@H]7O)=O)[C@@]8([H])CC(C)(C)CC2)C8=CC[C@@]9([H])[C@]1(CC[C@]%10([H])[C@@]9(C[C@H](O)[C@H](O[C@]([C@@H]([C@@H](O)[C@@H]%11O)O)([H])O[C@@H]%11CO)[C@@]%10(C)C(O)=O)C)C,"InChI=1S/C64H102O34/c1-24-46(95-50-42(78)37(73)31(20-87-50)94-55-48(82)64(86,23-89-55)22-88-51-43(79)38(74)34(70)28(17-65)91-51)41(77)45(81)52(90-24)96-47-40(76)36(72)30(19-67)93-54(47)98-57(85)62-12-11-58(2,3)15-26(62)25-7-8-32-59(4)16-27(69)49(97-53-44(80)39(75)35(71)29(18-66)92-53)61(6,56(83)84)33(59)9-10-60(32,5)63(25,21-68)14-13-62/h7,24,26-55,65-82,86H,8-23H2,1-6H3,(H,83,84)/t24-,26-,27-,28+,29+,30+,31+,32+,33+,34-,35+,36+,37-,38-,39-,40-,41-,42+,43+,44+,45+,46-,47+,48-,49-,50-,51+,52-,53-,54-,55-,59+,60+,61-,62-,63-,64+/m0/s1",WVDWPFUSVKNZMS-UDIMEZLHSA-N,瓜子金
皂苷类,GZJ-008,瓜子金皂苷XXXV,Polygalasaponin XXXV,C63H98O31,184479-28-5,1351.43,,C[C@@]12C([C@](C[C@H](O)[C@H](O[C@@H]3O[C@H](CO)[C@@H](O)[C@@H](O)[C@H]3O)[C@]4(C(O)=O)C)(C)C4CC2)CC=C5C6CC(C)(C)CC[C@]6(C(O[C@@H]7O[C@H](C)[C@H](OC(C)=O)[C@H](OC(C)=O)[C@H]7O[C@@H]8O[C@@H](C)[C@H](O[C@@H]9OC[C@@H](O[C@@H]%10C[C@H](CO)[C@H](O)[C@H](O)[C@H]%10O)[C@H](O)[C@H]9O)[C@@H](O)[C@H]8O)=O)CC[C@]51O,"InChI=1S/C63H98O30/c1-24-47(90-52-44(76)40(72)34(23-83-52)88-32-18-28(21-64)37(69)41(73)38(32)70)43(75)46(78)53(84-24)91-50-49(87-27(4)67)48(86-26(3)66)25(2)85-55(50)93-57(81)62-15-14-58(5,6)19-30(62)29-10-11-35-59(7)20-31(68)51(92-54-45(77)42(74)39(71)33(22-65)89-54)61(9,56(79)80)36(59)12-13-60(35,8)63(29,82)17-16-62/h10,24-25,28,30-55,64-65,68-78,82H,11-23H2,1-9H3,(H,79,80)/t24-,25+,28+,30?,31-,32+,33+,34+,35?,36?,37-,38-,39+,40-,41-,42+,43-,44+,45+,46+,47-,48-,49-,50+,51-,52-,53-,54-,55-,59+,60+,61-,62-,63-/m0/s1",CUPIGFWSSUESDY-VHLICWONSA-N,瓜子金
皂苷类,GZJ-009,/,Polygalasaponin XXXVI,C70H108O36,/,1523.65,,C[C@@]12C([C@](C[C@H](O)[C@H](O[C@@H]3O[C@H](CO)[C@@H](O)[C@@H](O)[C@H]3O)[C@]4(C(O)=O)C)(C)C4CC2)CC=C5C6CC(C)(C)CC[C@]6(C(OO[C@@H]7O[C@H](C)[C@H](OC(C)=O)[C@H](OC(C)=O)[C@H]7O[C@@H]8O[C@@H](C)[C@H](O[C@@H]9OC[C@@H](O[C@@H]%10[C@H](O)[C@H](O)[C@H](O)[C@@H](CO)O%10)[C@H](O)[C@H]9O)[C@@H](O)[C@H]8O)=O)CC[C@]51CO,"InChI=1S/C63H98O32/c1-24-46(91-51-42(76)38(72)33(22-83-51)90-53-43(77)39(73)36(70)31(20-64)88-53)41(75)45(79)52(84-24)92-49-48(87-27(4)68)47(86-26(3)67)25(2)85-55(49)94-95-57(82)62-15-14-58(5,6)18-29(62)28-10-11-34-59(7)19-30(69)50(93-54-44(78)40(74)37(71)32(21-65)89-54)61(9,56(80)81)35(59)12-13-60(34,8)63(28,23-66)17-16-62/h10,24-25,29-55,64-66,69-79H,11-23H2,1-9H3,(H,80,81)/t24-,25+,29?,30-,31+,32+,33+,34?,35?,36+,37+,38-,39+,40+,41-,42+,43+,44+,45+,46-,47-,48-,49+,50-,51-,52-,53+,54-,55-,59+,60+,61-,62-,63-/m0/s1",FOEOLHCNTMZQHE-UEVAAKAESA-N,瓜子金
皂苷类,GZJ-010,/,Polygalasaponin XXXVII,C61H96O30,/,1307.59,,O[C@H]([C@@H](O)[C@H](O)[C@H]1O[C@@H]2O[C@H](O)[C@@H](O)[C@H](O)[C@H]2O)O[C@H]1O[C@H]3[C@@H](O)C[C@@]4(C)[C@](CC[C@]5(C)[C@]4([H])CC=C6[C@@]5(CO)CC[C@]7(C(O[C@@H]8O[C@H](C)[C@H](O)[C@H](OC(C)=O)[C@H]8O[C@@H]9O[C@@H](C)[C@H](O[C@@H]%10OC[C@@H](O)C(O)[C@H]%10O)[C@@H](O)[C@H]9O)=O)[C@@]6([H])CC(C)(C)CC7)([H])[C@@]3(C(O)=O)C,"InChI=1S/C59H92O30/c1-21-30(64)41(82-23(3)61)43(85-48-39(73)34(68)40(22(2)81-48)83-47-37(71)31(65)27(63)19-79-47)51(80-21)89-53(78)58-14-13-54(4,5)17-25(58)24-9-10-28-55(6)18-26(62)44(57(8,52(76)77)29(55)11-12-56(28,7)59(24,20-60)16-15-58)86-50-42(33(67)36(70)46(75)88-50)84-49-38(72)32(66)35(69)45(74)87-49/h9,21-22,25-51,60,62-75H,10-20H2,1-8H3,(H,76,77)/t21-,22+,25+,26+,27-,28-,29-,30+,31?,32+,33+,34+,35+,36+,37-,38-,39-,40+,41+,42-,43-,44+,45+,46+,47+,48+,49-,50-,51+,55-,56-,57+,58+,59+/m1/s1",ZOURYBDXMCZXCM-OSDHWIOASA-N,瓜子金
皂苷类,GZJ-011,/,Polygalasaponin XXXIII,C55H86O25,/,1145.39,,CC1(C)CC[C@@]2(C(O[C@H]3[C@H](O[C@@H]4O[C@@H](C)[C@H](O[C@@H]5OC[C@@H](O)[C@H](O)[C@H]5O)[C@@H](O)[C@H]4O)[C@@H](O)[C@@H](OC(C)=O)[C@@H](C)O3)=O)C(C6=CCC([C@](C[C@H](O)[C@H](O[C@@H]7C[C@H](CO)[C@@H](O)[C@@H](O)[C@H]7O)[C@]8(C(O)=O)C)(C)C8CC9)[C@]9(C)[C@]6(CO)CC2)C1,"InChI=1S/C56H88O24/c1-23-42(78-46-39(67)35(63)30(61)21-73-46)38(66)40(68)47(74-23)79-44-41(69)43(76-25(3)59)24(2)75-48(44)80-50(72)55-14-13-51(4,5)18-28(55)27-9-10-32-52(6)19-29(60)45(77-31-17-26(20-57)34(62)37(65)36(31)64)54(8,49(70)71)33(52)11-12-53(32,7)56(27,22-58)16-15-55/h9,23-24,26,28-48,57-58,60-69H,10-22H2,1-8H3,(H,70,71)/t23-,24+,26+,28?,29-,30+,31+,32?,33?,34+,35-,36-,37+,38-,39+,40+,41-,42-,43-,44+,45-,46-,47-,48-,52+,53+,54-,55-,56-/m0/s1",MFGRXDAXEAUHRB-RRGYATAFSA-N,瓜子金
皂苷类,GZJ-012,/,Polygalasaponin XLIV,C76H114O37,/,1663.7,,O[C@H]1C[C@]2(C)C3CCC4C5CC(C)(C)CC[C@]5(C(O[C@@H]6O[C@H](C)[C@H](OC(/C=C/C7=CC(OC)=C(OC)C=C7)=O)[C@H](O[C@H]8[C@H](O)[C@@H](O)[C@H](O)[C@@H](OO)C8)[C@H]6O[C@@H]9O[C@@H](C)[C@H](O[C@H]%10[C@H](O)[C@@H](O)[C@H](O[C@H]%11[C@H](O)[C@@H](O)[C@@H](O)[C@@H](O)O%11)CO%10)[C@@H](O)[C@H]9O)=O)CC[C@@]4(CO)[C@]3(C)CCC2[C@](C)(C(O)=O)[C@H]1O[C@@H]%12O[C@H](CO)[C@@H](O)[C@@H](O)[C@H]%12O,"InChI=1S/C75H114O37/c1-29-57(107-63-53(89)47(83)40(27-100-63)105-66-55(91)50(86)52(88)62(93)110-66)51(87)56(92)64(101-29)108-60-59(103-37-23-38(112-97)45(81)48(84)44(37)80)58(106-43(79)15-11-31-10-13-35(98-8)36(22-31)99-9)30(2)102-67(60)111-69(96)74-19-18-70(3,4)24-33(74)32-12-14-41-71(5)25-34(78)61(109-65-54(90)49(85)46(82)39(26-76)104-65)73(7,68(94)95)42(71)16-17-72(41,6)75(32,28-77)21-20-74/h10-11,13,15,22,29-30,32-34,37-42,44-67,76-78,80-93,97H,12,14,16-21,23-28H2,1-9H3,(H,94,95)/b15-11+/t29-,30+,32?,33?,34-,37+,38-,39+,40+,41?,42?,44-,45+,46+,47-,48+,49+,50-,51-,52+,53+,54+,55+,56+,57-,58-,59-,60+,61-,62-,63-,64-,65-,66+,67-,71+,72+,73-,74-,75-/m0/s1",YOOSVMCZFNTGJL-ORGVXPBISA-N,瓜子金
皂苷类,GZJ-013,/,Polygalasaponin XLIII,C74H110O35,/,1557.68,,O[C@@H]1[C@H](O[C@H]2[C@H](C)[C@@H](O)[C@H](O)[C@@H](CO)O2)[C@@](C)(C(O)=O)[C@]3([H])CC[C@@]4(C)[C@]5(CO)CC[C@@]6(C(O[C@@H]7O[C@H](C)[C@H](OC(/C=C/C8=CC=C(OC)C=C8)=O)[C@H](O[C@@H]9CC[C@@H](O)[C@H](O)[C@H]9O)[C@H]7O[C@H]%10[C@H](O)[C@H](O)[C@@H](O[C@@H]%11OC[C@@H](O[C@@H]%12C[C@H](CO)[C@H](O)[C@H](O)[C@H]%12O)[C@H](O)[C@H]%11O)[C@H](C)O%10)=O)CCC(C)(C)C[C@@]6(O)C5CC[C@]4([H])[C@@]3(C)C1,"InChI=1S/C77H118O33/c1-33-49(84)54(89)43(29-79)105-65(33)109-64-40(82)27-72(6)45-17-18-47-76(32-80,73(45,7)21-20-46(72)74(64,8)69(95)96)25-24-75(23-22-71(4,5)31-77(47,75)98)70(97)110-68-63(62(104-41-16-15-39(81)51(86)52(41)87)61(35(3)102-68)106-48(83)19-12-36-10-13-38(99-9)14-11-36)108-67-59(94)57(92)60(34(2)101-67)107-66-58(93)55(90)44(30-100-66)103-42-26-37(28-78)50(85)56(91)53(42)88/h10-14,19,33-35,37,39-47,49-68,78-82,84-94,98H,15-18,20-32H2,1-9H3,(H,95,96)/b19-12+/t33-,34+,35-,37-,39-,40+,41-,42-,43-,44-,45-,46-,47?,49-,50+,51+,52+,53+,54-,55+,56+,57+,58-,59-,60+,61+,62+,63-,64+,65+,66+,67+,68+,72-,73-,74+,75-,76+,77-/m1/s1",YLQNTMLBMQSBHE-DRTZGRBJSA-N,瓜子金
皂苷类,GZJ-014,贝萼皂苷元； 贝萼甙元,Bayogenin,C30H48O5,6989-24-8,488.7,,O[C@@H]1[C@](CO)(C)[C@@]2([H])[C@@](C[C@@H]1O)(C)[C@]3([H])[C@](CC2)(C)[C@@]4(C)C([C@@](CC(C)(C)CC5)([H])[C@@]5(C(O)=O)CC4)=CC3,"InChI=1S/C30H48O5/c1-25(2)11-13-30(24(34)35)14-12-28(5)18(19(30)15-25)7-8-22-26(3)16-20(32)23(33)27(4,17-31)21(26)9-10-29(22,28)6/h7,19-23,31-33H,8-17H2,1-6H3,(H,34,35)/t19-,20-,21+,22+,23-,26-,27-,28+,29+,30-/m0/s1",RWNHLTKFBKYDOJ-JEERONPWSA-N,瓜子金
皂苷类,GZJ-015,瓜子金皂苷戊,Polygalasaponin E,C47H74O19,882664-72-4,943.09,,C[C@@]1(C(O)=O)[C@@H](O)[C@@H](O)C[C@]2(C)C3CC=C4C5CC(C)(C)CC[C@@](C(O[C@@H]6O[C@H](CO)[C@@H](O)[C@H](O)[C@H]6O[C@@H]7O[C@@H](C)[C@H](O[C@@H]8OC[C@@H](O)[C@H](O)[C@H]8O)[C@@H](O)[C@H]7O)=O)5CC[C@](C)4[C@@](C)3CCC12,"InChI=1S/C47H74O19/c1-20-34(64-37-32(55)28(51)24(50)19-61-37)31(54)33(56)38(62-20)65-35-30(53)29(52)25(18-48)63-39(35)66-41(60)47-14-12-42(2,3)16-22(47)21-8-9-26-43(4)17-23(49)36(57)46(7,40(58)59)27(43)10-11-45(26,6)44(21,5)13-15-47/h8,20,22-39,48-57H,9-19H2,1-7H3,(H,58,59)/t20-,22?,23-,24+,25?,26?,27?,28-,29+,30-,31-,32+,33+,34-,35+,36-,37-,38-,39-,43+,44+,45+,46?,47-/m0/s1",AWUKSVPVFAMJKF-TXJQWUQJSA-N,瓜子金
皂苷类,GZJ-016,/,Polygalasaponin LXIV,/,/,/,,O[C@H]1C[C@]2(C)C3CC=C4C5CC(C)(C)CC[C@]5(C(O[C@@H]6O[C@H](C)[C@H](OC(/C=C/C7=CC(OC)=C(OC)C=C7)=O)[C@H](O[C@H]8[C@H](O)[C@@H](O)[C@H](O)[C@@H](CO)O8)[C@H]6O[C@@H]9O[C@@H](C)[C@H](O[C@H]%10[C@H](O)[C@@H](O)[C@H](O[C@H]%11[C@H](O)[C@@H](O)[C@@H](O)[C@@H](CO)O%11)CO%10)[C@@H](O)[C@H]9O)=O)CC[C@@]4(CO)[C@]3(C)CCC2[C@](C)(C(O)=O)[C@H]1O[C@@H]%12O[C@H](CO)[C@@H](C)[C@@H](O)[C@H]%12O.[OH],"InChI=1S/C77H116O36.HO/c1-31-40(26-78)104-68(54(91)47(31)84)112-63-37(82)25-73(6)44-15-13-35-36-24-72(4,5)19-20-76(36,21-22-77(35,30-81)74(44,7)18-17-45(73)75(63,8)70(96)97)71(98)113-69-62(111-65-58(95)53(90)59(32(2)102-65)109-64-55(92)50(87)43(29-101-64)107-66-56(93)51(88)48(85)41(27-79)105-66)61(110-67-57(94)52(89)49(86)42(28-80)106-67)60(33(3)103-69)108-46(83)16-12-34-11-14-38(99-9)39(23-34)100-10;/h11-14,16,23,31-33,36-37,40-45,47-69,78-82,84-95H,15,17-22,24-30H2,1-10H3,(H,96,97);1H/b16-12+;/t31-,32+,33-,36?,37+,40-,41-,42-,43-,44?,45?,47-,48+,49-,50+,51+,52+,53+,54-,55-,56-,57-,58-,59+,60+,61+,62-,63+,64+,65+,66+,67+,68+,69+,73-,74-,75+,76+,77+;/m1./s1",JSDKAYNVJSVTSF-CJGYSMKXSA-N,瓜子金
皂苷类,GZJ-017,瓜子金皂苷ⅩⅪ,Polygalasaponin XXI,C53H84O24,96827-23-5,1 105,,O=C(O[C@@H]1[C@H](O[C@@H]2O[C@@H](C)[C@H](O[C@H]3[C@H](O)[C@@H](O)[C@H](O)CO3)[C@@H](O)[C@H]2O)[C@@H](O)[C@H](O)[C@@H](CO)O1)[C@@]45CC[C@@]6(C)[C@]7(C)CCC8[C@](C)(C(O)=O)[C@@H](O[C@@H]9C[C@H](CO)[C@@H](O)[C@H](O)[C@H]9O)[C@@H](O)C[C@]8(C)C7CC=C6C4CC(C)(C)CC5,"InChI=1S/C54H86O23/c1-22-41(75-44-39(66)33(60)27(58)21-71-44)38(65)40(67)45(72-22)76-42-37(64)35(62)29(20-56)74-46(42)77-48(70)54-14-12-49(2,3)17-25(54)24-8-9-30-50(4)18-26(57)43(73-28-16-23(19-55)32(59)36(63)34(28)61)53(7,47(68)69)31(50)10-11-52(30,6)51(24,5)13-15-54/h8,22-23,25-46,55-67H,9-21H2,1-7H3,(H,68,69)/t22-,23+,25?,26-,27+,28+,29+,30?,31?,32+,33-,34-,35+,36-,37-,38-,39+,40+,41-,42+,43-,44-,45-,46+,50+,51+,52+,53-,54-/m0/s1",UXGPXJWVRDUTJY-URCSQMCDSA-N,瓜子金
皂苷类,GZJ-018,瓜子金皂苷丁,/,C42H68O15,/,812,,C[C@@]1(CO)[C@@H](O)[C@@H](O)C[C@]2(C)C3CC=C4C5CC(C)(C)CC[C@@](C(O[C@@H]6O[C@H](CO)[C@@H](O)[C@H](O)[C@H]6O[C@@H]7O[C@H](CO)[C@@H](O)[C@H](O)[C@H]7O)=O)5CC[C@](C)4[C@@](C)3CCC12,"InChI=1S/C42H68O15/c1-37(2)11-13-42(36(53)57-35-32(30(50)28(48)24(18-44)55-35)56-34-31(51)29(49)27(47)23(17-43)54-34)14-12-40(5)20(21(42)15-37)7-8-26-38(3)16-22(46)33(52)39(4,19-45)25(38)9-10-41(26,40)6/h7,21-35,43-52H,8-19H2,1-6H3/t21?,22-,23?,24?,25?,26?,27+,28+,29-,30-,31+,32+,33-,34-,35-,38-,39?,40+,41+,42-/m0/s1",LJQIHQMJTOBXBU-LSCBGLTNSA-N,瓜子金
皂苷类,GZJ-019,瓜子金皂苷III,Polygalasaponin III,C53H86O23,/,1113.55,,COC1=CC2=C(OC(C=C(O)C([C@H]3[C@H](O)[C@@H](O)[C@H](O)[C@@H](CO[C@@H]4OC[C@@](CO)(O)[C@H]4O)C3)=C5O)=C5C2=O)C=C1O,"InChI=1S/C26H30O14/c1-37-15-3-10-14(4-12(15)28)40-16-5-13(29)17(22(33)18(16)20(10)31)11-2-9(19(30)23(34)21(11)32)6-38-25-24(35)26(36,7-27)8-39-25/h3-5,9,11,19,21,23-25,27-30,32-36H,2,6-8H2,1H3/t9-,11+,19-,21+,23+,24+,25-,26-/m1/s1",JMHDBADLHHEGFN-UMYVTRGWSA-N,瓜子金
皂苷类,GZJ-020,瓜子金皂苷IX,Polygalasaponin IX,C59H96O28,/,1113.55,,O=C([C@]1(CCC(C)(C)C2)C2C3=CCC4[C@@](C)(CCC5[C@@]4(C[C@H](O)[C@H](O[C@@H]([C@@H]([C@@H](O)[C@@H]6O)O[C@@H]7O[C@H](CO)[C@@H](O)[C@@H](O)[C@H]7O)O[C@@H]6CO)C5(C)CO)C)[C@]3(C)CC1)O[C@H](O[C@H](CO)[C@@H](O)[C@@H]8O)[C@@H]8OC9OC(C)[C@H](O[C@H](OC[C@@H](O)[C@@H]%10O)[C@@H]%10O)[C@H](C)[C@H]9C,"InChI=1S/C61H100O26/c1-25-26(2)50(79-27(3)46(25)83-51-44(75)37(68)31(67)23-78-51)84-48-43(74)40(71)34(22-64)82-54(48)87-55(77)61-16-14-56(4,5)18-29(61)28-10-11-36-57(6)19-30(66)49(58(7,24-65)35(57)12-13-60(36,9)59(28,8)15-17-61)86-53-47(42(73)39(70)33(21-63)81-53)85-52-45(76)41(72)38(69)32(20-62)80-52/h10,25-27,29-54,62-76H,11-24H2,1-9H3/t25-,26-,27?,29?,30+,31-,32-,33-,34-,35?,36?,37+,38-,39-,40-,41-,42+,43+,44-,45-,46-,47-,48-,49+,50?,51+,52+,53+,54+,57+,58?,59-,60-,61+/m1/s1",NIRSVHCPBJFICO-XHCRLXIDSA-N,瓜子金
皂苷类,GZJ-021,瓜子金皂苷X,Polygalasaponin X,/,/,/,,C[C@@]1(CO)[C@@H](O[C@@H]2O[C@H](CO)[C@@H](O)[C@H](O)[C@H]2O)[C@@H](O)C[C@]3(C)C4CC=C5C6CC(C)(C)CC[C@@](C(O[C@@H]7O[C@H](CO)[C@@H](O)[C@H](O[C@@H]8OC[C@](O)(CO)[C@H]8O)[C@H]7O[C@@H]9O[C@@H](C)[C@H](O[C@@H]%10OC[C@@H](O)[C@H](O)[C@H]%10O)[C@@H](O)[C@H]9O)=O)6CC[C@](C)5[C@@](C)4CCC13,"InChI=1S/C58H94O27/c1-24-41(81-46-38(70)33(65)28(64)20-76-46)37(69)40(72)47(78-24)83-43-42(82-50-44(73)58(75,22-62)23-77-50)35(67)30(19-60)80-49(43)85-51(74)57-14-12-52(2,3)16-26(57)25-8-9-32-53(4)17-27(63)45(84-48-39(71)36(68)34(66)29(18-59)79-48)54(5,21-61)31(53)10-11-56(32,7)55(25,6)13-15-57/h8,24,26-50,59-73,75H,9-23H2,1-7H3/t24-,26?,27-,28+,29?,30?,31?,32?,33-,34+,35+,36-,37-,38+,39+,40+,41-,42-,43+,44-,45-,46-,47-,48-,49-,50-,53-,54?,55+,56+,57-,58?/m0/s1",BSYPINHKKDTFTR-UXYDFHJOSA-N,瓜子金
皂苷类,GZJ-022,瓜子金皂苷XII,Polygalasaponin XII,C42H66O15,/,855.44,,CC12C(CCC3(C)C2CC=C4[C@@]3(C)CCC5(C(O[C@H]([C@H]([C@@H]6O)O)C[C@@H](CO)[C@@H]6O)=O)C4CC(C)(C)CC5)[C@](C)(C=O)C(O[C@@H]7O[C@H](CO)[C@@H](O)[C@H](O)[C@H]7O)[C@H](O)C1,"InChI=1S/C43H68O14/c1-38(2)11-13-43(37(54)56-25-15-21(18-44)29(48)32(51)30(25)49)14-12-41(5)22(23(43)16-38)7-8-28-39(3)17-24(47)35(40(4,20-46)27(39)9-10-42(28,41)6)57-36-34(53)33(52)31(50)26(19-45)55-36/h7,20-21,23-36,44-45,47-53H,8-19H2,1-6H3/t21-,23?,24+,25-,26+,27?,28?,29-,30+,31+,32+,33-,34+,35?,36-,39?,40?,41+,42?,43?/m0/s1",CRBSWVDQODFWDG-YRFITDILSA-N,瓜子金
皂苷类,GZJ-023,瓜子金皂苷XXII,Polygalasaponin XXII,C57H90O26,/,1235.57,,CC1(C)CC[C@]2(C(O)=O)CC[C@@]3(C)[C@]4(C)CCC5C([C@@H](O[C@H]6[C@H](O[C@@H]7O[C@H](CO)[C@@H](O)[C@H](O)[C@H]7O)[C@@H](O)[C@H](O)[C@@H](CO)O6)[C@@H](O)C[C@]5(C)C4CC=C3C2C1)=C,"InChI=1S/C41H64O14/c1-19-20-9-10-40(6)26(8-7-21-22-15-37(2,3)11-13-41(22,36(50)51)14-12-39(21,40)5)38(20,4)16-23(44)32(19)54-35-33(30(48)28(46)25(18-43)53-35)55-34-31(49)29(47)27(45)24(17-42)52-34/h7,20,22-35,42-49H,1,8-18H2,2-6H3,(H,50,51)/t20?,22?,23-,24+,25+,26?,27+,28+,29-,30-,31+,32+,33+,34-,35-,38-,39+,40+,41-/m0/s1",OQBBRBQULLQBKB-SKOZPJTESA-N,瓜子金
皂苷类,GZJ-024,瓜子金皂苷 XXIV,Polygalasaponin XXIV,C58H92O28,/,1235.57,,C[C@@]1(C(O)=O)[C@@H](O[C@@H]2C[C@H](CO)[C@@H](O)[C@@H](O)[C@H]2O)[C@@H](O)C[C@]3(C)C4CC=C5C6CC(C)(C)CC[C@]6(C(O[C@@H]7[C@H](O[C@@H]8O[C@@H](C)[C@H](O[C@H]9[C@H](O)[C@@H](O)[C@H](O)CO9)[C@@H](O)[C@H]8O)[C@@H](O[C@@H]%10OC[C@@](CO)(O)[C@H]%10C)[C@@H](O)[C@@H](C)C7)=O)CC[C@@]5(O)[C@]4(C)CCC31,"InChI=1S/C60H96O25/c1-25-17-34(46(47(37(25)65)85-49-26(2)59(76,23-62)24-79-49)84-51-44(72)42(70)45(27(3)80-51)83-50-43(71)39(67)32(64)22-78-50)82-53(75)58-14-13-54(4,5)19-30(58)29-9-10-35-55(6)20-31(63)48(81-33-18-28(21-61)38(66)41(69)40(33)68)57(8,52(73)74)36(55)11-12-56(35,7)60(29,77)16-15-58/h9,25-28,30-51,61-72,76-77H,10-24H2,1-8H3,(H,73,74)/t25-,26-,27-,28+,30?,31-,32+,33+,34-,35?,36?,37-,38+,39-,40-,41+,42-,43+,44+,45-,46-,47-,48-,49-,50-,51-,55+,56+,57-,58-,59+,60-/m0/s1",ULHOGJKFOARONC-FSQLNJMCSA-N,瓜子金
皂苷类,GZJ-025,瓜子金皂苷XXV,Polygalasaponin XXV,C36H56O10,/,649.38,,O[C@H]([C@@H](O)[C@H](O)[C@H]1O)O[C@H]1O[C@H]2[C@@H](O)C[C@@]3(C)[C@](CC[C@]4(C)[C@]3([H])C=CC5=C6[C@@](CCC(C)(C)C6)(C(O)=O)CC[C@@]45C)([H])[C@@]2(CO)C,"InChI=1S/C35H54O10/c1-30(2)11-13-35(29(42)43)14-12-33(5)18(19(35)15-30)7-8-22-31(3)16-20(37)26(32(4,17-36)21(31)9-10-34(22,33)6)44-28-25(40)23(38)24(39)27(41)45-28/h7-8,20-28,36-41H,9-17H2,1-6H3,(H,42,43)/t20-,21+,22+,23-,24-,25+,26-,27-,28+,31-,32-,33+,34+,35-/m0/s1",BPSUAIHSHYFXDY-FFXORKSISA-N,瓜子金
皂苷类,GZJ-026,瓜子金皂苷 XXVII,Polygalasaponin XXVII,C41H64O14,/,825.43,,O=C([C@]1(CCC(C)(C)C2)[C@]2([H])C3=CC[C@@]4([H])[C@@](C)(CC[C@]5([H])[C@@]4(C[C@H](O)[C@H](O[C@@H]([C@@H]([C@@H](O)[C@@H]6O)O)O[C@@H]6CO)[C@]5(C(O)=O)C)C)[C@]3(CO)CC1)O[C@@H]7OC[C@@](CO[C@H]8[C@@H](O)[C@H](O)[C@H](O)[C@H](C)O8)(O)[C@H]7O,"InChI=1S/C47H74O20/c1-21-28(51)30(53)32(55)36(64-21)62-19-47(61)20-63-38(34(47)57)67-40(60)45-12-11-41(2,3)15-23(45)22-7-8-26-42(4)16-24(50)35(66-37-33(56)31(54)29(52)25(17-48)65-37)44(6,39(58)59)27(42)9-10-43(26,5)46(22,18-49)14-13-45/h7,21,23-38,48-57,61H,8-20H2,1-6H3,(H,58,59)/t21-,23-,24-,25+,26+,27+,28+,29+,30+,31-,32-,33+,34-,35-,36+,37-,38-,42+,43+,44-,45-,46-,47+/m0/s1",KPADNNXKYFZOJG-DVOVWFCOSA-N,瓜子金
皂苷类,GZJ-027,瓜子金皂苷 XXVIII,Polygalasaponin XXVⅢ,C53H84O24,/,1103.53,,O[C@H]1C[C@]2(C)C3CC=C4C5CC(C)(C)CC[C@]5(C(O[C@H]6O[C@H](C)[C@@H](O)C[C@H]6O[C@H]7O[C@@H](C)[C@H](O[C@@H]8OC[C@@H](O)[C@H](O)[C@H]8O)[C@@H](O)[C@H]7O)=O)CC[C@@]4(CO)[C@]3(C)CCC2[C@](C)(C(O)=O)[C@H]1O[C@@H]9C[C@H](O)[C@@H](O)[C@H](O)[C@@H]9O,"InChI=1S/C53H84O22/c1-22-26(55)16-31(73-45-40(65)38(63)41(23(2)71-45)74-44-39(64)35(60)29(58)20-69-44)43(70-22)75-47(68)52-13-12-48(3,4)18-25(52)24-8-9-32-49(5)19-28(57)42(72-30-17-27(56)34(59)37(62)36(30)61)51(7,46(66)67)33(49)10-11-50(32,6)53(24,21-54)15-14-52/h8,22-23,25-45,54-65H,9-21H2,1-7H3,(H,66,67)/t22-,23+,25?,26+,27+,28+,29-,30-,31-,32?,33?,34-,35+,36-,37+,38+,39-,40-,41+,42+,43-,44+,45-,49-,50-,51+,52+,53+/m1/s1",GDLXEMRMRWGKRN-AOMLYBJHSA-N,瓜子金
皂苷类,GZJ-028,瓜子金皂苷V,Polygalasaponin V,C58H94O27,162857-65-0,1223.35,,C[C@@]1(CO)[C@@H](O[C@@H]2O[C@H](CO)[C@@H](O)[C@H](O)[C@H]2O)[C@@H](O)C[C@]3(C)C4CC=C5C6CC(C)(C)CC[C@@](C(O[C@@H]7O[C@H](CO)[C@@H](O)[C@H](O)[C@H]7O[C@@H]8O[C@@H](C)[C@H](O[C@@H]9OC[C@@H](O)[C@H](O)[C@H]9O)[C@@H](O[C@@H]%10OC[C@](O)(CO)[C@H]%10O)[C@H]8O)=O)6CC[C@](C)5[C@@](C)4CCC13,"InChI=1S/C58H94O27/c1-24-41(81-46-38(70)33(65)28(64)20-76-46)42(82-50-44(73)58(75,22-62)23-77-50)40(72)48(78-24)83-43-37(69)35(67)30(19-60)80-49(43)85-51(74)57-14-12-52(2,3)16-26(57)25-8-9-32-53(4)17-27(63)45(84-47-39(71)36(68)34(66)29(18-59)79-47)54(5,21-61)31(53)10-11-56(32,7)55(25,6)13-15-57/h8,24,26-50,59-73,75H,9-23H2,1-7H3/t24-,26?,27-,28+,29?,30?,31?,32?,33-,34+,35+,36-,37-,38+,39+,40+,41-,42-,43+,44-,45-,46-,47-,48-,49-,50-,53-,54?,55+,56+,57-,58?/m0/s1",OIVDEBIGYOTPKV-UXYDFHJOSA-N,瓜子金
皂苷类,GZJ-029,瓜子金皂苷Ⅶ,Polygalasaponin VⅡ,/,/,/,,C[C@@]1(CO)[C@@H](O[C@@H]2C[C@H](CO)[C@@H](O)[C@H](O)[C@H]2O[C@@H]3O[C@H](CO)[C@@H](O)[C@H](O)[C@H]3O)[C@@H](O)C[C@]4(C)C5CC=C6C7CC(C)(C)CC[C@@](C(O[C@@H]8O[C@H](CO)[C@@H](O)[C@H](O)[C@H]8O[C@@H]9O[C@@H](C)[C@@H](O)[C@@H](O)[C@H]9O)=O)7CC[C@](C)6[C@@](C)5CCC14,"InChI=1S/C55H90O23/c1-23-33(61)37(65)41(69)46(72-23)77-44-40(68)36(64)30(21-58)75-48(44)78-49(71)55-14-12-50(2,3)17-26(55)25-8-9-32-51(4)18-27(60)45(52(5,22-59)31(51)10-11-54(32,7)53(25,6)13-15-55)73-28-16-24(19-56)34(62)39(67)43(28)76-47-42(70)38(66)35(63)29(20-57)74-47/h8,23-24,26-48,56-70H,9-22H2,1-7H3/t23-,24?,26?,27-,28+,29?,30?,31?,32?,33+,34+,35+,36+,37+,38-,39-,40-,41+,42+,43-,44+,45-,46-,47-,48-,51-,52?,53+,54+,55-/m0/s1",LMCCUHRKCWRQHU-XTTCJIDASA-N,瓜子金
皂苷类,GZJ-030,瓜子金皂苷庚,/,/,/,/,,C[C@@]1(CO)[C@@H](O)[C@@H](O)C[C@]2(C)C3CC=C4C5CC(C)(C)CC[C@@](C(O[C@@H]6O[C@H](CO)[C@@H](O)[C@H](O)[C@H]6O[C@@H]7O[C@@H](C)[C@H](O[C@@H]8OC[C@@H](O)[C@H](O)[C@H]8O)[C@@H](O[C@@H]9OC[C@](O)(CO)[C@H]9O)[C@H]7O)=O)5CC[C@](C)4[C@@](C)3CCC12,"InChI=1S/C52H84O22/c1-23-36(71-41-34(61)31(58)27(57)19-67-41)37(72-44-40(64)52(66,21-55)22-68-44)35(62)42(69-23)73-38-33(60)32(59)28(18-53)70-43(38)74-45(65)51-14-12-46(2,3)16-25(51)24-8-9-30-47(4)17-26(56)39(63)48(5,20-54)29(47)10-11-50(30,7)49(24,6)13-15-51/h8,23,25-44,53-64,66H,9-22H2,1-7H3/t23-,25?,26-,27+,28?,29?,30?,31-,32+,33-,34+,35+,36-,37-,38+,39-,40-,41-,42-,43-,44-,47-,48?,49+,50+,51-,52?/m0/s1",YRJVDXSQAMGXET-UXYYSMKKSA-N,瓜子金
皂苷类,GZJ-031,瓜子金皂苷壬,/,/,/,/,,C[C@@]1(CO)[C@@H](O[C@@H]2O[C@H](CO)[C@@H](O)[C@H](O)[C@H]2O)[C@@H](O)C[C@]3(C)C4CC=C5C6CC(C)(C)CC[C@@](C(O[C@@H]7O[C@H](CO)[C@@H](O)[C@H](O)[C@H]7O[C@@H]8O[C@@H](C)[C@H](O[C@@H]9OC[C@@H](O[C@@H]%10C[C@H](CO)[C@H](O)[C@H](O)[C@H]%10O)[C@H](O)[C@H]9O)[C@@H](O)[C@H]8O)=O)6CC[C@](C)5[C@@](C)4CCC13,"InChI=1S/C60H98O27/c1-24-47(84-50-44(75)39(70)32(22-79-50)81-29-16-25(19-61)35(66)40(71)36(29)67)43(74)46(77)51(80-24)85-48-42(73)38(69)31(21-63)83-53(48)87-54(78)60-14-12-55(2,3)17-27(60)26-8-9-34-56(4)18-28(65)49(86-52-45(76)41(72)37(68)30(20-62)82-52)57(5,23-64)33(56)10-11-59(34,7)58(26,6)13-15-60/h8,24-25,27-53,61-77H,9-23H2,1-7H3/t24-,25?,27?,28-,29+,30?,31?,32+,33?,34?,35-,36-,37+,38+,39-,40-,41-,42-,43-,44+,45+,46+,47-,48+,49-,50-,51-,52-,53-,56-,57?,58+,59+,60-/m0/s1",CVEGPOLUDUXWGH-CCJHSHDGSA-N,瓜子金
皂苷类,GZJ-032,常春藤皂甙元,Hederagenin,C30H48O4,465-99-6," 
472.7",,O[C@@H]1[C@](CO)(C)[C@@]2([H])[C@@](CC1)(C)[C@]3([H])[C@](CC2)(C)[C@@]4(C)C([C@@](CC(C)CC5)(C)[C@@]5(C(O)=O)CC4)=CC3,"InChI=1S/C30H48O4/c1-19-9-14-30(24(33)34)16-15-28(5)22(29(30,6)17-19)8-7-21-25(2)12-11-23(32)26(3,18-31)20(25)10-13-27(21,28)4/h8,19-21,23,31-32H,7,9-18H2,1-6H3,(H,33,34)/t19?,20-,21-,23+,25+,26+,27-,28-,29+,30-/m1/s1",ZXMWLUMHAZPIRU-IEOHQCLKSA-N,瓜子金
皂苷类,GZJ-033, 阿江榄仁酸,Arjunolic acid,C30H48O5,465-00-9,488.7,,O[C@@H]1[C@](CO)(C)[C@@]2([H])[C@@](C[C@H]1O)(C)[C@]3([H])[C@](CC2)(C)[C@@]4(C)C([C@@](CC(C)(C)CC5)([H])[C@@]5(C(O)=O)CC4)=CC3,"InChI=1S/C30H48O5/c1-25(2)11-13-30(24(34)35)14-12-28(5)18(19(30)15-25)7-8-22-26(3)16-20(32)23(33)27(4,17-31)21(26)9-10-29(22,28)6/h7,19-23,31-33H,8-17H2,1-6H3,(H,34,35)/t19-,20+,21+,22+,23-,26-,27-,28+,29+,30-/m0/s1",RWNHLTKFBKYDOJ-DDHMHSPCSA-N,瓜子金
皂苷类,GZJ-034,/,Lobatoside B,C59H92O26,123714-90-9,1217.35,,O=C1C(O)=C(C2=CC=C(O)C(O)=C2)OC3=CC(O)=CC(O)=C13,"InChI=1S/C15H10O7/c16-7-4-10(19)12-11(5-7)22-15(14(21)13(12)20)6-1-2-8(17)9(18)3-6/h1-5,16-19,21H",REFJWTPEDVJJIY-UHFFFAOYSA-N,瓜子金
皂苷类,GZJ-035,"胡萝卜苷
",daucosterol,C35H60O6,474-58-8,576.86,,C[C@@]1([C@@]2(C)[C@H](C)CC[C@@H](CC)C(C)C)[C@](CC2)(C)[C@@](CC=C3[C@@]4(CC[C@H](O[C@]([C@@H]([C@@H](O)[C@@H]5O)O)(C)O[C@@H]5CO)C3)C)(C)[C@]4(C)CC1,"InChI=1S/C40H70O6/c1-12-27(25(2)3)14-13-26(4)34(5)19-20-39(10)36(34,7)21-22-37(8)35(6)17-16-29(23-28(35)15-18-38(37,39)9)45-40(11)33(44)32(43)31(42)30(24-41)46-40/h15,25-27,29-33,41-44H,12-14,16-24H2,1-11H3/t26-,27-,29+,30-,31-,32+,33-,34-,35+,36-,37-,38-,39-,40-/m1/s1",HQAJICMBGGQUHY-BKFJYOLLSA-N,瓜子金
黄酮类,GZJ-036,山奈酚-7，4’-二甲醚,"Kaempferol-7, 4 '-dimethyl ether",C17H14O6,15486-33-6,314.29,,O=C(C(O)=C1C2=CC=C(OC)C=C2)C3=C(O1)C=CC=C3,"InChI=1S/C16H12O4/c1-19-11-8-6-10(7-9-11)16-15(18)14(17)12-4-2-3-5-13(12)20-16/h2-9,18H,1H3",IIBBFGMVMNZMGA-UHFFFAOYSA-N,瓜子金
黄酮类,GZJ-037,远志口山酮,PolygalaxanthoneⅢ,C25H28O15,162857-78-5,568.48,,O=C1C2=C(C=C(O)C([C@H]3[C@H](O)[C@@H](O)[C@H](O)[C@@H](CO[C@@H]4OC[C@@](CO)(O)[C@H]4O)O3)=C2O)OC5=C1C=C(OC)C(O)=C5,"InChI=1S/C25H28O15/c1-36-12-2-8-11(3-9(12)27)39-13-4-10(28)15(19(31)16(13)17(8)29)22-21(33)20(32)18(30)14(40-22)5-37-24-23(34)25(35,6-26)7-38-24/h2-4,14,18,20-24,26-28,30-35H,5-7H2,1H3/t14-,18-,20+,21-,22+,23+,24-,25-/m1/s1",LLJUCXMVRPAONX-AYATVRNWSA-N,瓜子金
黄酮类,GZJ-038,β-鼠李素,Rhamnetin,C16H12O7,90-19-7,316.26,,O=C1C(O)=C(C2=CC=C(O)C(O)=C2)OC3=CC(OC)=CC(O)=C13,"InChI=1S/C16H12O7/c1-22-8-5-11(19)13-12(6-8)23-16(15(21)14(13)20)7-2-3-9(17)10(18)4-7/h2-6,17-19,21H,1H3",JGUZGNYPMHHYRK-UHFFFAOYSA-N,瓜子金
黄酮类,GZJ-039,/,Polygalin C,C28H32O16,934768-05-5,624.6,,O=C1C2=C(O)C=C(OC)C=C2OC(C3=CC=C(OC)C(O)=C3)=C1O[C@@H]4O[C@H](CO)[C@H](O)[C@H](O)[C@H]4O[C@@H]5OC[C@](O)(CO)[C@H]5O,"InChI=1S/C28H32O16/c1-38-12-6-14(32)18-16(7-12)41-22(11-3-4-15(39-2)13(31)5-11)23(20(18)34)43-26-24(21(35)19(33)17(8-29)42-26)44-27-25(36)28(37,9-30)10-40-27/h3-7,17,19,21,24-27,29-33,35-37H,8-10H2,1-2H3/t17-,19+,21+,24-,25+,26+,27+,28-/m1/s1",WEUAMJXXXHKXGE-DORMBUOXSA-N,瓜子金
黄酮类,GZJ-040,槲皮素, Quercetin,C15H10O7,117-39-5,302.24,,O=C1C(O)=C(C2=CC=C(O)C(O)=C2)OC3=CC(O)=CC(O)=C13,"InChI=1S/C15H10O7/c16-7-4-10(19)12-11(5-7)22-15(14(21)13(12)20)6-1-2-8(17)9(18)3-6/h1-5,16-19,21H",REFJWTPEDVJJIY-UHFFFAOYSA-N,瓜子金
黄酮类,GZJ-041,鼠李亭-3-O-β-D-葡萄糖苷,Ｒhamnetin-3-O-β-D-glucoside,C22H22O11,27875-34-9,462.4,,OC(C=C1)=C(O)C=C1C(OC2=C(C(O)=CC(OC)=C2)C3=O)=C3O[C@@H]4O[C@H](CO)[C@@H](O)[C@H](O)[C@H]4O,"InChI=1S/C22H22O12/c1-31-9-5-12(26)15-13(6-9)32-20(8-2-3-10(24)11(25)4-8)21(17(15)28)34-22-19(30)18(29)16(27)14(7-23)33-22/h2-6,14,16,18-19,22-27,29-30H,7H2,1H3/t14-,16-,18+,19-,22+/m1/s1",PHEWILLIAJUBQE-LFXZADKFSA-N,瓜子金
黄酮类,GZJ-042,山奈酚,Kaempferol,C15H10O6,520-18-3,286.24,,O=C1C(O)=C(C2=CC=C(O)C=C2)OC3=CC(O)=CC(O)=C13,"InChI=1S/C15H10O6/c16-8-3-1-7(2-4-8)15-14(20)13(19)12-10(18)5-9(17)6-11(12)21-15/h1-6,16-18,20H",IYRMWMYZSQPJKC-UHFFFAOYSA-N,瓜子金
黄酮类,GZJ-043,紫云英苷, Astragalin,C21H20O11,480-10-4,448.38,,O=C(C(O[C@@H]([C@@H]([C@@H](O)[C@@H]1O)O)O[C@@H]1CO)=C(C2=CC=C(O)C=C2)OC3=CC(O)=C4)C3=C4O,"InChI=1S/C21H20O11/c22-7-13-15(26)17(28)18(29)21(31-13)32-20-16(27)14-11(25)5-10(24)6-12(14)30-19(20)8-1-3-9(23)4-2-8/h1-6,13,15,17-18,21-26,28-29H,7H2/t13-,15-,17+,18-,21+/m1/s1",JPUKWEQWGBDDQB-QSOFNFLRSA-N,瓜子金
黄酮类,GZJ-044,鼠李柠檬素,Ｒhamnocitrin,C16H12O6,569-92-6,300.26,,OC1=C(C(C=C2)=CC=C2O)OC3=CC(OC)=CC(O)=C3C1=O,"InChI=1S/C16H12O6/c1-21-10-6-11(18)13-12(7-10)22-16(15(20)14(13)19)8-2-4-9(17)5-3-8/h2-7,17-18,20H,1H3",MQSZRBPYXNEFHF-UHFFFAOYSA-N,瓜子金
黄酮类,GZJ-045,鼠李亭-3-O-β-D-半乳糖苷,Ｒhamnetin-3-O-β-D-galactopyranoside,C22H22O12,27875-34-9,478.4,,OC(C=C1)=C(O)C=C1C(OC2=C(C(O)=CC(OC)=C2)C3=O)=C3O[C@@H]4O[C@H](CO)[C@H](C)[C@H](O)[C@H]4O.[OH],"InChI=1S/C23H24O11.HO/c1-9-16(8-24)33-23(20(30)18(9)28)34-22-19(29)17-14(27)6-11(31-2)7-15(17)32-21(22)10-3-4-12(25)13(26)5-10;/h3-7,9,16,18,20,23-28,30H,8H2,1-2H3;1H/t9-,16+,18-,20+,23-;/m0./s1",XSWXWKDHLVANNB-JHVHGOKZSA-N,瓜子金
黄酮类,GZJ-046,5，3'-二羟基-7，4’-甲氧基黄酮醇,"5,3'-Dihydroxy-7,4'-dimethoxyflavone",C17H14O6,32174-62-2,314.29,,OC1=CC(C2=C(C(C3=C(C=C(OC)C=C3O2)O)=O)O)=CC=C1OC,"InChI=1S/C17H14O7/c1-22-9-6-11(19)14-13(7-9)24-17(16(21)15(14)20)8-3-4-12(23-2)10(18)5-8/h3-7,18-19,21H,1-2H3",BWORNNDZQGOKBY-UHFFFAOYSA-N,瓜子金
黄酮类,GZJ-047,山奈酚-7，4’-二甲醚-3-O-β-D-半乳糖苷,"Kaempferol-7, 4 '-dimethyl ether-3-O-β-D-galactoside",/,/,/,,OC[C@H]([C@@H](O)[C@H](O)[C@H]1O)O[C@H]1OC2=C(OC3=C(C(O)=CC(OC)=C3)C2=O)C4=CC=C([CH3]=O)C=C4,"InChI=1S/C23H24O11/c1-31-12-6-13(26)16-14(7-12)32-21(11-4-2-10(8-24)3-5-11)22(18(16)28)34-23-20(30)19(29)17(27)15(9-25)33-23/h2-7,15,17,19-20,23,25-27,29-30H,9H2,1,8H3/t15-,17-,19+,20-,23+/m1/s1",OUPUJLCBBOHAQQ-LNNZMUSMSA-N,瓜子金
黄酮类,GZJ-048,"2β,27-bihydroxy-23-carboxyoleanolic acid 3-O-β-D-glucopyranoside",/,/,/,/,,O[C@H]1C[C@@]2(C)C(CC[C@]3(C)C2CC=C4[C@@]3(CO)CC[C@]5(C(O)=O)C4CC(C)(C)CC5)[C@](C)(CO)[C@H]1O[C@@H]6O[C@H](CO)[C@@H](O)[C@H](O)[C@H]6O,"InChI=1S/C36H58O11/c1-31(2)10-11-35(30(44)45)12-13-36(18-39)19(20(35)14-31)6-7-24-32(3)15-21(40)28(33(4,17-38)23(32)8-9-34(24,36)5)47-29-27(43)26(42)25(41)22(16-37)46-29/h6,20-29,37-43H,7-18H2,1-5H3,(H,44,45)/t20?,21-,22+,23?,24?,25+,26-,27+,28-,29-,32-,33?,34+,35?,36?/m0/s1",ZOCQASLHKAKAMB-PSJXETTRSA-N,瓜子金
黄酮类,GZJ-049,/,Neolancerin,C19H18O10,117221-65-5,406.34,,O[C@@H]([C@@](C(C(O)=CC(OC(C=C1)=C2C=C1O)=C3C2=O)=C3O)(C)O[C@H](CO)[C@H]4O)[C@H]4O,"InChI=1S/C20H20O10/c1-20(19(28)18(27)16(25)12(6-21)30-20)14-9(23)5-11-13(17(14)26)15(24)8-4-7(22)2-3-10(8)29-11/h2-5,12,16,18-19,21-23,25-28H,6H2,1H3/t12-,16-,18+,19-,20+/m1/s1",KGDFLNITBDWNMV-PQSJUMPYSA-N,瓜子金
黄酮类,GZJ-050,大黄素甲醚, Emodin-3-methyl ether,C16H12O5,521-61-9,284.26,,O=C1C2=C(C=C(C)C=C2O)C(C3=CC(OC)=CC(O)=C13)=O,"InChI=1S/C16H12O5/c1-7-3-9-13(11(17)4-7)16(20)14-10(15(9)19)5-8(21-2)6-12(14)18/h3-6,17-18H,1-2H3",FFWOKTFYGVYKIR-UHFFFAOYSA-N,瓜子金
黄酮类,GZJ-051,"7-羟基-1-甲氧基-2,3-亚甲二氧基呫吨酮",7-Hydroxy-1-methoxy-2，3-methylenedioxy xanthone,C15H10O6,/,286.24,,O=C1C(C=C(CC)C=C2)=C2OC3=CC4=C(CCC4)C(CC)=C31,"InChI=1S/C20H20O2/c1-3-12-8-9-17-16(10-12)20(21)19-14(4-2)15-7-5-6-13(15)11-18(19)22-17/h8-11H,3-7H2,1-2H3",YTTNVROSXSAPHT-UHFFFAOYSA-N,瓜子金
黄酮类,GZJ-052,"3,6-二羟基-1,2,7-三甲氧基呫吨酮",3，6-Dihydroxy-1，2，7-trimethoxy xanthone,C16H14O7,916210-79-2,318.28,,O=C1C(C(OC)=C2OC)=C(C=C2O)OC(C1=C3)=CC(O)=C3OC,"InChI=1S/C16H14O7/c1-20-11-4-7-10(5-8(11)17)23-12-6-9(18)15(21-2)16(22-3)13(12)14(7)19/h4-6,17-18H,1-3H3",CAFZLSJOANEDGR-UHFFFAOYSA-N,瓜子金
黄酮类,GZJ-053,"1,3,7-三羟基黄酮烷",1，3，7-Trihydroxy xanthone,C13H8O5,529-49-7,244.2,,OC1=C2C(OC(C=C3)=C(C=C3O)C2=O)=CC(O)=C1,"InChI=1S/C13H8O5/c14-6-1-2-10-8(3-6)13(17)12-9(16)4-7(15)5-11(12)18-10/h1-5,14-16H",JJUNZBRHHGLJQW-UHFFFAOYSA-N,瓜子金
黄酮类,GZJ-054,/,Neolancerin,C19H18O10,117221-65-5,406.34,,OC1=CC2=C(OC(C=C(O)C([C@H]3[C@H](O)[C@@H](O)[C@H](O)[C@@H](CO)O3)=C4O)=C4C2=O)C=C1,"InChI=1S/C19H18O10/c20-5-11-15(24)17(26)18(27)19(29-11)12-8(22)4-10-13(16(12)25)14(23)7-3-6(21)1-2-9(7)28-10/h1-4,11,15,17-22,24-27H,5H2/t11-,15-,17+,18-,19+/m1/s1",KRCBALDMBZQTIQ-ZJKJAXBQSA-N,瓜子金
黄酮类,GZJ-055,西伯利亚远志口山酮A,Sibiricaxanthone A,C24H26O14,241125-76-8,538.45,,OC1=CC2=C(OC(C=C(O)C([C@@]3([H])[C@H](O)[C@@H](O)[C@H](O)[C@@H](CO[C@@H]4CC[C@@](CO)(O)[C@H]4O)O3)=C5O)=C5C2=O)C=C1,"InChI=1S/C25H28O13/c26-8-25(35)4-3-13(24(25)34)36-7-15-19(30)21(32)22(33)23(38-15)16-11(28)6-14-17(20(16)31)18(29)10-5-9(27)1-2-12(10)37-14/h1-2,5-6,13,15,19,21-24,26-28,30-35H,3-4,7-8H2/t13-,15-,19-,21+,22-,23+,24+,25+/m1/s1",SNKPEBKERXXCMY-UYESHSHPSA-N,瓜子金
黄酮类,GZJ-056,1，6-二羟基-3，7，8-三甲氧基口山酮,"1,6-Dihydroxy-3,7,8-trimethoxyxanthone",C16H14O7,/,318,,OC1=CC(OC(C=C(OC)C=C2O)=C2C3=O)=C3C(OC)=C1[CH3]=O,"InChI=1S/C16H14O7/c1-21-7-3-10(19)13-11(4-7)23-12-5-9(18)8(6-17)16(22-2)14(12)15(13)20/h3-5,18-19H,1-2,6H3",HXWKAXRDHBNGHQ-UHFFFAOYSA-N,瓜子金
黄酮类,GZJ-057,1，7-二羟基-3，4，7-二甲氧基口山酮,"1,7-dihydroxy-3,4,7-trimethoxyxanthone",C16H14O7,/,318,,OC1=CC2=C(OC(C(OC)=C(OC)C=C3O)=C3C2=O)C=C1,"InChI=1S/C15H12O6/c1-19-11-6-9(17)12-13(18)8-5-7(16)3-4-10(8)21-15(12)14(11)20-2/h3-6,16-17H,1-2H3",NQNPLVZPJSLIIA-UHFFFAOYSA-N,瓜子金
黄酮类,GZJ-058,瓜子金口山酮,/,C16H14O7,/,318,,C/C(CC/C=C(C)\C)=C\CC1=C(O)C=CC(C2=O)=C1OC3C2C(O)=C4C(OCO4)=C3,"InChI=1S/C24H26O6/c1-13(2)5-4-6-14(3)7-8-15-17(25)10-9-16-21(26)20-18(30-23(15)16)11-19-24(22(20)27)29-12-28-19/h5,7,9-11,18,20,25,27H,4,6,8,12H2,1-3H3/b14-7+",OYRSKCCIAWELBH-VGOFMYFVSA-N,瓜子金
黄酮类,GZJ-059,/,"3,5,3'-trihydoxy-7,4′-dimethoxyflavone-3-O-β-D-Galac-topyranoside",C23H24O12,/,492,,OC[C@H]([C@@H](O)C(O)[C@H]1O)O[C@H]1OC(C(C2=C(O)C=C(OC)C=C2O3)=O)=C3C4=CC=C(OC)C(O)=C4,"InChI=1S/C23H24O12/c1-31-10-6-12(26)16-14(7-10)33-21(9-3-4-13(32-2)11(25)5-9)22(18(16)28)35-23-20(30)19(29)17(27)15(8-24)34-23/h3-7,15,17,19-20,23-27,29-30H,8H2,1-2H3/t15-,17-,19?,20-,23+/m1/s1",AJRPVOZGWVGWPP-SQLDHFALSA-N,瓜子金
挥发油类,GZJ-060,1，2-二甲基肼,"1,2-dimethylhydrazine",C2H8N2,540-73-8,60.1,,CNNC,"InChI=1S/C2H8N2/c1-3-4-2/h3-4H,1-2H3",DIIIISSCIXVANO-UHFFFAOYSA-N,瓜子金
挥发油类,GZJ-061,甲苯,Toluene,C7H8,108-88-3,92.14,,CC1=CC=CC=C1,"InChI=1S/C7H8/c1-7-5-3-2-4-6-7/h2-6H,1H3",YXFVVABEGXRONW-UHFFFAOYSA-N,瓜子金
挥发油类,GZJ-062,己醛,Hexanal,C6H12O,66-25-1,100.16,,CCCCCC=O,"InChI=1S/C6H12O/c1-2-3-4-5-6-7/h6H,2-5H2,1H3",JARKCYVAAOWBJS-UHFFFAOYSA-N,瓜子金
挥发油类,GZJ-063,壬烷,Nonane,C9H20,111-84-2,128.26,,CCCCCCCCC,"InChI=1S/C9H20/c1-3-5-7-9-8-6-4-2/h3-9H2,1-2H3",BKIMMITUMNQMOS-UHFFFAOYSA-N,瓜子金
挥发油类,GZJ-064,α-水芹烯,α-phellandrene,C10H16,99-83-2,136.23,,CC(C)C1C=CC(C)=CC1,"InChI=1S/C10H16/c1-8(2)10-6-4-9(3)5-7-10/h4-6,8,10H,7H2,1-3H3",OGLDWXZKYODSOB-UHFFFAOYSA-N,瓜子金
挥发油类,GZJ-065,4-蒈烯,"(1S,3R)-(Z)-4-carene",C10H16,5208-49-1,136.23,,CC1(C)C2C1C=CC(C)C2,"InChI=1S/C10H16/c1-7-4-5-8-9(6-7)10(8,2)3/h4-5,7-9H,6H2,1-3H3",LGNSZMLHOYDATP-UHFFFAOYSA-N,瓜子金
挥发油类,GZJ-066,间异丙基甲苯,m-cymene,C10H14,535-77-3,134.22,,CC(C)C1=CC=CC(C)=C1,"InChI=1S/C10H14/c1-8(2)10-6-4-5-9(3)7-10/h4-8H,1-3H3",XCYJPXQACVEIOS-UHFFFAOYSA-N,瓜子金
挥发油类,GZJ-067,4-异丙基甲苯,p-cymene,C10H14,99-87-6,134.22,,CC1=CC=C(C(C)C)C=C1,"InChI=1S/C10H14/c1-8(2)10-6-4-9(3)5-7-10/h4-8H,1-3H3",HFPZCAJZSCWRBC-UHFFFAOYSA-N,瓜子金
挥发油类,GZJ-068,萜品烯,Terpinine-4-ol,C10H16,562-74-3,154.25,,CC1=CCC(C(C)C)(O)C=C1,"InChI=1S/C10H16O/c1-8(2)10(11)6-4-9(3)5-7-10/h4-6,8,11H,7H2,1-3H3",CALVDKLTOSHCMT-UHFFFAOYSA-N,瓜子金
挥发油类,GZJ-069,萜品油烯,Terpinolene,C10H16,586-62-9,136.23,,CC(CC/1)=CCC1=C(C)\C,"InChI=1S/C10H16/c1-8(2)10-6-4-9(3)5-7-10/h4H,5-7H2,1-3H3",MOYAFQVGZZPNRA-UHFFFAOYSA-N,瓜子金
挥发油类,GZJ-070,正十一烷,Undecane,C11H24,1120-21-4,156.31,,CCCCCCCCCCC,"InChI=1S/C11H24/c1-3-5-7-9-11-10-8-6-4-2/h3-11H2,1-2H3",RSJKGSCJYJTIGS-UHFFFAOYSA-N,瓜子金
挥发油类,GZJ-071,侧柏酮,"Bicyclo[3.1.0]hexan-3-one,4-methyl-1-(1-methylethyl)-",C10H16O,1125-12-8,152.23,,O=C1[C@H](C)[C@]2([H])[C@@](C1)(C(C)C)C2,"InChI=1S/C10H16O/c1-6(2)10-4-8(10)7(3)9(11)5-10/h6-8H,4-5H2,1-3H3/t7-,8-,10+/m1/s1",USMNOWBWPHYOEA-MRTMQBJTSA-N,瓜子金
挥发油类,GZJ-072,葑烯," 
3,7,7-trimethylbicyclo[2.2.1]hept-2-ene",C10H16,514-14-7,136.23,,CC1(C)C2C(C)=CC1CC2,"InChI=1S/C10H16/c1-7-6-8-4-5-9(7)10(8,2)3/h6,8-9H,4-5H2,1-3H3",QWEFTWKQGYFNTF-UHFFFAOYSA-N,瓜子金
挥发油类,GZJ-073,樟脑,(±)-Camphor（左旋樟脑）,C10H16O,464-48-2,152.23,,CC1(C)[C@]2(C)CC[C@H]1CC2=O,"InChI=1S/C10H16O/c1-9(2)7-4-5-10(9,3)8(11)6-7/h7H,4-6H2,1-3H3/t7-,10+/m0/s1",DSSYKIVIOFKYAU-OIBJUYFYSA-N,瓜子金
挥发油类,GZJ-074,癸醛,Decanal,C10H20O,112-31-2,156.27,,CCCCCCCCCC=O,"InChI=1S/C10H20O/c1-2-3-4-5-6-7-8-9-10-11/h10H,2-9H2,1H3",KSMVZQYAVGTKIV-UHFFFAOYSA-N,瓜子金
挥发油类,GZJ-075,（1S-3R）-顺式--4-蒈烯,"(1S,3R)-(Z)-4-carene",C10H16,5208-49-1,136.23,,C[C@H]1C=C[C@]2([H])[C@](C2(C)C)([H])C1,"InChI=1S/C10H16/c1-7-4-5-8-9(6-7)10(8,2)3/h4-5,7-9H,6H2,1-3H3/t7-,8+,9-/m0/s1",LGNSZMLHOYDATP-YIZRAAEISA-N,瓜子金
挥发油类,GZJ-076,α-蒎烯,α-pinene,C15H24,80-56-8,136.23,,CC1=CCC2C(C1C2)(C)C,"InChI=1S/C10H16/c1-7-4-5-8-6-9(7)10(8,2)3/h4,8-9H,5-6H2,1-3H3",GRWFGVWFFZKLTI-UHFFFAOYSA-N,瓜子金
挥发油类,GZJ-077,香树烯,alloaromadendrene,C15H24,25246-27-9,204.35,,C=C1[C@](CC[C@H]2C)([H])[C@]2([H])[C@]([C@]([H])3CC1)([H])C3(C)C,"InChI=1S/C15H24/c1-9-6-8-12-14(15(12,3)4)13-10(2)5-7-11(9)13/h10-14H,1,5-8H2,2-4H3/t10-,11-,12-,13-,14-/m1/s1",ITYNGVSTWVVPIC-DHGKCCLASA-N,瓜子金
挥发油类,GZJ-078,β-石竹烯,trans-Caryophyllene,C15H24,87-44-5,204.35,,C=C1[C@](CC2(C)C)([H])[C@@]2([H])CC/C(C)=C\CC1,"InChI=1S/C15H24/c1-11-6-5-7-12(2)13-10-15(3,4)14(13)9-8-11/h6,13-14H,2,5,7-10H2,1,3-4H3/b11-6-/t13-,14-/m1/s1",NPNUFJAVOOONJE-FLFDDASRSA-N,瓜子金
挥发油类,GZJ-079,（+）-α-长叶蒎烯,α-longipinene,C15H24,5989/8/2,204.35,,C[C@]1(CCC2)[C@@]3([H])C(C)=CC[C@]1([H])[C@@]([H])3C2(C)C,"InChI=1S/C15H24/c1-10-6-7-11-13-12(10)15(11,4)9-5-8-14(13,2)3/h6,11-13H,5,7-9H2,1-4H3/t11-,12+,13+,15-/m1/s1",HICYDYJTCDBHMZ-UKTARXLSSA-N,瓜子金
挥发油类,GZJ-080,异喇叭烯,(-)-isoledene,C15H24,95910-36-4,204.35,,CC1(C)[C@]2([H])[C@@]1([H])CC[C@@H](C)C3=C2[C@H](C)CC3,"InChI=1S/C15H24/c1-9-6-8-12-14(15(12,3)4)13-10(2)5-7-11(9)13/h9-10,12,14H,5-8H2,1-4H3/t9-,10-,12-,14-/m1/s1",NUQDPKOFUKFKFD-BGOOENEXSA-N,瓜子金
挥发油类,GZJ-081,d-杜松烯,"1-Isopropyl-4,7-dimethyl-1,2,4a,5,8,8a-hexahydronaphthalene(杜松烯）",C15H24,29350-73-0,204.35,,[H][C@@]12[C@](CC[C@H](C)C2)([H])[C@@H](C)CC[C@H]1C(C)C,"InChI=1S/C15H28/c1-10(2)13-8-6-12(4)14-7-5-11(3)9-15(13)14/h10-15H,5-9H2,1-4H3/t11-,12-,13-,14-,15-/m0/s1",FZZNNPQZDRVKLU-YTFOTSKYSA-N,瓜子金
挥发油类,GZJ-082,/,casteprenol-12,/,/,/,,C/C(C)=C\CC(CC)(C/C(C)=C/C(CC)(C(CC)(C/C(C)=C\C(CC)(C/C(C)=C\CO)CC)CC)CC)CC,"InChI=1S/C38H70O/c1-14-35(15-2,24-22-31(9)10)27-33(12)29-37(18-5,19-6)38(20-7,21-8)30-34(13)28-36(16-3,17-4)26-32(11)23-25-39/h22-23,28-29,39H,14-21,24-27,30H2,1-13H3/b32-23-,33-29+,34-28-",SMSOEFICQRAPLJ-YNHLHWOOSA-N,瓜子金
挥发油类,GZJ-083,正三十二烷醇,1-Dotrtacontanol,C32H66O,6624-79-9,466.87,,CCCCCCCCCCCCCCCCCCCCCCCCCCCCCCCCO,"InChI=1S/C32H66O/c1-2-3-4-5-6-7-8-9-10-11-12-13-14-15-16-17-18-19-20-21-22-23-24-25-26-27-28-29-30-31-32-33/h33H,2-32H2,1H3",QOEHNLSDMADWEF-UHFFFAOYSA-N,瓜子金
糖和糖脂类,GZJ-084,sibiricose A5,西伯利亚远志糖 A5,C22H30O14,107912-97-0,518.47,,OC[C@H]1C[C@](O[C@H]2O[C@H](CO)[C@@H](O)[C@H](O)[C@H]2O)(CO)[C@@H](OC(/C=C/C3=CC(OC)=C(O)C=C3)=O)[C@@H]1O,"InChI=1S/C23H32O13/c1-33-14-6-11(2-4-13(14)27)3-5-16(28)35-21-17(29)12(8-24)7-23(21,10-26)36-22-20(32)19(31)18(30)15(9-25)34-22/h2-6,12,15,17-22,24-27,29-32H,7-10H2,1H3/b5-3+/t12-,15-,17-,18-,19+,20-,21+,22-,23+/m1/s1",GEXNDLSAACNITL-QWFODJJHSA-N,瓜子金
糖和糖脂类,GZJ-085,sibiricose A6,西伯利亚远志糖 A6,C23H32O15,241125-75-7,548.49,,OC[C@H]1O[C@](O[C@H]2O[C@H](CO)[C@@H](O)[C@H](O)[C@H]2O)(CO)[C@@H](OC(/C=C/C3=CC(OC)=C(O)C(OC)=C3)=O)[C@@H]1O,"InChI=1S/C23H32O15/c1-33-11-5-10(6-12(34-2)16(11)28)3-4-15(27)36-21-18(30)14(8-25)37-23(21,9-26)38-22-20(32)19(31)17(29)13(7-24)35-22/h3-6,13-14,17-22,24-26,28-32H,7-9H2,1-2H3/b4-3+/t13-,14-,17-,18-,19+,20-,21+,22-,23+/m1/s1",WTCVROXOIQEIRC-IBVGEFGBSA-N,瓜子金
糖和糖脂类,GZJ-086, 远志寡精B,Tenuifoliose B,C60H74O34, 139682-02-3,1339,,OC1C(OC(C2=CC=CC=C2)=O)C(COC(C=CC3=CC=C(O)C=C3)=O)(OC1CO)OC(C(OC4CO)OC(C(C(O)C5O)O)OC5CO)C(C4OC(C=CC6=CC(OC)=C(O)C=C6)=O)OC(OC(COC(C)=O)C(OC(C)=O)C7OC(C(C(O)C8O)O)OC8CO)C7O,"InChI=1S/C60H74O34/c1-26(65)81-24-38-50(83-27(2)66)51(89-56-46(76)44(74)41(71)34(20-61)84-56)48(78)58(87-38)90-52-49(88-40(70)18-13-29-11-16-32(68)33(19-29)80-3)37(23-64)86-59(92-57-47(77)45(75)42(72)35(21-62)85-57)53(52)94-60(25-82-39(69)17-12-28-9-14-31(67)15-10-28)54(43(73)36(22-63)93-60)91-55(79)30-7-5-4-6-8-30/h4-19,34-38,41-54,56-59,61-64,67-68,71-78H,20-25H2,1-3H3",BNGJDKWJROTIOL-UHFFFAOYSA-N,瓜子金
糖和糖脂类,GZJ-087,/,Tenuifoliose M,C65H82O37,/,1454,,O[C@H]1[C@@H](O[C@H]2[C@H](O)[C@@H](COC(C)=O)O[C@H](O[C@H]3[C@H](OC(C)=O)[C@@H](CO)O[C@H](O[C@]4(COC(/C=C/C5=CC=C(O)C=C5)=O)O[C@H](CO)[C@@H](O)[C@H]4OC(C6=CC=CC=C6)=O)[C@@H]3O[C@H]7[C@H](O)[C@@H](O)[C@H](O)[C@@H](CO)O7)[C@@H]2O)O[C@H](CO)[C@@H](O)[C@@H]1O,"InChI=1S/C50H66O31/c1-20(55)69-18-29-33(61)41(76-46-37(65)35(63)31(59)25(14-51)72-46)39(67)48(75-29)77-42-40(71-21(2)56)28(17-54)74-49(43(42)78-47-38(66)36(64)32(60)26(15-52)73-47)81-50(19-70-30(58)13-10-22-8-11-24(57)12-9-22)44(34(62)27(16-53)80-50)79-45(68)23-6-4-3-5-7-23/h3-13,25-29,31-44,46-49,51-54,57,59-67H,14-19H2,1-2H3/b13-10+/t25-,26-,27-,28-,29-,31-,32-,33-,34-,35+,36+,37-,38-,39-,40-,41+,42+,43-,44-,46-,47+,48-,49-,50+/m1/s1",WTHDKVHAPKBJOF-QEPKFXPASA-N,瓜子金
糖和糖脂类,GZJ-088,远志蔗糖酯A,Tenuifoliside A,C31H38O17,139726-35-5,682,,O=C(O[C@@H]1[C@@](O[C@H]2O[C@H](COC(C3=CC=C(O)C=C3)=O)[C@@H](O)[C@H](O)[C@H]2O)(CO)O[C@H](CO)[C@H]1O)/C=C/C4=CC(OC)=C(OC)C(OC)=C4,"InChI=1S/C31H38O17/c1-41-18-10-15(11-19(42-2)27(18)43-3)4-9-22(35)46-28-24(37)20(12-32)47-31(28,14-33)48-30-26(39)25(38)23(36)21(45-30)13-44-29(40)16-5-7-17(34)8-6-16/h4-11,20-21,23-26,28,30,32-34,36-39H,12-14H2,1-3H3/b9-4+/t20-,21-,23-,24-,25+,26-,28+,30-,31+/m1/s1",BBUQNXDJRVCZTI-FNUXIAMKSA-N,瓜子金
糖和糖脂类,GZJ-089,远志糖苷C,Tenuifoliside C,C35H44O,139726-37-7,768.71,,O=C(O[C@@H]1[C@@](O[C@H]2O[C@H](OOC(/C=C/C3=CC(OC)=C(O)C(OC)=C3)=O)[C@H](O)[C@H](C)[C@H]2O)(CO)O[C@H](CO)[C@H]1O)/C=C/C4=CC(OC)=C(OC)C(OC)=C4,"InChI=1S/C35H44O19/c1-17-27(40)33(50-34(28(17)41)54-53-26(39)10-8-18-11-20(44-2)29(42)21(12-18)45-3)52-35(16-37)32(30(43)24(15-36)51-35)49-25(38)9-7-19-13-22(46-4)31(48-6)23(14-19)47-5/h7-14,17,24,27-28,30,32-34,36-37,40-43H,15-16H2,1-6H3/b9-7+,10-8+/t17-,24-,27-,28-,30-,32+,33-,34-,35+/m1/s1",ZWHCDFIJDBCNCS-RVTPEACYSA-N,瓜子金
生物碱类,GZJ-090,瓜子金脑苷酯,/,/,/,/,,O[C@@H]1[C@@H](CO)C[C@@H](OC[C@H](NC([C@H](O)CCCCCCCCCCCCCC)=O)[C@@H]([C@H](O)CCCCCC/C=C/CCCCCC)O)[C@H](O)[C@H]1O,"InChI=1S/C41H79NO9/c1-3-5-7-9-11-13-15-17-19-21-23-25-27-34(44)38(47)33(31-51-36-29-32(30-43)37(46)40(49)39(36)48)42-41(50)35(45)28-26-24-22-20-18-16-14-12-10-8-6-4-2/h13,15,32-40,43-49H,3-12,14,16-31H2,1-2H3,(H,42,50)/b15-13-/t32-,33+,34-,35-,36-,37-,38+,39+,40+/m1/s1",NEJNFHSWFDCDAD-JEZXQTIWSA-N,瓜子金
苯丙素类,GZJ-091,绿原酸,Chlorogenic acid,C16H18O9,327-97-9,354,,O[C@@](C1)(C(O)=O)C[C@@H](O)[C@@H](O)[C@@H]1OC(/C=C/C2=CC=C(O)C(O)=C2)=O,"InChI=1S/C16H18O9/c17-9-3-1-8(5-10(9)18)2-4-13(20)25-12-7-16(24,15(22)23)6-11(19)14(12)21/h1-5,11-12,14,17-19,21,24H,6-7H2,(H,22,23)/b4-2+/t11-,12-,14-,16+/m1/s1",CWVRJTMFETXNAD-JUHZACGLSA-N,瓜子金
甾体类,GZJ-092,豆甾-7，22-二烯-3-酮,"4,22-Stigmastadiene-3-one",C29H46O,55722-32-2,410.67,,C[C@@]1(C2[C@H](C)/C=C/[C@@H](CC)C(C)C)C(CC2)C(CC=C(C3)[C@@]4(CCC3=O)C)[C@]4([H])CC1,"InChI=1S/C29H46O/c1-7-21(19(2)3)9-8-20(4)25-12-13-26-24-11-10-22-18-23(30)14-16-28(22,5)27(24)15-17-29(25,26)6/h8-10,19-21,24-27H,7,11-18H2,1-6H3/b9-8+/t20-,21-,24?,25?,26?,27+,28+,29-/m1/s1",XWDAKKDQJHVMKG-XJIFLGOISA-N,瓜子金
甾醇类,GZJ-093,β-谷甾醇,β-Sitosterol,C29H50O,83-46-5,414.72,,C[C@@]1([C@@]2(C)[C@H](C)CC[C@@H](CC)C(C)C)[C@](CC2)(C)[C@@](CC=C3[C@@]4(CC[C@H](O)C3)C)(C)[C@]4(C)CC1,"InChI=1S/C33H58O/c1-11-25(23(2)3)13-12-24(4)28(5)18-19-33(10)30(28,7)20-21-31(8)29(6)16-15-27(34)22-26(29)14-17-32(31,33)9/h14,23-25,27,34H,11-13,15-22H2,1-10H3/t24-,25-,27+,28-,29+,30-,31-,32-,33-/m1/s1",GDECHZQCXROAGM-BDUVOSBRSA-N,瓜子金
甾醇类,GZJ-094,麦角甾醇,Ergosterol,C28H44O,57-87-4,396.66,,C[C@@]1([C@@]2(C)[C@H](C)/C=C/CC(C)C)[C@](CC2)(C)C3=CC=C4[C@](C)(CC[C@H](O)C4)[C@@]3(C)CC1,"InChI=1S/C30H48O/c1-21(2)10-9-11-22(3)26(4)16-17-29(7)25-13-12-23-20-24(31)14-15-27(23,5)28(25,6)18-19-30(26,29)8/h9,11-13,21-22,24,31H,10,14-20H2,1-8H3/b11-9+/t22-,24+,26-,27+,28+,29+,30-/m1/s1",YZDUAVWTBDNXKC-FHQPXOIUSA-N,瓜子金
甾醇类,GZJ-095,豆甾醇,Stigmasterol,C29H48O,83-48-7,412.7,,C[C@@]1([C@@]2(C)[C@H](C)/C=C/[C@@H](CC)C(C)C)[C@](CC2)(C)[C@@](CC=C3[C@@]4(CC[C@H](O)C3)C)(C)[C@]4(C)CC1,"InChI=1S/C33H56O/c1-11-25(23(2)3)13-12-24(4)28(5)18-19-33(10)30(28,7)20-21-31(8)29(6)16-15-27(34)22-26(29)14-17-32(31,33)9/h12-14,23-25,27,34H,11,15-22H2,1-10H3/b13-12+/t24-,25-,27+,28-,29+,30-,31-,32-,33-/m1/s1",QQLLWMFRXBPWDK-VOVXAXHHSA-N,瓜子金
高级饱和脂肪酸,GZJ-096,棕榈酸,Palmitic Acid,C16H32O2,1957/10/3,256.42,,CCCCCCCCCCCCCC(CCC)=O.[OH],"InChI=1S/C17H34O.HO/c1-3-5-6-7-8-9-10-11-12-13-14-16-17(18)15-4-2;/h3-16H2,1-2H3;1H",DEGHTMNDYSRMCP-UHFFFAOYSA-N,瓜子金
芳香酸类,GZJ-097, 阔马酸, Coumalic acid,C6H4O4,500-05-0,140.09,,O=C(C1=COC(C=C1)=O)O,"InChI=1S/C6H4O4/c7-5-2-1-4(3-10-5)6(8)9/h1-3H,(H,8,9)",ORGPJDKNYMVLFL-UHFFFAOYSA-N,瓜子金
芳香酸类,GZJ-098,对羟基苯甲酸,4-Hydroxybenzoic acid,C7H6O3,99-96-7,138.12,,O=C(O)C1=CC=C(O)C=C1,"InChI=1S/C7H6O3/c8-6-3-1-5(2-4-6)7(9)10/h1-4,8H,(H,9,10)",FJKROLUGYXJWQN-UHFFFAOYSA-N,瓜子金
