编号,化合物名称,英文名称,CAS号,分子量,分子式,2D图,结构,smiles,inchi,inchikey,药材名称
DISU-001,,"3‑O‑β‑D‑Glucopyranosylolean‑9(11),12‑diene‑23,28‑dioicacid-28‑O‑β‑D‑glucopyranoside",\,808.959,C42H64O15,,三萜类,C[C@@]1(C(O)=O)[C@@H](O[C@H]2[C@H](O)[C@@H](O)[C@H](O)[C@@H](CO)O2)CC[C@@]3(C)C1CC[C@]4(C)C3=CC=C5[C@@]4(C)CC[C@]6(C(O[C@H]7[C@H](O)[C@@H](O)[C@H](O)[C@@H](CO)O7)=O)C5CC(C)(C)CC6,"InChI=1S/C42H64O15/c1-37(2)13-15-42(36(53)57-34-32(50)30(48)28(46)23(19-44)55-34)16-14-39(4)20(21(42)17-37)7-8-24-38(3)11-10-26(41(6,35(51)52)25(38)9-12-40(24,39)5)56-33-31(49)29(47)27(45)22(18-43)54-33/h7-8,21-23,25-34,43-50H,9-19H2,1-6H3,(H,51,52)/t21?,22?,23-,25?,26+,27-,28-,29-,30+,31?,32-,33+,34+,38-,39-,40-,41+,42+/m1/s1",ANAORBPKMIVKBL-XPIJHSPCSA-N,瞿麦
DISU-002,,"3‑O‑β‑D‑Glucopyranosylolean‑11,13(18)‑diene‑23,28‑dioicacid-28‑O‑β‑D‑glucopyranoside",\,646.818,C36H54O10,,三萜类,C[C@@]1(C(O)=O)[C@@H](O[C@H]2[C@H](O)[C@@H](O)[C@H](O)[C@@H](CO)O2)CC[C@@]3(C)C1CC[C@]4(C)C3C=CC5=C6[C@@](CCC(C)(C)C6)(C(O)=O)CC[C@@]45C,"InChI=1S/C36H54O10/c1-31(2)13-15-36(30(43)44)16-14-33(4)19(20(36)17-31)7-8-22-32(3)11-10-24(35(6,29(41)42)23(32)9-12-34(22,33)5)46-28-27(40)26(39)25(38)21(18-37)45-28/h7-8,21-28,37-40H,9-18H2,1-6H3,(H,41,42)(H,43,44)/t21?,22?,23?,24-,25+,26+,27?,28-,32+,33+,34+,35-,36-/m0/s1",DMBAFLGPQJLYQI-ITYBHZLWSA-N,瞿麦
DISU-003,,3‑O‑β‑D‑Glucopyranosyl gypsogenic acid 28‑O-[β‑D‑glucopyranosyl(1→3)β‑D‑6‑O‑((3S)‑hydroxyl‑3‑methylglutaryl)glucopyranosyl(1→6)]-β‑D‑glucopyranoside,\,1279.383,C60H94O29,,三萜类,C[C@@]1(C(O)=O)[C@@H](O[C@H]2[C@H](O)[C@@H](O)[C@H](O)[C@@H](CO)O2)CC[C@@]3(C)C1CC[C@]4(C)C3CC=C5[C@@]4(C)CC([H])[C@]6(C(O[C@H]7[C@H](O)[C@@H](O[C@H]8[C@H](O)[C@@H](O)[C@H](O)[C@@H](CO)O8)[C@H](O)[C@@H](CO[C@H]9[C@H](O)[C@@H](O)[C@H](O)[C@@H](COC(CC(O)(C)CC(O)=O)=O)O9)O7)=O)C5CC(C)(C)CC6,"InChI=1S/C60H94O29/c1-54(2)14-16-60(17-15-57(5)25(26(60)18-54)8-9-31-56(4)12-11-33(59(7,52(77)78)32(56)10-13-58(31,57)6)87-49-44(74)40(70)36(66)27(21-61)83-49)53(79)89-51-46(76)47(88-50-45(75)41(71)37(67)28(22-62)84-50)39(69)30(86-51)24-82-48-43(73)42(72)38(68)29(85-48)23-81-35(65)20-55(3,80)19-34(63)64/h8,26-33,36-51,61-62,66-76,80H,9-24H2,1-7H3,(H,63,64)(H,77,78)/t26?,27?,28-,29-,30-,31?,32?,33+,36-,37-,38-,39-,40-,41+,42+,43-,44?,45-,46-,47+,48-,49+,50+,51+,55?,56-,57-,58-,59+,60+/m1/s1",ZOVRXYZUCPQWKN-YFJCNBPPSA-N,瞿麦
DISU-004,积雪草酸,Asiatic acid,464-92-6,488.709,C30H48O5,,三萜类,O[C@H]1C(O)C[C@@]2(C)C(CC[C@]3(C)C2CC=C4[C@@]3(C)CC[C@]5(C(O)=O)C4[C@@H](C)[C@H](C)CC5)[C@]1(C)CO,"InChI=1S/C30H48O5/c1-17-9-12-30(25(34)35)14-13-28(5)19(23(30)18(17)2)7-8-22-26(3)15-20(32)24(33)27(4,16-31)21(26)10-11-29(22,28)6/h7,17-18,20-24,31-33H,8-16H2,1-6H3,(H,34,35)/t17-,18+,20?,21?,22?,23?,24+,26+,27+,28-,29-,30+/m1/s1",JXSVIVRDWWRQRT-XMKMAYEPSA-N,瞿麦
DISU-005,,Dianchinenoside A,\,796.948,C41H64O15,,三萜类,C[C@@]1(C(O)=O)[C@@H](O[C@H]2[C@H](O)[C@@H](O)[C@@H](O)CO2)CC[C@@]3(C)C1CC[C@]4(C)C3CC=C5[C@@]4(C)C[C@@H](O)[C@]6(C(O[C@H]7[C@H](O)[C@@H](O)[C@H](O)[C@@H](CO)O7)=O)C5CC(C)(C)CC6,"InChI=1S/C41H64O15/c1-36(2)13-14-41(35(52)56-33-31(49)29(47)28(46)22(17-42)54-33)20(15-36)19-7-8-23-37(3)11-10-26(55-32-30(48)27(45)21(43)18-53-32)40(6,34(50)51)24(37)9-12-38(23,4)39(19,5)16-25(41)44/h7,20-33,42-49H,8-18H2,1-6H3,(H,50,51)/t20?,21-,22+,23?,24?,25+,26-,27+,28+,29-,30?,31+,32-,33-,37+,38+,39+,40-,41+/m0/s1",ARNBRPDSKOETGW-FVCYVIJRSA-N,瞿麦
DISU-006,地黄皂苷B,Dianchinenoside B,151466-56-7,796.948,C41H64O15,,三萜类,C[C@@]1(C(O)=O)[C@@H](O[C@H]2[C@H](O)[C@@H](O)[C@H](O)CO2)CC[C@@]3(C)C1CC[C@]4(C)C3CC=C5[C@@]4(C)C[C@@H](O)[C@]6(C(O[C@H]7[C@H](O)[C@@H](O)[C@H](O)[C@@H](CO)O7)=O)C5CC(C)(C)CC6,"InChI=1S/C41H64O15/c1-36(2)13-14-41(35(52)56-33-31(49)29(47)28(46)22(17-42)54-33)20(15-36)19-7-8-23-37(3)11-10-26(55-32-30(48)27(45)21(43)18-53-32)40(6,34(50)51)24(37)9-12-38(23,4)39(19,5)16-25(41)44/h7,20-33,42-49H,8-18H2,1-6H3,(H,50,51)/t20?,21-,22-,23?,24?,25-,26+,27-,28-,29+,30?,31-,32+,33+,37-,38-,39-,40+,41-/m1/s1",ARNBRPDSKOETGW-PYWVFBBPSA-N,瞿麦
DISU-007,,Dianchinenoside C,156161-85-2,826.974,C42H66O16,,三萜类,O[C@H]1CC[C@@]2(C)C(CC[C@]3(C)C2CC=C4[C@@]3(C)C[C@@H](O)[C@]5(C(O[C@H]6[C@H](O)[C@@H](O)[C@H](O)[C@@H](CO)O6)=O)C4CC(C)(C)CC5)[C@@]1(C(O[C@H]7[C@H](O)[C@@H](O)[C@H](O)[C@@H](CO)O7)=O)C,"InChI=1S/C42H66O16/c1-37(2)13-14-42(36(54)58-34-32(52)30(50)28(48)22(18-44)56-34)20(15-37)19-7-8-23-38(3)11-10-25(45)41(6,24(38)9-12-39(23,4)40(19,5)16-26(42)46)35(53)57-33-31(51)29(49)27(47)21(17-43)55-33/h7,20-34,43-52H,8-18H2,1-6H3/t20?,21-,22-,23?,24?,25+,26-,27-,28-,29+,30+,31-,32-,33+,34+,38-,39-,40-,41+,42-/m1/s1",JCDZCMQWDDCDHF-NKKCBTGMSA-N,瞿麦
DISU-008,,Dianchinenoside D,156161-86-3,826.974,C42H66O16,,三萜类,O[C@H]1CC[C@@]2(C)C(CC[C@]3(C)C2CC=C4[C@@]3(C)C[C@@H](O)[C@]5(C(O[C@H]6[C@H](O)[C@@H](O)[C@H](O)[C@@H](CO[C@H]7[C@H](O)[C@@H](O)[C@H](O)[C@@H](CO)O7)O6)=O)C4CC(C)(C)CC5)[C@@]1(C(O)=O)C,"InChI=1S/C42H66O16/c1-37(2)13-14-42(36(54)58-34-32(51)30(49)28(47)22(57-34)18-55-33-31(50)29(48)27(46)21(17-43)56-33)20(15-37)19-7-8-23-38(3)11-10-25(44)41(6,35(52)53)24(38)9-12-39(23,4)40(19,5)16-26(42)45/h7,20-34,43-51H,8-18H2,1-6H3,(H,52,53)/t20?,21?,22?,23?,24?,25-,26+,27-,28-,29-,30-,31?,32?,33-,34+,38+,39+,40+,41-,42+/m0/s1",WBIQMFBPGXQYQQ-NULJJORASA-N,瞿麦
DISU-009,,Dianchinenoside E,160492-59-1,1193.337,C57H92O26,,三萜类,O[C@H]1CC[C@@]2(C)C(CC[C@]3(C)C2CC=C4[C@@]3(C)CC([H])[C@]5(C(O[C@H]6[C@H](O)[C@@H](O[C@H]7[C@H](O)[C@@H](O)[C@H](O)[C@@H](CO)O7)[C@H](O)[C@@H](CO[C@H]8[C@H](O[C@H]9[C@H](O)[C@@H](O)[C@H](O)[C@@H](CO)O9)[C@@H](O)[C@H](O)[C@@H](CO)O8)O6)=O)C4CC(C)(C)CC5)[C@@]1(C(OC[C@@](O)([H])C)=O)C,"InChI=1S/C57H92O26/c1-24(61)22-76-50(73)56(7)32-10-13-55(6)31(53(32,4)12-11-33(56)62)9-8-25-26-18-52(2,3)14-16-57(26,17-15-54(25,55)5)51(74)83-48-43(72)44(81-46-41(70)38(67)34(63)27(19-58)77-46)37(66)30(80-48)23-75-49-45(40(69)36(65)29(21-60)79-49)82-47-42(71)39(68)35(64)28(20-59)78-47/h8,24,26-49,58-72H,9-23H2,1-7H3/t24-,26?,27-,28-,29-,30-,31?,32?,33+,34-,35-,36-,37-,38+,39+,40+,41-,42-,43-,44+,45-,46+,47+,48+,49-,53-,54-,55-,56+,57+/m1/s1",DDSHHJOPMYTUMN-UMPWGUQTSA-N,瞿麦
DISU-010,,Dianchinenoside F,160492-58-0,1193.337,C57H92O26,,三萜类,O[C@H]1CC[C@@]2(C)C(CC[C@]3(C)C2CC=C4[C@@]3(C)CC([H])[C@]5(C(O[C@H]6[C@H](O)[C@@H](O[C@H]7[C@H](O)[C@@H](O)[C@H](O)[C@@H](CO)O7)[C@H](O)[C@@H](CO[C@H]8[C@H](O[C@H]9[C@H](O)[C@@H](O)[C@H](O)[C@@H](CO)O9)[C@@H](O)[C@H](O)[C@@H](CO)O8)O6)=O)C4CC(C)(C)CC5)[C@@]1(C(OC[C@](O)([H])C)=O)C,"InChI=1S/C57H92O26/c1-24(61)22-76-50(73)56(7)32-10-13-55(6)31(53(32,4)12-11-33(56)62)9-8-25-26-18-52(2,3)14-16-57(26,17-15-54(25,55)5)51(74)83-48-43(72)44(81-46-41(70)38(67)34(63)27(19-58)77-46)37(66)30(80-48)23-75-49-45(40(69)36(65)29(21-60)79-49)82-47-42(71)39(68)35(64)28(20-59)78-47/h8,24,26-49,58-72H,9-23H2,1-7H3/t24-,26?,27+,28+,29+,30+,31?,32?,33-,34+,35+,36+,37+,38-,39-,40-,41+,42+,43+,44-,45+,46-,47-,48-,49+,53+,54+,55+,56-,57-/m0/s1",DDSHHJOPMYTUMN-JBCIJQSLSA-N,瞿麦
DISU-011,,Dianchinenoside G,160492-61-5,1031.196,C51H82O21,,三萜类,O[C@H]1CC[C@@]2(C)C(CC[C@]3(C)C2CC=C4[C@@]3(C)CC([H])[C@]5(C(O[C@H]6[C@H](O)[C@@H](O[C@H]7[C@H](O)[C@@H](O)[C@H](O)[C@@H](CO)O7)[C@H](O)[C@@H](CO[C@H]8[C@H](O)[C@@H](O)[C@H](O)[C@@H](CO)O8)O6)=O)C4CC(C)(C)CC5)[C@@]1(C(OC[C@@](O)([H])C)=O)C,"InChI=1S/C51H82O21/c1-23(54)21-67-44(64)50(7)30-10-13-49(6)29(47(30,4)12-11-31(50)55)9-8-24-25-18-46(2,3)14-16-51(25,17-15-48(24,49)5)45(65)72-43-39(63)40(71-42-38(62)36(60)33(57)27(20-53)69-42)34(58)28(70-43)22-66-41-37(61)35(59)32(56)26(19-52)68-41/h8,23,25-43,52-63H,9-22H2,1-7H3/t23-,25?,26-,27-,28-,29?,30?,31+,32-,33-,34-,35+,36+,37-,38-,39-,40+,41-,42+,43+,47-,48-,49-,50+,51+/m1/s1",QESYDWZOCRIRHS-IOCNPNHFSA-N,瞿麦
DISU-012,,Dianchinenoside H,160492-60-4,1031.196,C51H82O21,,三萜类,O[C@H]1CC[C@@]2(C)C(CC[C@]3(C)C2CC=C4[C@@]3(C)CC([H])[C@]5(C(O[C@H]6[C@H](O)[C@@H](O[C@H]7[C@H](O)[C@@H](O)[C@H](O)[C@@H](CO)O7)[C@H](O)[C@@H](CO[C@H]8[C@H](O)[C@@H](O)[C@H](O)[C@@H](CO)O8)O6)=O)C4CC(C)(C)CC5)[C@@]1(C(OC[C@](O)([H])C)=O)C,"InChI=1S/C51H82O21/c1-23(54)21-67-44(64)50(7)30-10-13-49(6)29(47(30,4)12-11-31(50)55)9-8-24-25-18-46(2,3)14-16-51(25,17-15-48(24,49)5)45(65)72-43-39(63)40(71-42-38(62)36(60)33(57)27(20-53)69-42)34(58)28(70-43)22-66-41-37(61)35(59)32(56)26(19-52)68-41/h8,23,25-43,52-63H,9-22H2,1-7H3/t23-,25?,26+,27+,28+,29?,30?,31-,32+,33+,34+,35-,36-,37+,38+,39+,40-,41+,42-,43-,47+,48+,49+,50-,51-/m0/s1",QESYDWZOCRIRHS-BMWJBHCISA-N,瞿麦
DISU-013,,3‑O‑α‑L‑Arabinopyranosyl hederagenin 28‑O‑β‑D‑glucopyranosyl(1→6)‑β‑D‑glucopyranoside,\,943.134,C48H78O18,,三萜类,CC12C(CCC3(C)C2CC=C4C3(C)CC(C)C5(C(O[C@H]6[C@H](O)[C@@H](O)[C@H](O)[C@@H](CO[C@H]7[C@H](O)[C@@H](O)[C@H](O)[C@@H](CO)O7)O6)=O)C4CC(C)(C)CC5)C(CO)(C)C(O[C@H]8[C@H](O)[C@@H](O)[C@@H](O)CO8)CC1,"InChI=1S/C48H78O18/c1-22-16-47(7)23(8-9-29-44(4)12-11-30(65-40-36(57)31(52)25(51)19-61-40)45(5,21-50)28(44)10-13-46(29,47)6)24-17-43(2,3)14-15-48(22,24)42(60)66-41-38(59)35(56)33(54)27(64-41)20-62-39-37(58)34(55)32(53)26(18-49)63-39/h8,22,24-41,49-59H,9-21H2,1-7H3/t22?,24?,25-,26+,27+,28?,29?,30?,31-,32+,33+,34-,35-,36+,37+,38+,39+,40-,41-,44?,45?,46?,47?,48?/m0/s1",WBSRFFUHYJJLHD-HTGQYIFISA-N,瞿麦
DISU-014,羟基积雪草酸,Madecassic acid,18449-41-7,504.708, C30H48O6,,三萜类,O[C@H]1[C@H](O)[C@](CO)(C)[C@@]([C@H](O)C[C@]2(C)[C@]3([H])CC=C4[C@@]2(C)CC[C@]5(C(O)=O)[C@@]4([H])[C@@H](C)[C@H](C)CC5)([H])[C@]3(C)C1,"InChI=1S/C30H48O6/c1-16-9-10-30(25(35)36)12-11-28(5)18(22(30)17(16)2)7-8-21-26(3)13-20(33)24(34)27(4,15-31)23(26)19(32)14-29(21,28)6/h7,16-17,19-24,31-34H,8-15H2,1-6H3,(H,35,36)/t16-,17+,19-,20-,21-,22+,23-,24+,26-,27+,28-,29-,30+/m1/s1",PRAUVHZJPXOEIF-AOLYGAPISA-N,瞿麦
DISU-015,,Sterculin A,149252-09-5,442.728,C30H50O2,,甾体类,O[C@@H]1C(C)(C)[C@]2([H])CC[C@@]3([H])[C@]4(C)CC[C@@]([C@H](C)C/C=C\C(O)(C)C)([H])[C@@]4(C)CC[C@@]53C[C@@]52CC1,"InChI=1S/C30H50O2/c1-20(9-8-14-25(2,3)32)21-12-15-28(7)23-11-10-22-26(4,5)24(31)13-16-29(22)19-30(23,29)18-17-27(21,28)6/h8,14,20-24,31-32H,9-13,15-19H2,1-7H3/b14-8-/t20-,21-,22+,23+,24+,27-,28+,29-,30+/m1/s1",JSPGKOBNHWTKNT-GGXSAIRCSA-N,瞿麦
DISU-016,"(24R)-环阿屯-25-烯-3β,24-二醇","(24R)‑Cycloart‑25‑ene‑3β,24‑diol",99946-06-2,442.728,C30H50O2,,甾体类,O[C@@H]1CC[C@]23[C@@](CC[C@@]4([H])[C@]2(C3)CC[C@]5(C)[C@]4(C)CC[C@@]5([H])[C@H](C)CC[C@H](O)C(C)=C)([H])C1(C)C,"InChI=1S/C30H50O2/c1-19(2)22(31)9-8-20(3)21-12-14-28(7)24-11-10-23-26(4,5)25(32)13-15-29(23)18-30(24,29)17-16-27(21,28)6/h20-25,31-32H,1,8-18H2,2-7H3/t20-,21+,22+,23-,24-,25-,27+,28-,29+,30-/m1/s1",MHGLNDDJLDJDBG-SGDDBJGNSA-N,瞿麦
DISU-017,"(24S)-环阿屯-25-烯-3β,24-二醇","(24S)‑Cycloart‑25‑ene‑3β,24‑diol",99946-09-5,442.728,C30H50O2,,甾体类,O[C@@H]1CC[C@]23[C@@](CC[C@@]4([H])[C@]2(C3)CC[C@]5(C)[C@]4(C)CC[C@@]5([H])[C@H](C)CC[C@@H](O)C(C)=C)([H])C1(C)C,"InChI=1S/C30H50O2/c1-19(2)22(31)9-8-20(3)21-12-14-28(7)24-11-10-23-26(4,5)25(32)13-15-29(23)18-30(24,29)17-16-27(21,28)6/h20-25,31-32H,1,8-18H2,2-7H3/t20-,21+,22-,23-,24-,25-,27+,28-,29+,30-/m1/s1",MHGLNDDJLDJDBG-JYWCEJEDSA-N,瞿麦
DISU-018,豆甾-7-烯-3β醇,Stigmast‑7‑en‑3β‑ol,1422046-14-7,414.718, C29H50O,,甾体类,OC1CC[C@@]2(C)C(CC=C3[C@]2([H])CC[C@@]4(C)[C@@]3([H])CC[C@]4([H])[C@@H](C)CC[C@H](C(C)C)CC)C1,"InChI=1S/C29H50O/c1-7-21(19(2)3)9-8-20(4)25-12-13-26-24-11-10-22-18-23(30)14-16-28(22,5)27(24)15-17-29(25,26)6/h11,19-23,25-27,30H,7-10,12-18H2,1-6H3/t20-,21+,22?,23?,25+,26-,27-,28-,29+/m0/s1",YSKVBPGQYRAUQO-HWTRZBFGSA-N,瞿麦
DISU-019,胡萝卜苷,Daucosterol,474-58-8,576.859, C35H60O6,,甾体类,C[C@]12[C@@](CC[C@@]2([H])[C@H](C)CC[C@@H](C(C)C)CC)([H])[C@@]3([H])CC=C4CC(O[C@H]5[C@H](O)[C@@H](O)[C@H](O)[C@@H](CO)O5)CC[C@@]4(C)[C@]3([H])CC1,"InChI=1S/C35H60O6/c1-7-22(20(2)3)9-8-21(4)26-12-13-27-25-11-10-23-18-24(14-16-34(23,5)28(25)15-17-35(26,27)6)40-33-32(39)31(38)30(37)29(19-36)41-33/h10,20-22,24-33,36-39H,7-9,11-19H2,1-6H3/t21-,22+,24?,25-,26+,27-,28-,29-,30-,31+,32-,33-,34-,35+/m1/s1",NPJICTMALKLTFW-VZJQPBAOSA-N,瞿麦
DISU-020,,Hainanenside,94388-68-8,664.833,C36H56O11,,三萜类,O[C@@H]1CC[C@]2(C)[C@@](CC[C@@]3(C)[C@@]2([H])CC=C4[C@]3(C)C[C@H](O)C5(C(O[C@H]6[C@H](O)[C@@H](O)[C@H](O)[C@@H](CO)O6)=O)[C@]4([H])CC(C)(C)CC5)([H])[C@@]1(C)C(O)=O,"InChI=1S/C36H56O11/c1-31(2)13-14-36(30(45)47-28-27(42)26(41)25(40)20(17-37)46-28)19(15-31)18-7-8-21-32(3)11-10-23(38)35(6,29(43)44)22(32)9-12-33(21,4)34(18,5)16-24(36)39/h7,19-28,37-42H,8-17H2,1-6H3,(H,43,44)/t19-,20-,21+,22+,23-,24+,25-,26+,27-,28+,32+,33+,34+,35-,36?/m1/s1",HLXPBKFHRUAJIQ-RISORTLVSA-N,瞿麦
DISU-021," 3-O-β-D-吡喃葡萄糖基齐墩果-11,13(18)-二烯-23,28-二酸"," 3‑O‑β‑D‑Glucopyranosyl olean‑11,13 (18)‑diene‑23,28‑dioic acid",1646336-49-3,646.818,C36H54O10,,三萜类,C[C@@]1(C(O)=O)[C@@H](O[C@H]2[C@H](O)[C@@H](O)[C@H](O)[C@@H](CO)O2)CC[C@@]3(C)C1CC[C@]4(C)C3C=CC5=C6[C@@](CCC(C)(C)C6)(C(O)=O)CC[C@@]45C,"InChI=1S/C36H54O10/c1-31(2)13-15-36(30(43)44)16-14-33(4)19(20(36)17-31)7-8-22-32(3)11-10-24(35(6,29(41)42)23(32)9-12-34(22,33)5)46-28-27(40)26(39)25(38)21(18-37)45-28/h7-8,21-28,37-40H,9-18H2,1-6H3,(H,41,42)(H,43,44)/t21?,22?,23?,24-,25+,26+,27?,28-,32+,33+,34+,35-,36-/m0/s1",DMBAFLGPQJLYQI-ITYBHZLWSA-N,瞿麦
DISU-022,皂皮酸,Quillaic acid,631-01-6,486.693,C30H46O5,,三萜类,O[C@@H]1CC[C@]2(C)[C@@](CC[C@@]3(C)[C@@]2([H])CC=C4[C@]3(C)C[C@H](O)[C@@]5(C(O)=O)[C@]4([H])CC(C)(C)CC5)([H])[C@@]1(C)C(O)=O,"InChI=1S/C30H46O6/c1-25(2)13-14-30(24(35)36)18(15-25)17-7-8-19-26(3)11-10-21(31)29(6,23(33)34)20(26)9-12-27(19,4)28(17,5)16-22(30)32/h7,18-22,31-32H,8-16H2,1-6H3,(H,33,34)(H,35,36)/t18-,19+,20+,21-,22+,26+,27+,28+,29-,30+/m1/s1",NZUXOCGZXRCSGC-XIMGJBDPSA-N,瞿麦
DISU-023,槲皮素-3-葡萄糖苷,Quercetin‑3‑O‑glucoside,482-35-9,464.379,C21H20O12,,黄酮类,O=C1C2=C(O)C=C(O)C=C2OC(C3=CC=C(O)C(O)=C3)=C1O[C@H]4[C@H](O)[C@@H](O)[C@H](O)[C@@H](CO)O4,"InChI=1S/C21H20O12/c22-6-13-15(27)17(29)18(30)21(32-13)33-20-16(28)14-11(26)4-8(23)5-12(14)31-19(20)7-1-2-9(24)10(25)3-7/h1-5,13,15,17-18,21-27,29-30H,6H2/t13-,15-,17+,18-,21+/m1/s1",OVSQVDMCBVZWGM-QSOFNFLRSA-N,瞿麦
DISU-024,"槲皮素 3,7-双葡萄糖苷","Quercetin 3,7-diglucoside",6892-74-6,626.52, C27H30O17,,黄酮类,O=C1C2=C(O)C=C(O[C@H]3[C@H](O)[C@@H](O)[C@H](O)[C@@H](CO)O3)C=C2OC(C4=CC=C(O)C(O)=C4)=C1O[C@H]5[C@H](O)[C@@H](O)[C@H](O)[C@@H](CO)O5,"InChI=1S/C27H30O17/c28-6-14-17(33)20(36)22(38)26(42-14)40-9-4-12(32)16-13(5-9)41-24(8-1-2-10(30)11(31)3-8)25(19(16)35)44-27-23(39)21(37)18(34)15(7-29)43-27/h1-5,14-15,17-18,20-23,26-34,36-39H,6-7H2/t14-,15-,17-,18-,20+,21+,22-,23-,26-,27+/m1/s1",BNSCASRSSGJHQH-DEFKTLOSSA-N,瞿麦
DISU-025,异荭草素,Isoorientin,4261-42-1,448.38,C21H20O11,,黄酮类,O=C1C2=C(O)C([C@H]3[C@H](O)[C@@H](O)[C@H](O)[C@@H](CO)O3)=C(O)C=C2OC(C4=CC=C(O)C(O)=C4)=C1,"InChI=1S/C21H20O11/c22-6-14-17(27)19(29)20(30)21(32-14)16-11(26)5-13-15(18(16)28)10(25)4-12(31-13)7-1-2-8(23)9(24)3-7/h1-5,14,17,19-24,26-30H,6H2/t14-,17-,19+,20-,21+/m1/s1",ODBRNZZJSYPIDI-VJXVFPJBSA-N,瞿麦
DISU-026,荭草素,Orientin,28608-75-5,448.377,C21H20O11,,黄酮类,O=C1C2=C(O)C=C(O)C=C2OC(C3=CC=C(O)C(O)=C3)=C1.O[C@@H]4[C@@H](O)[C@H](O)[C@@H](CO)OC4,"InChI=1S/C15H10O6.C6H12O5/c16-8-4-11(19)15-12(20)6-13(21-14(15)5-8)7-1-2-9(17)10(18)3-7;7-1-4-6(10)5(9)3(8)2-11-4/h1-6,16-19H;3-10H,1-2H2/t;3-,4+,5+,6+/m.0/s1",YPKGIKPNTMHYMG-SSPAHAAFSA-N,瞿麦
DISU-027,"5-羟基-7,5',4'-三甲氧基二氢黄酮","5‑Hydroxy‑7,5′,4′‑trimethoxyflavanone",70987-96-1,330.336,C18H18O6,,黄酮类,OC1=C(C(CC(C2=CC=C(OC)C(OC)=C2)O3)=O)C3=CC(OC)=C1,"InChI=1S/C18H18O6/c1-21-11-7-12(19)18-13(20)9-15(24-17(18)8-11)10-4-5-14(22-2)16(6-10)23-3/h4-8,15,19H,9H2,1-3H3",MRFOCZPULZWYTJ-UHFFFAOYSA-N,瞿麦
DISU-028," 5,3'-二羟基-7,4'-二甲氧基二氢黄酮","5,3'‑Dihydroxy‑7,4'‑dimethoxyflavanone",28590-40-1,316.309,C17H16O6,,黄酮类,OC1=C(C(CC(C2=CC=C(OC)C(O)=C2)O3)=O)C3=CC(OC)=C1,"InChI=1S/C17H16O6/c1-21-10-6-12(19)17-13(20)8-15(23-16(17)7-10)9-3-4-14(22-2)11(18)5-9/h3-7,15,18-19H,8H2,1-2H3",LWBHKKLWSUFUNZ-UHFFFAOYSA-N,瞿麦
DISU-029," 5,4'-二羟基-7,3'-二甲氧基二氢黄酮","5,4'‑Dihydroxy‑7,3'‑dimethoxyflavanone",54352-60-2,316.309,C17H16O6,,黄酮类,O=C1C2=C(O)C=C(OC)C=C2OC(C3=CC=C(O)C(OC)=C3)C1,"InChI=1S/C17H16O6/c1-21-10-6-12(19)17-13(20)8-14(23-16(17)7-10)9-3-4-11(18)15(5-9)22-2/h3-7,14,18-19H,8H2,1-2H3",QZJVBGCZOLNWHW-UHFFFAOYSA-N,瞿麦
DISU-030,异连翘素-2″-O-葡萄糖苷,Isoorientin‑2''‑O‑glucoside,55196-48-0,610.521,C27H30O16,,黄酮类,OC1=C([C@H]2[C@H](O[C@H]3[C@H](O)[C@@H](O)[C@H](O)[C@@H](CO)O3)[C@@H](O)[C@H](O)[C@@H](CO)O2)C(O)=C(C(C=C(C4=CC=C(O)C(O)=C4)O5)=O)C5=C1,"InChI=1S/C27H30O16/c28-6-15-20(35)23(38)26(43-27-24(39)22(37)19(34)16(7-29)42-27)25(41-15)18-12(33)5-14-17(21(18)36)11(32)4-13(40-14)8-1-2-9(30)10(31)3-8/h1-5,15-16,19-20,22-31,33-39H,6-7H2/t15-,16-,19-,20-,22+,23+,24-,25+,26-,27+/m1/s1",QWAZWXOCSOFIPS-FASGCTRLSA-N,瞿麦
DISU-031,柯伊利素-7-O-葡萄糖苷,Chrysoeriol‑7‑O‑glucoside,19993-32-9,462.407,C22H22O11,,黄酮类,O=C1C2=C(O)C=C(O[C@H]3[C@H](O)[C@@H](O)[C@H](O)[C@@H](CO)O3)C=C2OC(C4=CC=C(O)C(OC)=C4)=C1,"InChI=1S/C22H22O11/c1-30-15-4-9(2-3-11(15)24)14-7-13(26)18-12(25)5-10(6-16(18)32-14)31-22-21(29)20(28)19(27)17(8-23)33-22/h2-7,17,19-25,27-29H,8H2,1H3/t17-,19-,20+,21-,22-/m1/s1",GAMYVSCDDLXAQW-MIUGBVLSSA-N,瞿麦
DISU-032,异黄酮甙-2''-O-葡萄糖苷,Isovitexin‑2''‑O‑glucoside,60767-80-8,,C27H30O15,,黄酮类,O=C1C2=C(O)C([C@H]3[C@H](O[C@H]4[C@H](O)[C@@H](O)[C@H](O)[C@@H](CO)O4)[C@@H](O)[C@H](O)[C@@H](CO)O3)=C(O)C=C2OC(C5=CC=C(O)C=C5)=C1,"InChI=1S/C27H30O15/c28-7-15-20(34)23(37)26(42-27-24(38)22(36)19(33)16(8-29)41-27)25(40-15)18-12(32)6-14-17(21(18)35)11(31)5-13(39-14)9-1-3-10(30)4-2-9/h1-6,15-16,19-20,22-30,32-38H,7-8H2/t15-,16-,19-,20-,22+,23+,24-,25+,26-,27+/m1/s1",RQTTXGQDIROLTQ-FASGCTRLSA-N,瞿麦
DISU-033,"香叶木素-7-O (2'',6''-二-O-α-L-吡喃鼠李糖基)-β-D-吡喃葡萄糖苷","Diosmetin‑7‑O(2'',6''‑di‑O‑α‑L‑rhamnopyranosyl)‑β‑D‑glucopyranoside",211989-29-6,754.691,C34H42O19,,黄酮类,OC1=C(C(C=C(C2=CC=C(OC)C(O)=C2)O3)=O)C3=CC(O[C@H]4[C@H](O[C@H]5[C@H](O)[C@H](O)[C@@H](O)[C@H](C)O5)[C@@H](O)[C@H](O)[C@@H](CO[C@H]6[C@H](O)[C@H](O)[C@@H](O)[C@H](C)O6)O4)=C1,"InChI=1S/C34H42O19/c1-11-23(38)26(41)29(44)32(48-11)47-10-21-25(40)28(43)31(53-33-30(45)27(42)24(39)12(2)49-33)34(52-21)50-14-7-16(36)22-17(37)9-19(51-20(22)8-14)13-4-5-18(46-3)15(35)6-13/h4-9,11-12,21,23-36,38-45H,10H2,1-3H3/t11-,12-,21+,23-,24-,25+,26+,27+,28-,29+,30+,31+,32+,33-,34+/m0/s1",NLOYJTQYMYDUFN-BYWVGFEBSA-N,瞿麦
DISU-034,槲皮素3-O-芸香糖苷,Quercetin 3-O-rutinoside,949926-49-2,610.521,C27H30O16,,黄酮类,OC1=CC(O)=C(C(C(O[C@H]2[C@H](O)[C@@H](O)[C@H](O)[C@@H](CO[C@H]3[C@H](O)[C@H](O)[C@@H](O)[C@H](C)O3)O2)=C(C4=CC=C(O)C(O)=C4)O5)=O)C5=C1,"InChI=1S/C27H30O16/c1-8-17(32)20(35)22(37)26(40-8)39-7-15-18(33)21(36)23(38)27(42-15)43-25-19(34)16-13(31)5-10(28)6-14(16)41-24(25)9-2-3-11(29)12(30)4-9/h2-6,8,15,17-18,20-23,26-33,35-38H,7H2,1H3/t8-,15+,17-,18+,20+,21-,22+,23+,26+,27-/m0/s1",IKGXIBQEEMLURG-NVPNHPEKSA-N,瞿麦
DISU-035,异鼠李素-3-O-葡萄糖苷,Isorhamnetin 3-O-glucoside,5041-82-7,478.406,C22H22O12,,黄酮类,OC1=CC(O)=C(C(C(O[C@H]2[C@H](O)[C@@H](O)[C@H](O)[C@@H](CO)O2)=C(C3=CC=C(O)C(OC)=C3)O4)=O)C4=C1,"InChI=1S/C22H22O12/c1-31-12-4-8(2-3-10(12)25)20-21(17(28)15-11(26)5-9(24)6-13(15)32-20)34-22-19(30)18(29)16(27)14(7-23)33-22/h2-6,14,16,18-19,22-27,29-30H,7H2,1H3/t14-,16-,18+,19-,22+/m1/s1",CQLRUIIRRZYHHS-LFXZADKFSA-N,瞿麦
DISU-036,"槲皮素-3,7-二-O-鼠李糖苷",Quercetin‑3‑O‑rhamnoside 7‑O‑rhamnoside,28638-13-3,594.522,C27H30O15,,黄酮类,OC1=C(C(C(O[C@H]2[C@H](O)[C@H](O)[C@@H](O)[C@H](C)O2)=C(C3=CC=C(O)C(O)=C3)O4)=O)C4=CC(O[C@H]5[C@H](O)[C@H](O)[C@@H](O)[C@H](C)O5)=C1,"InChI=1S/C27H30O15/c1-8-17(31)20(34)22(36)26(38-8)40-11-6-14(30)16-15(7-11)41-24(10-3-4-12(28)13(29)5-10)25(19(16)33)42-27-23(37)21(35)18(32)9(2)39-27/h3-9,17-18,20-23,26-32,34-37H,1-2H3/t8-,9-,17-,18-,20+,21+,22+,23+,26-,27-/m0/s1",GXLQUHPXGLZNGE-BJBZVNFPSA-N,瞿麦
DISU-037,,Kaempferol‑3‑O‑glucoside‑glucoside 7‑O‑rhamnoside,173740-43-7,756.663,C33H40O20,,黄酮类,OC1=C(C(C(O[C@H]2[C@H](O)[C@@H](O)[C@H](O)[C@@H](CO[C@H]3[C@H](O)[C@@H](O)[C@H](O)[C@@H](CO)O3)O2)=C(C4=CC=C(O)C=C4)O5)=O)C5=CC(O[C@H]6[C@H](O)[C@H](O)[C@@H](O)[C@H](C)O6)=C1,"InChI=1S/C33H40O20/c1-10-19(37)23(41)27(45)32(48-10)49-13-6-14(36)18-15(7-13)50-29(11-2-4-12(35)5-3-11)30(22(18)40)53-33-28(46)25(43)21(39)17(52-33)9-47-31-26(44)24(42)20(38)16(8-34)51-31/h2-7,10,16-17,19-21,23-28,31-39,41-46H,8-9H2,1H3/t10-,16+,17+,19-,20+,21+,23+,24-,25-,26+,27+,28+,31+,32-,33-/m0/s1",QFSDWLPMRWDFID-CSNYLUTCSA-N,瞿麦
DISU-038,,Quercetin‑3‑O‑rhamnoside‑glucoside 7‑O‑rhamnoside,138989-37-4,756.663,C33H40O20,,黄酮类,OC1=C(C(C(O[C@H]2[C@H](O[C@H]3[C@H](O)[C@@H](O)[C@H](O)[C@@H](CO)O3)[C@H](O)[C@@H](O)[C@H](C)O2)=C(C4=CC=C(O)C(O)=C4)O5)=O)C5=CC(O[C@H]6[C@H](O)[C@H](O)[C@@H](O)[C@H](C)O6)=C1,"InChI=1S/C33H40O20/c1-9-19(38)23(42)26(45)31(47-9)49-12-6-15(37)18-16(7-12)50-28(11-3-4-13(35)14(36)5-11)29(22(18)41)52-33-30(25(44)20(39)10(2)48-33)53-32-27(46)24(43)21(40)17(8-34)51-32/h3-7,9-10,17,19-21,23-27,30-40,42-46H,8H2,1-2H3/t9-,10-,17+,19-,20-,21+,23+,24-,25+,26+,27+,30+,31-,32-,33-/m0/s1",PRAMLMJWCYDPOF-PETAPGENSA-N,瞿麦
DISU-039,木犀草素,Luteolin,491-70-3,286.239,C15H10O6,,黄酮类,OC1=CC(O)=C(C(C=C(C2=CC(O)=C(O)C=C2)O3)=O)C3=C1,"InChI=1S/C15H10O6/c16-8-4-11(19)15-12(20)6-13(21-14(15)5-8)7-1-2-9(17)10(18)3-7/h1-6,16-19H",IQPNAANSBPBGFQ-UHFFFAOYSA-N,瞿麦
DISU-040," 3,5,7-三羟基-3',5'-二甲氧基黄酮","3,5,7‑Trihydroxy‑3',5'‑dimethoxylflavone",62008-19-9,330.292,C17H14O7,,黄酮类,OC1=CC(O)=C(C(C(O)=C(C2=CC(OC)=CC(OC)=C2)O3)=O)C3=C1,"InChI=1S/C17H14O7/c1-22-10-3-8(4-11(7-10)23-2)17-16(21)15(20)14-12(19)5-9(18)6-13(14)24-17/h3-7,18-19,21H,1-2H3",HEJAFZFLVQINJF-UHFFFAOYSA-N,瞿麦
DISU-041,山奈酚,Kaempferol,520-18-3,286.239,C15H10O6,,黄酮类,OC1=CC(O)=C(C(C(O)=C(C2=CC=C(O)C=C2)O3)=O)C3=C1,"InChI=1S/C15H10O6/c16-8-3-1-7(2-4-8)15-14(20)13(19)12-10(18)5-9(17)6-11(12)21-15/h1-6,16-18,20H",IYRMWMYZSQPJKC-UHFFFAOYSA-N,瞿麦
DISU-042,槲皮苷,Quercetrin,117-39-5,302.238,C15H10O7,,黄酮类,OC1=CC(O)=C(C(C(O)=C(C2=CC=C(O)C(O)=C2)O3)=O)C3=C1,"InChI=1S/C15H10O7/c16-7-4-10(19)12-11(5-7)22-15(14(21)13(12)20)6-1-2-8(17)9(18)3-6/h1-5,16-19,21H",REFJWTPEDVJJIY-UHFFFAOYSA-N,瞿麦
DISU-043,苜蓿素,Tricin,520-32-1,330.292,C17H14O7,,黄酮类,OC1=CC(O)=C(C(C=C(C2=CC(OC)=C(O)C(OC)=C2)O3)=O)C3=C1,"InChI=1S/C17H14O7/c1-22-14-3-8(4-15(23-2)17(14)21)12-7-11(20)16-10(19)5-9(18)6-13(16)24-12/h3-7,18-19,21H,1-2H3",HRGUSFBJBOKSML-UHFFFAOYSA-N,瞿麦
DISU-044,香叶木素,Diosmetin,520-34-3,300.266,C16H12O6,,黄酮类,OC1=CC(O)=C(C(C=C(C2=CC(O)=C(OC)C=C2)O3)=O)C3=C1,"InChI=1S/C16H12O6/c1-21-13-3-2-8(4-10(13)18)14-7-12(20)16-11(19)5-9(17)6-15(16)22-14/h2-7,17-19H,1H3",MBNGWHIJMBWFHU-UHFFFAOYSA-N,瞿麦
DISU-045,"5-羟基-7,3',4'-三甲氧基二氢黄酮","5‑Hydroxy‑7,3',4'‑trimethoxydihydroflavone",29080-58-8,330.336,C18H18O6,,黄酮类,OC1=C(C(CC(C2=CC=C(OC)C(OC)=C2)O3)=O)C3=CC(OC)=C1,"InChI=1S/C18H18O6/c1-21-11-7-12(19)18-13(20)9-15(24-17(18)8-11)10-4-5-14(22-2)16(6-10)23-3/h4-8,15,19H,9H2,1-3H3",MRFOCZPULZWYTJ-UHFFFAOYSA-N,瞿麦
DISU-046,,Dianthin A,219808-29-4,665.748,C33H43N7O8,,氨基酸,O=C([C@@H](CC(N)=O)NC([C@@H](CC1=CC=C(O)C=C1)NC([C@@H](C)N2)=O)=O)N[C@H](CC3=CC=CC=C3)C(NCC(N[C@H](CC(C)C)C2=O)=O)=O,"InChI=1S/C33H43N7O8/c1-18(2)13-23-31(46)36-19(3)29(44)38-25(15-21-9-11-22(41)12-10-21)32(47)40-26(16-27(34)42)33(48)39-24(14-20-7-5-4-6-8-20)30(45)35-17-28(43)37-23/h4-12,18-19,23-26,41H,13-17H2,1-3H3,(H2,34,42)(H,35,45)(H,36,46)(H,37,43)(H,38,44)(H,39,48)(H,40,47)/t19-,23-,24-,25-,26-/m1/s1",WBVXMGDUMBMSJF-LFCPLDRDSA-N,瞿麦
DISU-047,,Dianthin B,219808-31-8,658.8,C36H46N6O6,,氨基酸,O=C(N[C@H](CC1=CC=CC=C1)C(N[C@H](CC2=CC=CC=C2)C3=O)=O)[C@]([C@@H](C)CC)([H])NC([C@](CCC4)([H])N4C(CNC([C@]5([H])N3CCC5)=O)=O)=O,"InChI=1S/C36H46N6O6/c1-3-23(2)31-35(47)38-26(20-24-12-6-4-7-13-24)32(44)39-27(21-25-14-8-5-9-15-25)36(48)42-19-11-16-28(42)33(45)37-22-30(43)41-18-10-17-29(41)34(46)40-31/h4-9,12-15,23,26-29,31H,3,10-11,16-22H2,1-2H3,(H,37,45)(H,38,47)(H,39,44)(H,40,46)/t23-,26+,27+,28+,29+,31+/m0/s1",BGIIBDKAZHSXJX-UAPXYYAFSA-N,瞿麦
DISU-048,,Dianthin C,138773-71-4,646.789,C35H46N6O6,,氨基酸,O=C(C(C)NC(C(CCC1)N1C2=O)=O)NC(C(CC)C)C(NC(C)C(NC(CC3=CC=CC=C3)C(NC2CC4=CC=CC=C4)=O)=O)=O,"InChI=1S/C35H46N6O6/c1-5-21(2)29-34(46)37-22(3)30(42)38-26(19-24-13-8-6-9-14-24)32(44)39-27(20-25-15-10-7-11-16-25)35(47)41-18-12-17-28(41)33(45)36-23(4)31(43)40-29/h6-11,13-16,21-23,26-29H,5,12,17-20H2,1-4H3,(H,36,45)(H,37,46)(H,38,42)(H,39,44)(H,40,43)",LXKKIVMNFDMLOV-UHFFFAOYSA-N,瞿麦
DISU-049,,Dianthin D,763932-79-2,710.873,C37H54N6O8,,氨基酸,O=C([C@]1([H])N(C([C@@H](CC(C)C)N2)=O)CCC1)N3[C@](C(N[C@](C(N[C@H](CC4=CC=CC=C4)C(NCC(N[C@@H](C2=O)CO)=O)=O)=O)([H])[C@H](C)CC)=O)([H])CCC3,"InChI=1S/C36H53N7O8/c1-5-22(4)30-34(49)39-24(18-23-11-7-6-8-12-23)31(46)37-19-29(45)38-26(20-44)32(47)40-25(17-21(2)3)35(50)43-16-10-14-28(43)36(51)42-15-9-13-27(42)33(48)41-30/h6-8,11-12,21-22,24-28,30,44H,5,9-10,13-20H2,1-4H3,(H,37,46)(H,38,45)(H,39,49)(H,40,47)(H,41,48)/t22-,24-,25-,26-,27-,28-,30-/m1/s1",WDMPLDBBPHPZPY-CPRCTXBVSA-N,瞿麦
DISU-050,,Dianthin E,1627562-44-0,598.745, C31H46N6O6,,氨基酸,O=C([C@H](CO)NC([C@H](CC1=CC=CC=C1)N2)=O)N[C@@H]([C@H](C)CC)C(N3[C@@H](CCC3)C(NCC(N[C@H](C(C)C)C2=O)=O)=O)=O,"InChI=1S/C30H44N6O7/c1-5-18(4)25-30(43)36-13-9-12-22(36)28(41)31-15-23(38)34-24(17(2)3)29(42)32-20(14-19-10-7-6-8-11-19)26(39)33-21(16-37)27(40)35-25/h6-8,10-11,17-18,20-22,24-25,37H,5,9,12-16H2,1-4H3,(H,31,41)(H,32,42)(H,33,39)(H,34,38)(H,35,40)/t18-,20+,21+,22+,24-,25+/m1/s1",NHNDCMROOPKDNF-MUOFFRQRSA-N,瞿麦
DISU-051,,DianthinF,147527-19-3,547.656,C30H37N5O5,,氨基酸,O=C(NCC(N[C@H](C(N[C@@H](C(C)C)C(N[C@H]1CC2=CC=CC=C2)=O)=O)CC3=CC=CC=C3)=O)[C@@H]4CCCN4C1=O,"InChI=1S/C30H37N5O5/c1-19(2)26-29(39)33-23(17-21-12-7-4-8-13-21)30(40)35-15-9-14-24(35)28(38)31-18-25(36)32-22(27(37)34-26)16-20-10-5-3-6-11-20/h3-8,10-13,19,22-24,26H,9,14-18H2,1-2H3,(H,31,38)(H,32,36)(H,33,39)(H,34,37)/t22-,23-,24-,26-/m0/s1",PDNKJYMGQZYDRS-IGRGDXOOSA-N,瞿麦
DISU-052,,Dianthin G,1627707-82-7,612.772,C32H48N6O6,,氨基酸,O=C(N[C@H](C(N1)=O)CC2=CC=CC=C2)[C@@H](NC([C@@H](NC([C@@H](NC([C@H](CC3)CN3C1=O)=O)CC(C)C)=O)C(C)C)=O)CC(C)C,"InChI=1S/C32H48N6O6/c1-18(2)14-23-28(40)34-25(16-21-10-8-7-9-11-21)30(42)37-32(44)38-13-12-22(17-38)27(39)33-24(15-19(3)4)29(41)36-26(20(5)6)31(43)35-23/h7-11,18-20,22-26H,12-17H2,1-6H3,(H,33,39)(H,34,40)(H,35,43)(H,36,41)(H,37,42,44)/t22-,23+,24+,25+,26+/m1/s1",KXAZKVOKDXHUAA-RXBPMRIASA-N,瞿麦
DISU-053,,Dianthin H,\,612.772,C32H48N6O6,,氨基酸,O=C(N[C@H](C1=O)CC2=CC=CC=C2)[C@@H](NC([C@@H](NC([C@@H](NC(C3CCCN3C(CN1)=O)=O)C(C)C)=O)C(C)C)=O)[C@H](C)CC,"InChI=1S/C32H48N6O6/c1-7-20(6)27-32(44)34-22(16-21-12-9-8-10-13-21)28(40)33-17-24(39)38-15-11-14-23(38)29(41)35-25(18(2)3)30(42)36-26(19(4)5)31(43)37-27/h8-10,12-13,18-20,22-23,25-27H,7,11,14-17H2,1-6H3,(H,33,40)(H,34,44)(H,35,41)(H,36,42)(H,37,43)/t20-,22+,23?,25+,26+,27+/m1/s1",ARVSGNJIIBAKBK-XXOFDCCESA-N,瞿麦
DISU-054,,Dianthin I,1778642-52-6,535.601,C28H33N5O6,,氨基酸,O=C(N[C@@H](CO)C1=O)[C@H]2N(C([C@H](CC3=CC=CC=C3)NC(CNC([C@H](CC4=CC=CC=C4)N1)=O)=O)=O)CCC2,"InChI=1S/C28H33N5O6/c34-17-22-26(37)31-20(14-18-8-3-1-4-9-18)25(36)29-16-24(35)30-21(15-19-10-5-2-6-11-19)28(39)33-13-7-12-23(33)27(38)32-22/h1-6,8-11,20-23,34H,7,12-17H2,(H,29,36)(H,30,35)(H,31,37)(H,32,38)/t20-,21-,22-,23-/m0/s1",TWUDUSFJHBKKMY-MLCQCVOFSA-N,瞿麦
DISU-055,,Pseudostellarin A,156430-20-5,485.585,C25H35N5O5,,氨基酸,O=C(N[C@@H](CC1=CC=C(O)C=C1)C2=O)[C@@]3([H])N(C(CNC([C@H](C)NC([C@H](CC(C)C)N2)=O)=O)=O)CCC3,"InChI=1S/C25H35N5O6/c1-14(2)11-18-23(34)27-15(3)22(33)26-13-21(32)30-10-4-5-20(30)25(36)29-19(24(35)28-18)12-16-6-8-17(31)9-7-16/h6-9,14-15,18-20,31H,4-5,10-13H2,1-3H3,(H,26,33)(H,27,34)(H,28,35)(H,29,36)/t15-,18-,19-,20-/m0/s1",DBUMGRDLKHIWEI-KNTRFNDTSA-N,瞿麦
DISU-056,,Heterophyllin J,660397-15-9,487.557,C24H33N5O6,,氨基酸,O=C(N[C@@H](C(C)C)C1=O)[C@@]2([H])N(C(CNC([C@H](C)NC([C@H](CC3=CC=C(O)C=C3)N1)=O)=O)=O)CCC2,"InChI=1S/C24H33N5O6/c1-13(2)20-24(35)27-17(11-15-6-8-16(30)9-7-15)22(33)26-14(3)21(32)25-12-19(31)29-10-4-5-18(29)23(34)28-20/h6-9,13-14,17-18,20,30H,4-5,10-12H2,1-3H3,(H,25,32)(H,26,33)(H,27,35)(H,28,34)/t14-,17-,18-,20-/m0/s1",KOAOTGWPRULPKG-RNVRALISSA-N,瞿麦
DISU-057,,4‑Methoxydianthramide B,763932-82-7,301.298,C16H15NO5,,氨基酸,O=C(OC)C1=CC=C(OC)C=C1NC(C2=C(O)C=CC=C2)=O,"InChI=1S/C16H15NO5/c1-21-10-7-8-11(16(20)22-2)13(9-10)17-15(19)12-5-3-4-6-14(12)18/h3-9,18H,1-2H3,(H,17,19)",BTFAZIPNJLVTAL-UHFFFAOYSA-N,瞿麦
DISU-058,,Cyclo‑(l‑N‑methyl Glu‑l‑N‑methyl Glu),\,286.284,C12H18N2O6,,生物碱,O=C([C@H](CCC(O)=O)N1C)N(C)[C@@H](CCC(O)=O)C1=O,"InChI=1S/C12H18N2O6/c1-13-7(3-5-9(15)16)12(20)14(2)8(11(13)19)4-6-10(17)18/h7-8H,3-6H2,1-2H3,(H,15,16)(H,17,18)/t7-,8-/m0/s1",KLLQLTOWUDOWNU-YUMQZZPRSA-N,瞿麦
DISU-059,,Cyclo‑(l‑methyl Glu‑ester‑l‑methyl Glu ester),412042-40-1,286.284,C12H18N2O6,,生物碱,O=C([C@H](CCC(OC)=O)N1)N[C@@H](CCC(OC)=O)C1=O,"InChI=1S/C12H18N2O6/c1-19-9(15)5-3-7-11(17)14-8(12(18)13-7)4-6-10(16)20-2/h7-8H,3-6H2,1-2H3,(H,13,18)(H,14,17)/t7-,8-/m1/s1",CMKTUVRMCSYZPV-HTQZYQBOSA-N,瞿麦
DISU-060,,Cyclo‑(l‑methyl Glu‑ester‑l‑Glu),\,272.257,C11H16N2O6,,生物碱,O=C([C@H](CCC(OC)=O)N1)N[C@@H](CCC(O)=O)C1=O,"InChI=1S/C11H16N2O6/c1-19-9(16)5-3-7-11(18)12-6(10(17)13-7)2-4-8(14)15/h6-7H,2-5H2,1H3,(H,12,18)(H,13,17)(H,14,15)/t6-,7-/m1/s1",SQBPXNZYOWNUPY-RNFRBKRXSA-N,瞿麦
DISU-061,"3,3'-(3,6-二氧代-2,5-哌嗪二基)二丙酸",Cyclo‑(l‑Glu‑l‑Glu),16691-00-2,258.23,C10H14N2O6,,生物碱,O=C([C@H](CCC(O)=O)N1)N[C@@H](CCC(O)=O)C1=O,"InChI=1S/C10H14N2O6/c13-7(14)3-1-5-9(17)12-6(10(18)11-5)2-4-8(15)16/h5-6H,1-4H2,(H,11,18)(H,12,17)(H,13,14)(H,15,16)/t5-,6-/m1/s1",NDCKGUDRHBPJAQ-PHDIDXHHSA-N,瞿麦
DISU-062,短杆菌酪肽 B,Tyrocidine B,865-28-1,1309.537,C68H88N14O13,,生物碱,O=C(N[C@H](CC(N)=O)C(N[C@H](C(N[C@H](C(N[C@@H](C(N[C@H](C(NC(C(N[C@H](CC1=CC=CC=C1)C(N(CCC2)[C@]2([H])C3=O)=O)=O)CC(C)C)=O)CCCN)=O)C(C)C)=O)CC4=CC=C(O)C=C4)=O)CCC(N)=O)=O)[C@@H](CC5=CC=CC=C5)NC([C@H](N3)CC6=CNC7=C6C=CC=C7)=O,"InChI=1S/C68H88N14O13/c1-38(2)31-49-61(88)80-54(34-41-17-9-6-10-18-41)68(95)82-30-14-22-55(82)66(93)79-52(35-43-37-72-46-20-12-11-19-45(43)46)63(90)77-50(32-40-15-7-5-8-16-40)62(89)78-53(36-57(71)85)64(91)73-48(27-28-56(70)84)60(87)76-51(33-42-23-25-44(83)26-24-42)65(92)81-58(39(3)4)67(94)74-47(21-13-29-69)59(86)75-49/h5-12,15-20,23-26,37-39,47-55,58,72,83H,13-14,21-22,27-36,69H2,1-4H3,(H2,70,84)(H2,71,85)(H,73,91)(H,74,94)(H,75,86)(H,76,87)(H,77,90)(H,78,89)(H,79,93)(H,80,88)(H,81,92)/t47-,48-,49?,50+,51-,52+,53+,54+,55-,58+/m0/s1",PUVWPDQSNYAMEH-VZIRGTBDSA-N,瞿麦
DISU-063,大黄素,Emodin,518-82-1,270.24,C15H10O5,,蒽醌类,O=C1C2=C(C(O)=CC(O)=C2)C(C3=C(O)C=C(C)C=C31)=O,"InChI=1S/C15H10O5/c1-6-2-8-12(10(17)3-6)15(20)13-9(14(8)19)4-7(16)5-11(13)18/h2-5,16-18H,1H3",RHMXXJGYXNZAPX-UHFFFAOYSA-N,瞿麦
DISU-064,大黄素甲醚,Physcion,521-61-9,284.267,C16H12O5,,蒽醌类,O=C1C2=C(C(O)=CC(OC)=C2)C(C3=C(O)C=C(C)C=C31)=O,"InChI=1S/C16H12O5/c1-7-3-9-13(11(17)4-7)16(20)14-10(15(9)19)5-8(21-2)6-12(14)18/h3-6,17-18H,1-2H3",FFWOKTFYGVYKIR-UHFFFAOYSA-N,瞿麦
DISU-065,大黄素-8-O-β-D-葡萄糖苷,Emodin‑8‑O‑β‑D‑glucopyranoside,23313-21-5,432.381,C21H20O10,,蒽醌类,O=C1C2=C(C(O[C@H]3[C@H](O)[C@@H](O)[C@H](O)[C@@H](CO)O3)=CC(O)=C2)C(C4=C(O)C=C(C)C=C41)=O,"InChI=1S/C21H20O10/c1-7-2-9-14(11(24)3-7)18(27)15-10(16(9)25)4-8(23)5-12(15)30-21-20(29)19(28)17(26)13(6-22)31-21/h2-5,13,17,19-24,26,28-29H,6H2,1H3/t13-,17-,19+,20-,21-/m1/s1",HSWIRQIYASIOBE-JNHRPPPUSA-N,瞿麦
DISU-066,大黄素甲醚-8-O-葡萄糖苷,Physcion‑8‑O‑β‑D‑glucoside,23451-01-6,446.408,C22H22O10,,蒽醌类,O=C1C2=C(C(O[C@H]3[C@H](O)[C@@H](O)[C@H](O)[C@@H](CO)O3)=CC(OC)=C2)C(C4=C(O)C=C(C)C=C41)=O,"InChI=1S/C22H22O10/c1-8-3-10-15(12(24)4-8)19(27)16-11(17(10)25)5-9(30-2)6-13(16)31-22-21(29)20(28)18(26)14(7-23)32-22/h3-6,14,18,20-24,26,28-29H,7H2,1-2H3/t14-,18-,20+,21-,22-/m1/s1",POMKXWCJRHNLRP-DQMLXFRHSA-N,瞿麦
DISU-067,,MelrubiellinA,1571909-10-8,584.577,C33H28O10,,蒽醌类,OC1=C2C(C(C(C(C3CCC(O)C4(O)C35C(OC(C)=O)C6=C(C(OC)=CC(C)=C6)C4=O)=C(C5)C=C7O)=C7C2=O)=O)=CC=C1,"InChI=1S/C33H28O10/c1-13-9-17-25(21(10-13)42-3)30(40)33(41)22(37)8-7-18-23-15(12-32(18,33)31(17)43-14(2)34)11-20(36)26-27(23)28(38)16-5-4-6-19(35)24(16)29(26)39/h4-6,9-11,18,22,31,35-37,41H,7-8,12H2,1-3H3",CHYMIQPVEJMSCY-UHFFFAOYSA-N,瞿麦
DISU-068,,MelrubiellinB,1571909-11-9,600.576,C33H28O11,,蒽醌类,OC1=C2C(C(C(C(C3CCC(O)C4(O)C35C(OC(C)=O)C6=C(C(OC)=CC(C)=C6)C4=O)=C(C5)C=C7O)=C7C2=O)=O)=C(O)C=C1,"InChI=1S/C33H28O11/c1-12-8-15-23(20(9-12)43-3)30(41)33(42)21(38)7-4-16-22-14(11-32(16,33)31(15)44-13(2)34)10-19(37)26-27(22)29(40)25-18(36)6-5-17(35)24(25)28(26)39/h5-6,8-10,16,21,31,35-38,42H,4,7,11H2,1-3H3",HYZJJZSLZBNBNQ-UHFFFAOYSA-N,瞿麦
DISU-069,4-羟基苯甲酸,4-Hydroxybenzoic acid,99-96-7,138.122,C7H6O3,,酚酸,OC1=CC=C(C(O)=O)C=C1,"InChI=1S/C7H6O3/c8-6-3-1-5(2-4-6)7(9)10/h1-4,8H,(H,9,10)",FJKROLUGYXJWQN-UHFFFAOYSA-N,瞿麦
DISU-070,3-羟基-4-甲氧基苯甲酸,3‑Hydroxy‑4‑methoxybenzoic acid,645-08-9,168.148,C8H8O4,,酚酸,OC1=C(OC)C=CC(C(O)=O)=C1,"InChI=1S/C8H8O4/c1-12-7-3-2-5(8(10)11)4-6(7)9/h2-4,9H,1H3,(H,10,11)",LBKFGYZQBSGRHY-UHFFFAOYSA-N,瞿麦
DISU-071,"3,4-二羟基苯甲酸甲酯","Methyl 3,4‑dihydroxybenzoate",2150-43-8,168.148,C8H8O4,,酚酸,OC1=C(O)C=CC(C(OC)=O)=C1,"InChI=1S/C8H8O4/c1-12-8(11)5-2-3-6(9)7(10)4-5/h2-4,9-10H,1H3",CUFLZUDASVUNOE-UHFFFAOYSA-N,瞿麦
DISU-072,"3-(3',4'-二羟基苯基)丙酸甲酯","Methyl 3‑(3',4'‑dihydroxyphenyl) propionate",3598-22-9,196.202,C10H12O4,,酚酸,OC1=C(O)C=CC(CCC(OC)=O)=C1,"InChI=1S/C10H12O4/c1-14-10(13)5-3-7-2-4-8(11)9(12)6-7/h2,4,6,11-12H,3,5H2,1H3",NTULQOXXTCSEHM-UHFFFAOYSA-N,瞿麦
DISU-073,4-羟基-3-甲氧基苯丙酸 6-乙基辛酯,6-Ethyloctyl 4-hydroxy-3-methoxybenzenepropanoate,2250131-84-9,336.472,C20H32O4,,苯丙素类,OC1=C(OC)C=C(CCC(OCCCCCC(CC)CC)=O)C=C1,"InChI=1S/C20H32O4/c1-4-16(5-2)9-7-6-8-14-24-20(22)13-11-17-10-12-18(21)19(15-17)23-3/h10,12,15-16,21H,4-9,11,13-14H2,1-3H3",RJECXAAKVXSKSY-UHFFFAOYSA-N,瞿麦
DISU-074,香草酸,Vanillic acid,121-34-6,168.148,C8H8O4,,酚酸,OC1=C(OC)C=C(C(O)=O)C=C1,"InChI=1S/C8H8O4/c1-12-7-4-5(8(10)11)2-3-6(7)9/h2-4,9H,1H3,(H,10,11)",WKOLLVMJNQIZCI-UHFFFAOYSA-N,瞿麦
DISU-075,4-羟基苯乙酸,4‑Hydroxy‑benzeneacetic acid,156-38-7,152.149, C8H8O3,,酚酸,OC1=CC=C(CC(O)=O)C=C1,"InChI=1S/C8H8O3/c9-7-3-1-6(2-4-7)5-8(10)11/h1-4,9H,5H2,(H,10,11)",XQXPVVBIMDBYFF-UHFFFAOYSA-N,瞿麦
DISU-076,高香草醇,Homovanillyl alcohol,2380-78-1,168.192,C9H12O3,,酚酸,OC1=C(OC)C=C(CCO)C=C1,"InChI=1S/C9H12O3/c1-12-9-6-7(4-5-10)2-3-8(9)11/h2-3,6,10-11H,4-5H2,1H3",XHUBSJRBOQIZNI-UHFFFAOYSA-N,瞿麦
DISU-077,3-(4-羟基-3-甲氧苯基)丙酸,Dihydroferulic acid,1135-23-5,196.202,C10H12O4,,酚酸,OC1=C(OC)C=C(CCC(O)=O)C=C1,"InChI=1S/C10H12O4/c1-14-9-6-7(2-4-8(9)11)3-5-10(12)13/h2,4,6,11H,3,5H2,1H3,(H,12,13)",BOLQJTPHPSDZHR-UHFFFAOYSA-N,瞿麦
DISU-078,3-(4-羟基-3-甲氧基苯基)丙酸甲酯,Methyl 3-(4-hydroxy-3-methoxyphenyl)propanoate,56024-44-3,210.229,C11H14O4,,酚酸,OC1=C(OC)C=C(CCC(OC)=O)C=C1,"InChI=1S/C11H14O4/c1-14-10-7-8(3-5-9(10)12)4-6-11(13)15-2/h3,5,7,12H,4,6H2,1-2H3",PDTCYIZPTRRYOT-UHFFFAOYSA-N,瞿麦
DISU-079,反式对羟基肉桂酸,trans-4-Hydroxycinnamic acid,501-98-4,164.16,C9H8O3,,酚酸,OC1=CC=C(/C=C/C(O)=O)C=C1,"InChI=1S/C9H8O3/c10-8-4-1-7(2-5-8)3-6-9(11)12/h1-6,10H,(H,11,12)/b6-3+",NGSWKAQJJWESNS-ZZXKWVIFSA-N,瞿麦
DISU-080,邻苯二酚,Catechol,120-80-9,110.112,C6H6O2,,其他,OC1=CC=CC=C1O,"InChI=1S/C6H6O2/c7-5-3-1-2-4-6(5)8/h1-4,7-8H",YCIMNLLNPGFGHC-UHFFFAOYSA-N,瞿麦
DISU-081,水杨酸,Salicylic acid,69-72-7,138.122,C7H6O3,,酚酸,OC1=CC=CC=C1C(O)=O,"InChI=1S/C7H6O3/c8-6-4-2-1-3-5(6)7(9)10/h1-4,8H,(H,9,10)",YGSDEFSMJLZEOE-UHFFFAOYSA-N,瞿麦
DISU-082,,β-Hydroxypropiovanillone,2196-18-1,196.202,C10H12O4,,苯丙素类,OC1=C(OC)C=C(C(CCO)=O)C=C1,"InChI=1S/C10H12O4/c1-14-10-6-7(2-3-9(10)13)8(12)4-5-11/h2-3,6,11,13H,4-5H2,1H3",NXCPMSUBVRGTSE-UHFFFAOYSA-N,瞿麦
DISU-083,4-甲氧基苯乙酸,(4-Methoxyphenyl)acetic acid,104-01-8,166.176,C9H10O3,,酚酸,COC1=CC=C(CC(O)=O)C=C1,"InChI=1S/C9H10O3/c1-12-8-4-2-7(3-5-8)6-9(10)11/h2-5H,6H2,1H3,(H,10,11)",NRPFNQUDKRYCNX-UHFFFAOYSA-N,瞿麦
DISU-084,,Patriscabratine,476645-37-1,444.531,C27H28N2O4,,苯丙素类,O=C(N[C@@H](CC1=CC=CC=C1)C(OC[C@H](CC2=CC=CC=C2)NC(C)=O)=O)C3=CC=CC=C3,"InChI=1S/C27H28N2O4/c1-20(30)28-24(17-21-11-5-2-6-12-21)19-33-27(32)25(18-22-13-7-3-8-14-22)29-26(31)23-15-9-4-10-16-23/h2-16,24-25H,17-19H2,1H3,(H,28,30)(H,29,31)/t24-,25-/m0/s1",UBQCFEASTTXIKB-DQEYMECFSA-N,瞿麦
DISU-085,2-[(2-羟基苯甲酰基)氨基]-4-甲氧基苯甲酸,2-[(2-Hydroxybenzoyl)amino]-4-methoxybenzoic acid,93289-90-8,287.271,C15H13NO5,,酚酸,O=C(C1=CC=CC=C1O)NC2=CC(OC)=CC=C2C(O)=O,"InChI=1S/C15H13NO5/c1-21-9-6-7-10(15(19)20)12(8-9)16-14(18)11-4-2-3-5-13(11)17/h2-8,17H,1H3,(H,16,18)(H,19,20)",CMFFISYKULRPFB-UHFFFAOYSA-N,瞿麦
DISU-086,"2-[(2,4-二羟基苯甲酰基)胺基]-4-甲氧基-苯甲酸","2‑[(2,4‑Dihydroxybenzoyl) amino]‑4‑methoxy‑benzoic acid",115610-39-4,303.27,C15H13NO6,,酚酸,O=C(C1=C(O)C=C(O)C=C1)NC2=CC(OC)=CC=C2C(O)=O,"InChI=1S/C15H13NO6/c1-22-9-3-5-10(15(20)21)12(7-9)16-14(19)11-4-2-8(17)6-13(11)18/h2-7,17-18H,1H3,(H,16,19)(H,20,21)",GLXWWDVTVBGZGZ-UHFFFAOYSA-N,瞿麦
DISU-087,橙黄胡椒酰胺,Aurantiamide,58115-31-4,402.494,C25H26N2O3,,苯丙素类,OC[C@@H](NC([C@H](CC1=CC=CC=C1)NC(C2=CC=CC=C2)=O)=O)CC3=CC=CC=C3,"InChI=1S/C25H26N2O3/c28-18-22(16-19-10-4-1-5-11-19)26-25(30)23(17-20-12-6-2-7-13-20)27-24(29)21-14-8-3-9-15-21/h1-15,22-23,28H,16-18H2,(H,26,30)(H,27,29)/t22-,23-/m0/s1",KSVKECXWDNCRTM-GOTSBHOMSA-N,瞿麦
DISU-088,灰绿曲霉酰胺,Aurantiamide acetate,56121-42-7,444.531,C27H28N2O4,,苯丙素类,O=C(N[C@H](CC1=CC=CC=C1)C(N[C@H](CC2=CC=CC=C2)COC(C)=O)=O)C3=CC=CC=C3,"InChI=1S/C27H28N2O4/c1-20(30)33-19-24(17-21-11-5-2-6-12-21)28-27(32)25(18-22-13-7-3-8-14-22)29-26(31)23-15-9-4-10-16-23/h2-16,24-25H,17-19H2,1H3,(H,28,32)(H,29,31)/t24-,25-/m1/s1",VZPAURMDJZOGHU-JWQCQUIFSA-N,瞿麦
DISU-089,对甲氧基苯基丙酮,4-Methoxyphenylacetone,122-84-9,164.204,C10H12O2,,其他,CC(CC1=CC=C(OC)C=C1)=O,"InChI=1S/C10H12O2/c1-8(11)7-9-3-5-10(12-2)6-4-9/h3-6H,7H2,1-2H3",WFWKNGZODAOLEO-UHFFFAOYSA-N,瞿麦
DISU-090,东莨菪内酯,Scopoletin,92-61-5,192.17, C10H8O4,,香豆素,OC1=C(OC)C=C(C=CC(O2)=O)C2=C1,"InChI=1S/C10H8O4/c1-13-9-4-6-2-3-10(12)14-8(6)5-7(9)11/h2-5,11H,1H3",RODXRVNMMDRFIK-UHFFFAOYSA-N,瞿麦
DISU-091,,3-Hydroxy-6-methoxy-2H-1-benzopyran-2-one,3450-77-9,192.17, C10H8O4,,香豆素,O=C1C(O)=CC2=CC(OC)=CC=C2O1,"InChI=1S/C10H8O4/c1-13-7-2-3-9-6(4-7)5-8(11)10(12)14-9/h2-5,11H,1H3",JCRCMXRVNODTHE-UHFFFAOYSA-N,瞿麦
DISU-092,表松脂酚,Epipinoresinol,24404-50-0,358.39,C20H22O6,,萜类,OC1=CC=C([C@H]2[C@](CO[C@@H]3C4=CC(OC)=C(O)C=C4)([H])[C@]3([H])CO2)C=C1OC,"InChI=1S/C20H22O6/c1-23-17-7-11(3-5-15(17)21)19-13-9-26-20(14(13)10-25-19)12-4-6-16(22)18(8-12)24-2/h3-8,13-14,19-22H,9-10H2,1-2H3/t13-,14-,19-,20+/m0/s1",HGXBRUKMWQGOIE-WZBLMQSHSA-N,瞿麦
DISU-093,松脂酚,Pinoresinol,487-36-5,358.39,C20H22O6,,萜类,OC1=CC=C([C@H]2[C@@](CO[C@H]3C4=CC(OC)=C(O)C=C4)([H])[C@@]3([H])CO2)C=C1OC,"InChI=1S/C20H22O6/c1-23-17-7-11(3-5-15(17)21)19-13-9-26-20(14(13)10-25-19)12-4-6-16(22)18(8-12)24-2/h3-8,13-14,19-22H,9-10H2,1-2H3/t13-,14-,19+,20+/m1/s1",HGXBRUKMWQGOIE-NSMLZSOPSA-N,瞿麦
DISU-094,,Prinsepiol,82667-99-0,390.388, C20H22O8,,萜类,OC1=CC=C([C@@H]2[C@](CO[C@@H]3C4=CC(OC)=C(O)C=C4)(O)[C@]3(O)CO2)C=C1OC,"InChI=1S/C20H22O8/c1-25-15-7-11(3-5-13(15)21)17-19(23)9-28-18(20(19,24)10-27-17)12-4-6-14(22)16(8-12)26-2/h3-8,17-18,21-24H,9-10H2,1-2H3/t17-,18-,19+,20+/m1/s1",IUWMJMIMXOEDKV-ZRNYENFQSA-N,瞿麦
DISU-095,5'-甲氧基松脂素,Medioresinol,74465-40-0,388.416,C21H24O7,,萜类,OC1=CC=C([C@H]2[C@@](CO[C@H]3C4=CC(OC)=C(O)C(OC)=C4)([H])[C@@]3([H])CO2)C=C1OC,"InChI=1S/C21H24O7/c1-24-16-6-11(4-5-15(16)22)20-13-9-28-21(14(13)10-27-20)12-7-17(25-2)19(23)18(8-12)26-3/h4-8,13-14,20-23H,9-10H2,1-3H3/t13-,14-,20+,21+/m1/s1",VJOBNGRIBLNUKN-HANNOOJCSA-N,瞿麦
DISU-096,(+)-丁香树脂酚,(+)-Syringaresinol,21453-69-0,418.442,C22H26O8,,萜类,OC1=CC=C([C@H]2[C@@](CO[C@H]3C4=CC(OC)=C(O)C(OC)=C4)([H])[C@@]3([H])CO2)C=C1OC,"InChI=1S/C21H24O7/c1-24-16-6-11(4-5-15(16)22)20-13-9-28-21(14(13)10-27-20)12-7-17(25-2)19(23)18(8-12)26-3/h4-8,13-14,20-23H,9-10H2,1-3H3/t13-,14-,20+,21+/m1/s1",VJOBNGRIBLNUKN-HANNOOJCSA-N,瞿麦
DISU-097,去氢双松柏醇,Dehydrodiconiferyl alcohol,4263-87-0,358.39,C20H22O6,,酚酸,OCC1C(C2=CC(OC)=C(O)C=C2)OC3=C(OC)C=C(/C=C/CO)C=C31,"InChI=1S/C20H22O6/c1-24-17-10-13(5-6-16(17)23)19-15(11-22)14-8-12(4-3-7-21)9-18(25-2)20(14)26-19/h3-6,8-10,15,19,21-23H,7,11H2,1-2H3/b4-3+",KUSXBOZNRPQEON-ONEGZZNKSA-N,瞿麦
DISU-098,羟基二氢博伏内酯,Hydoxydihydrobovolide,124097-54-7,198.262,C11H18O3,,挥发油,CC(C(CCCCC)(O)O1)=C(C)C1=O,"InChI=1S/C11H18O3/c1-4-5-6-7-11(13)9(3)8(2)10(12)14-11/h13H,4-7H2,1-3H3",VJZWZDQDXPADSE-UHFFFAOYSA-N,瞿麦
DISU-099,叶醇,cis‑3‑Hexen‑1‑ol,928-96-1,100.161,C6H12O,,其他,CC/C=C\CCO,"InChI=1S/C6H12O/c1-2-3-4-5-6-7/h3-4,7H,2,5-6H2,1H3/b4-3-",UFLHIIWVXFIJGU-ARJAWSKDSA-N,瞿麦
DISU-100,乙苯,Ethylbenzene,100-41-4,106.168,C8H10,,其他,CCC1=CC=CC=C1,"InChI=1S/C8H10/c1-2-8-6-4-3-5-7-8/h3-7H,2H2,1H3",YNQLUTRBYVCPMQ-UHFFFAOYSA-N,瞿麦
DISU-101,正己醇,1-Hexanol,111-27-3,102.177,C6H14O,,其他,OCCCCCC,"InChI=1S/C6H14O/c1-2-3-4-5-6-7/h7H,2-6H2,1H3",ZSIAUFGUXNUGDI-UHFFFAOYSA-N,瞿麦
DISU-102,山梨酸,Sorbic Acid,110-44-1,112.128,C6H8O2,,其他,C/C=C/C=C/C(O)=O,"InChI=1S/C6H8O2/c1-2-3-4-5-6(7)8/h2-5H,1H3,(H,7,8)/b3-2+,5-4+",WSWCOQWTEOXDQX-MQQKCMAXSA-N,瞿麦
DISU-103,苯甲醛, Benzaldehyde,100-52-7,106.124,C7H6O,,挥发油,O=CC1=CC=CC=C1,InChI=1S/C7H6O/c8-6-7-4-2-1-3-5-7/h1-6H,HUMNYLRZRPPJDN-UHFFFAOYSA-N,瞿麦
DISU-104,正庚醇,Heptan-1-ol,111-70-6,116.204,C7H16O,,其他,CCCCCCCO,"InChI=1S/C7H16O/c1-2-3-4-5-6-7-8/h8H,2-7H2,1H3",BBMCTIGTTCKYKF-UHFFFAOYSA-N,瞿麦
DISU-105,1-辛烯-3-醇 ,1-Octen-3-ol,3391-86-4,128.215,C8H16O,,其他,CCCCCC(O)C=C,"InChI=1S/C8H16O/c1-3-5-6-7-8(9)4-2/h4,8-9H,2-3,5-7H2,1H3",VSMOENVRRABVKN-UHFFFAOYSA-N,瞿麦
DISU-106,6-甲基-5-庚烯-2-酮,6‑Methyl‑5‑hepten‑2‑one,110-93-0,126.199,C8H14O,,其他,C/C(C)=C/CCC(C)=O,"InChI=1S/C8H14O/c1-7(2)5-4-6-8(3)9/h5H,4,6H2,1-3H3",UHEPJGULSIKKTP-UHFFFAOYSA-N,瞿麦
DISU-107,6-甲基-5-庚烯-2-醇,6-Methyl-5-hepten-2-ol,1569-60-4,128.215,C8H16O,,其他,CC(O)CC/C=C(C)/C,"InChI=1S/C8H16O/c1-7(2)5-4-6-8(3)9/h5,8-9H,4,6H2,1-3H3",OHEFFKYYKJVVOX-UHFFFAOYSA-N,瞿麦
DISU-108,2-苯基乙醛, Phenylacetaldehyde,122-78-1,120.151,C8H8O,,挥发油,O=CCC1=CC=CC=C1,"InChI=1S/C8H8O/c9-7-6-8-4-2-1-3-5-8/h1-5,7H,6H2",DTUQWGWMVIHBKE-UHFFFAOYSA-N,瞿麦
DISU-109,对甲基苯甲醛,p-Tolualdehyde,104-87-0,120.151,C8H8O,,挥发油,CC1=CC=C(C=O)C=C1,"InChI=1S/C8H8O/c1-7-2-4-8(6-9)5-3-7/h2-6H,1H3",FXLOVSHXALFLKQ-UHFFFAOYSA-N,瞿麦
DISU-110,正辛醇,1-Octanol,111-87-5,130.231, C8H18O,,挥发油,OCCCCCCCC,"InChI=1S/C8H18O/c1-2-3-4-5-6-7-8-9/h9H,2-8H2,1H3",KBPLFHHGFOOTCA-UHFFFAOYSA-N,瞿麦
DISU-111,"(E,E)-3,5-辛二烯-2-酮","(E,E)‑3,5‑octadien‑2‑one",30086-02-3,124.183,C8H12O,,其他,CC/C=C/C=C/C(C)=O,"InChI=1S/C8H12O/c1-3-4-5-6-7-8(2)9/h4-7H,3H2,1-2H3/b5-4+,7-6+",LWRKMRFJEUFXIB-YTXTXJHMSA-N,瞿麦
DISU-112,芳樟醇, Linalool,78-70-6,154.253, C10H18O,,其他,C=CC(O)(C)CC/C=C(C)/C,"InChI=1S/C10H18O/c1-5-10(4,11)8-6-7-9(2)3/h5,7,11H,1,6,8H2,2-4H3",CDOSHBSSFJOMGT-UHFFFAOYSA-N,瞿麦
DISU-113,1-(2-甲基环戊-1-烯-1-基)乙酮,1-(2-Methyl-1-cyclopentenyl)ethanone,3168-90-9,124.18,C8H12O,,挥发油,CC(C1=C(C)CCC1)=O,"InChI=1S/C8H12O/c1-6-4-3-5-8(6)7(2)9/h3-5H2,1-2H3",HDURLXYBKGWETC-UHFFFAOYSA-N,瞿麦
DISU-114,1-壬醛,1-Nonanal,124-19-6,142.242,C9H18O,,挥发油,O=CCCCCCCCC,"InChI=1S/C9H18O/c1-2-3-4-5-6-7-8-9-10/h9H,2-8H2,1H3",GYHFUZHODSMOHU-UHFFFAOYSA-N,瞿麦
DISU-115,1-壬醇,1-Nonanol,143-08-8,144.258,C9H20O,,挥发油,OCCCCCCCCC,"InChI=1S/C9H20O/c1-2-3-4-5-6-7-8-9-10/h10H,2-9H2,1H3",ZWRUINPWMLAQRD-UHFFFAOYSA-N,瞿麦
DISU-116,癸醛,Decanal,112-31-2,156.269,C10H20O,,挥发油,O=CCCCCCCCCC,"InChI=1S/C10H20O/c1-2-3-4-5-6-7-8-9-10-11/h10H,2-9H2,1H3",KSMVZQYAVGTKIV-UHFFFAOYSA-N,瞿麦
DISU-117,癸醇,Decanol,36729-58-5,158.285,C10H22O,,挥发油,OCCCCCCCCCC,"InChI=1S/C10H22O/c1-2-3-4-5-6-7-8-9-10-11/h11H,2-10H2,1H3",MWKFXSUHUHTGQN-UHFFFAOYSA-N,瞿麦
DISU-118,α-松油醇,α-Terpineol,98-55-5,154.253,C10H18O,,单萜类,CC1=CCC(C(O)(C)C)CC1,"InChI=1S/C10H18O/c1-8-4-6-9(7-5-8)10(2,3)11/h4,9,11H,5-7H2,1-3H3",WUOACPNHFRMFPN-UHFFFAOYSA-N,瞿麦
DISU-119,α-环柠檬醛,α-Cyclocitral,432-24-6,152.237,C10H16O,,单萜类,CC1=C(C=O)C(C)(C)CCC1,"InChI=1S/C10H16O/c1-8-5-4-6-10(2,3)9(8)7-11/h7H,4-6H2,1-3H3",MOQGCGNUWBPGTQ-UHFFFAOYSA-N,瞿麦
DISU-120,乙酸菊烯酯, cis‑Chrysanthenylacetate,54324-99-1,194.27,C12H18O2,,单萜类,CC1=CC[C@H]2[C@@H](OC(C)=O)[C@@H]1C2(C)C,"InChI=1S/C12H18O2/c1-7-5-6-9-11(14-8(2)13)10(7)12(9,3)4/h5,9-11H,6H2,1-4H3/t9-,10+,11+/m0/s1",UASZOTVHPVEMQR-HBNTYKKESA-N,瞿麦
DISU-121,茴香脑,trans-Anethole,4180-23-8,148.205,C10H12O,,苯丙素类,C/C=C/C1=CC=C(OC)C=C1,"InChI=1S/C10H12O/c1-3-4-9-5-7-10(11-2)8-6-9/h3-8H,1-2H3/b4-3+",RUVINXPYWBROJD-ONEGZZNKSA-N,瞿麦
DISU-122,α-大马酮,α‑Damascenone,23696-85-7,190.286,C13H18O,,其他,CC1=C(C(/C=C/C)=O)C(C)(C)CC=C1,"InChI=1S/C13H18O/c1-5-7-11(14)12-10(2)8-6-9-13(12,3)4/h5-8H,9H2,1-4H3/b7-5+",POIARNZEYGURDG-FNORWQNLSA-N,瞿麦
DISU-123,"6,10-二甲基十一烷-2-酮","6,10-Dimethyl-2-undecanone",1604-34-8,198.345,C13H26O,,其他,CC(C)CCCC(C)CCCC(C)=O,"InChI=1S/C13H26O/c1-11(2)7-5-8-12(3)9-6-10-13(4)14/h11-12H,5-10H2,1-4H3",RBGLEUBCAJNCTR-UHFFFAOYSA-N,瞿麦
DISU-124,香叶基丙酮,Geranyl acetone,3796-70-1,194.313,C13H22O,,其他,C/C(C)=C/CC/C(C)=C/CCC(C)=O,"InChI=1S/C13H22O/c1-11(2)7-5-8-12(3)9-6-10-13(4)14/h7,9H,5-6,8,10H2,1-4H3/b12-9+",HNZUNIKWNYHEJJ-FMIVXFBMSA-N,瞿麦
DISU-125,"2,6,10-三甲基十四烷","2,6,10-Trimethyltetradecane",14905-56-7,240.468,C17H36,,挥发油,CC(C)CCCC(C)CCCC(C)CCCC,"InChI=1S/C17H36/c1-6-7-11-16(4)13-9-14-17(5)12-8-10-15(2)3/h15-17H,6-14H2,1-5H3",IMTCMWSWXFQQDL-UHFFFAOYSA-N,瞿麦
DISU-126,β-紫罗兰酮,β-Ionone,14901-07-6,192.297,C13H20O,,其他,CC1=CCCC(C)(C)C1/C=C/C(C)=O,"InChI=1S/C13H20O/c1-10-6-5-9-13(3,4)12(10)8-7-11(2)14/h6-8,12H,5,9H2,1-4H3/b8-7+",UZFLPKAIBPNNCA-BQYQJAHWSA-N,瞿麦
DISU-127,"3,7,11-三甲基-1-十二醇","3,7,11-Trimethyl-1-dodecanol",6750-34-1,228.414,C15H32O,,挥发油,CC(C)CCCC(C)CCCC(C)CCO,"InChI=1S/C15H32O/c1-13(2)7-5-8-14(3)9-6-10-15(4)11-12-16/h13-16H,5-12H2,1-4H3",HDPUXESLSOZSIB-UHFFFAOYSA-N,瞿麦
DISU-128,2-甲基十六-1-醇,2‑Methylhexadecan‑1‑ol,2490-48-4,256.467,C17H36O,,挥发油,CCCCCCCCCCCCCCC(C)CO,"InChI=1S/C17H36O/c1-3-4-5-6-7-8-9-10-11-12-13-14-15-17(2)16-18/h17-18H,3-16H2,1-2H3",FCSBKDJGLIURSH-UHFFFAOYSA-N,瞿麦
DISU-129,"6,10,14-三甲基-2-十五酮","6,10,14-Trimethyl-2-pentadecanone",502-69-2,268.485,C18H36O,,其他,CC(C)CCCC(C)CCCC(C)CCCC(C)=O,"InChI=1S/C18H36O/c1-15(2)9-6-10-16(3)11-7-12-17(4)13-8-14-18(5)19/h15-17H,6-14H2,1-5H3",WHWDWIHXSPCOKZ-UHFFFAOYSA-N,瞿麦
DISU-130,法尼基丙酮,Farnesylacetone,1117-52-8,262.437,C18H30O,,其他,C/C(C)=C/CC/C(C)=C/CC/C(C)=C/CCC(C)=O,"InChI=1S/C18H30O/c1-15(2)9-6-10-16(3)11-7-12-17(4)13-8-14-18(5)19/h9,11,13H,6-8,10,12,14H2,1-5H3/b16-11+,17-13+",LTUMRKDLVGQMJU-IUBLYSDUSA-N,瞿麦
DISU-131,棕榈酸,Palmitic acid,57-10-3、,256.43,C16H32O2,,脂肪酸,CCCCCCCCCCCCCCCC(O)=O,"InChI=1S/C16H32O2/c1-2-3-4-5-6-7-8-9-10-11-12-13-14-15-16(17)18/h2-15H2,1H3,(H,17,18)",IPCSVZSSVZVIGE-UHFFFAOYSA-N,瞿麦
DISU-132,植物醇,cis‑Phytol,5492-30-8,296.531,C20H40O,,其他,CC(C)CCCC(C)CCCC(C)CCC/C(C)=C\CO,"InChI=1S/C20H40O/c1-17(2)9-6-10-18(3)11-7-12-19(4)13-8-14-20(5)15-16-21/h15,17-19,21H,6-14,16H2,1-5H3/b20-15-",BOTWFXYSPFMFNR-HKWRFOASSA-N,瞿麦
DISU-133,反式-4-甲氧基肉桂酸,trans-4-Methoxycinnamic acid,943-89-5,178.187,C10H10O3,,苯丙素类,COC1=CC=C(/C=C/C(O)=O)C=C1,"InChI=1S/C10H10O3/c1-13-9-5-2-8(3-6-9)4-7-10(11)12/h2-7H,1H3,(H,11,12)/b7-4+",AFDXODALSZRGIH-QPJJXVBHSA-N,瞿麦
DISU-134,3-甲氧基-4-羟基苯乙醇,3‑Methoxy‑4‑hydroxyphenylethanol,2380-78-1,168.192,C9H12O3,,酚酸,OCCC1=CC=C(O)C(OC)=C1,"InChI=1S/C9H12O3/c1-12-9-6-7(4-5-10)2-3-8(9)11/h2-3,6,10-11H,4-5H2,1H3",XHUBSJRBOQIZNI-UHFFFAOYSA-N,瞿麦
DISU-135,黑麦草内酯,Loliolide,5989-02-6、,196.243,C11H16O3,,其他,OC1CC(C)(C)C(C2(C)C1)=CC(O2)=O,"InChI=1S/C11H16O3/c1-10(2)5-7(12)6-11(3)8(10)4-9(13)14-11/h4,7,12H,5-6H2,1-3H3",XEVQXKKKAVVSMW-UHFFFAOYSA-N,瞿麦
DISU-136,1-棕榈酸单甘油酯,1-Monopalmitin,542-44-9,330.503,C19H38O4,,挥发油,CCCCCCCCCCCCCCCC(OCC(O)CO)=O,"InChI=1S/C19H38O4/c1-2-3-4-5-6-7-8-9-10-11-12-13-14-15-19(22)23-17-18(21)16-20/h18,20-21H,2-17H2,1H3",QHZLMUACJMDIAE-UHFFFAOYSA-N,瞿麦
DISU-137,"2,4-二甲基己烷","2,4‑Dimethylhexane",589-43-5,114.229,C8H18,,挥发油,CCC(C)CC(C)C,"InChI=1S/C8H18/c1-5-8(4)6-7(2)3/h7-8H,5-6H2,1-4H3",HDGQICNBXPAKLR-UHFFFAOYSA-N,瞿麦
DISU-138,"2,4-二叔丁基酚","2,4‑Di‑tert‑butylphenol",96-76-4,206.324,C14H22O,,其他,OC1=CC=C(C(C)(C)C)C=C1C(C)(C)C,"InChI=1S/C14H22O/c1-13(2,3)10-7-8-12(15)11(9-10)14(4,5)6/h7-9,15H,1-6H3",ICKWICRCANNIBI-UHFFFAOYSA-N,瞿麦
DISU-139,12-甲基十三烷酸甲酯,Methyl 12-methyltridecanoate,5129-58-8,242.403,C15H30O2,,挥发油,CC(C)CCCCCCCCCCC(OC)=O,"InChI=1S/C15H30O2/c1-14(2)12-10-8-6-4-5-7-9-11-13-15(16)17-3/h14H,4-13H2,1-3H3",FLESKWMKPOBWDE-UHFFFAOYSA-N,瞿麦
DISU-140,正十四烷,Tetradecane,629-59-4,198.394,C14H30,,挥发油,CCCCCCCCCCCCCC,"InChI=1S/C14H30/c1-3-5-7-9-11-13-14-12-10-8-6-4-2/h3-14H2,1-2H3",BGHCVCJVXZWKCC-UHFFFAOYSA-N,瞿麦
DISU-141,13-甲基十五烷酸甲酯,Methyl 13‑methylpentadecanoate,5487-50-3,270.457,C17H34O2,,挥发油,CCC(C)CCCCCCCCCCCC(OC)=O,"InChI=1S/C17H34O2/c1-4-16(2)14-12-10-8-6-5-7-9-11-13-15-17(18)19-3/h16H,4-15H2,1-3H3",FRGDXZRZDAJTOU-UHFFFAOYSA-N,瞿麦
DISU-142,异植物醇,Isophytol,505-32-8,296.539, C20H40O,,其他,CC(C)CCCC(C)CCCC(C)CCCC(O)(C)C=C,"InChI=1S/C20H40O/c1-7-20(6,21)16-10-15-19(5)14-9-13-18(4)12-8-11-17(2)3/h7,17-19,21H,1,8-16H2,2-6H3",KEVYVLWNCKMXJX-UHFFFAOYSA-N,瞿麦
DISU-143,异硬脂酸甲酯, 16‑Methylheptadecanoic acid methyl ester,5129-61-3,298.504,C19H38O2,,挥发油,CC(C)CCCCCCCCCCCCCCC(OC)=O,"InChI=1S/C19H38O2/c1-18(2)16-14-12-10-8-6-4-5-7-9-11-13-15-17-19(20)21-3/h18H,4-17H2,1-3H3",KDQIFKKWPMBNOH-UHFFFAOYSA-N,瞿麦
DISU-144,"2,4-二甲基苯甲醛","2,4‑Dimethylbenzaldehyde",15764-16-6,134.178,C9H10O,,挥发油,CC1=CC=C(C=O)C(C)=C1,"InChI=1S/C9H10O/c1-7-3-4-9(6-10)8(2)5-7/h3-6H,1-2H3",GISVICWQYMUPJF-UHFFFAOYSA-N,瞿麦
DISU-145,"2,4,6-三甲基辛烷","2,4,6-Trimethyl octane",62016-37-9,156.313,C11H24,,挥发油,CCC(C)CC(C)CC(C)C,"InChI=1S/C11H24/c1-6-10(4)8-11(5)7-9(2)3/h9-11H,6-8H2,1-5H3",XHNIFDXYGLPJLP-UHFFFAOYSA-N,瞿麦
DISU-146,2-甲基癸烷, 2‑Methyldecane,6975-98-0,156.313, C11H24,,挥发油,CCCCCCCCC(C)C,"InChI=1S/C11H24/c1-4-5-6-7-8-9-10-11(2)3/h11H,4-10H2,1-3H3",CNPVJWYWYZMPDS-UHFFFAOYSA-N,瞿麦
DISU-147,"2,6,11-三甲基十二烷","2,6,11‑Trimethyldodecane",31295-56-4,212.421,C15H32,,挥发油,CC(C)CCCC(C)CCCCC(C)C,"InChI=1S/C15H32/c1-13(2)9-6-7-11-15(5)12-8-10-14(3)4/h13-15H,6-12H2,1-5H3",FONXOARHSFUBAN-UHFFFAOYSA-N,瞿麦
DISU-148,"2,6-二叔丁基苯酚","2,6-Di-tert-butylphenol",19126-15-9,206.329,C14H22O,,其他,OC1=C(C(C)(C)C)C=CC=C1C(C)(C)C,"InChI=1S/C14H22O/c1-13(2,3)10-8-7-9-11(12(10)15)14(4,5)6/h7-9,15H,1-6H3",DKCPKDPYUFEZCP-UHFFFAOYSA-N,瞿麦
DISU-149,"3-(3,5-二叔丁基-4-羟基苯基)丙酸甲酯","Methyl‑3‑(3,5‑di‑tert‑butyl‑4‑hydroxyphenyl) propionate",6386-38-5,292.419,C18H28O3,,苯丙素类,CC(C)(C)C1=CC(CCC(OC)=O)=CC(C(C)(C)C)=C1O,"InChI=1S/C18H28O3/c1-17(2,3)13-10-12(8-9-15(19)21-7)11-14(16(13)20)18(4,5)6/h10-11,20H,8-9H2,1-7H3",PXMJCECEFTYEKE-UHFFFAOYSA-N,瞿麦
DISU-150,油酸酰胺,Oleamide,301-02-0,281.484,C18H35NO,,其他,CCCCCCCC/C=C\CCCCCCCC(N)=O,"InChI=1S/C18H35NO/c1-2-3-4-5-6-7-8-9-10-11-12-13-14-15-16-17-18(19)20/h9-10H,2-8,11-17H2,1H3,(H2,19,20)/b10-9-",FATBGEAMYMYZAF-KTKRTIGZSA-N,瞿麦
DISU-151,"(E,E)-2,4-壬二烯","(E,E)-2,4-Nonadiene",56700-78-8,124.227,C9H16,,其他,C/C=C/C=C/CCCC,"InChI=1S/C9H16/c1-3-5-7-9-8-6-4-2/h3,5,7,9H,4,6,8H2,1-2H3/b5-3+,9-7+",HKEBYUNPANBGPL-WJDMQLPWSA-N,瞿麦
DISU-152,"7,9-二叔丁基-1-氧杂螺[4.5]癸-6,9-二烯-2,8-二酮","7,9-Di-tert-butyl-1-oxaspiro[4,5]deca-6,9-diene-2,8-dione",82304-66-3,276.376,C17H24O3,,萜类,CC(C)(C)C1=CC(O2)(C=C(C(C)(C)C)C1=O)CCC2=O,"InChI=1S/C17H24O3/c1-15(2,3)11-9-17(8-7-13(18)20-17)10-12(14(11)19)16(4,5)6/h9-10H,7-8H2,1-6H3",ZTMZUYHXZPUDRF-UHFFFAOYSA-N,瞿麦
DISU-153,"11,13-二甲基-12-十四烯-1-醇乙酸酯","11,13‑dimethyl‑12‑tetradecene‑1‑ol acetate",400037-00-5,282.468,C18H34O2,,其他,CC(OCCCCCCCCCCC(C)/C=C(C)/C)=O,"InChI=1S/C18H34O2/c1-16(2)15-17(3)13-11-9-7-5-6-8-10-12-14-20-18(4)19/h15,17H,5-14H2,1-4H3",MNUWBCKALSZWEW-UHFFFAOYSA-N,瞿麦
DISU-154,(±)-去氢伏马醇,(±)-Dehydrovomifoliol,7070-24-8,222.284,C13H18O3,,萜类,CC1=CC(CC(C)(C)C1(/C=C/C(C)=O)O)=O,"InChI=1S/C13H18O3/c1-9-7-11(15)8-12(3,4)13(9,16)6-5-10(2)14/h5-7,16H,8H2,1-4H3/b6-5+",JJRYPZMXNLLZFH-AATRIKPKSA-N,瞿麦
DISU-155,邻苯二甲酸二丁酯,Dibutyl phthalate,84-74-2,278.348,C16H22O4,,其他,CCCCOC(C1=CC=CC=C1C(OCCCC)=O)=O,"InChI=1S/C16H22O4/c1-3-5-11-19-15(17)13-9-7-8-10-14(13)16(18)20-12-6-4-2/h7-10H,3-6,11-12H2,1-2H3",DOIRQSBPFJWKBE-UHFFFAOYSA-N,瞿麦
DISU-156,4-甲基十一烷酮,4‑Methyl‑1‑undecanone,943126-30-5,184.323,C12H24O,,其他,CCCCCCCC(C)CCC=O,"InChI=1S/C12H24O/c1-3-4-5-6-7-9-12(2)10-8-11-13/h11-12H,3-10H2,1-2H3",FVIGGGIAVKGMKI-UHFFFAOYSA-N,瞿麦
DISU-157,"3,3-二甲基己烷","3,3‑Dimethylhexane",563-16-6,114.232, C8H18,,挥发油,CCCC(C)(C)CC,"InChI=1S/C8H18/c1-5-7-8(3,4)6-2/h5-7H2,1-4H3",KUMXLFIBWFCMOJ-UHFFFAOYSA-N,瞿麦
DISU-158,2-乙基-1-庚醇,2-ethylheptan-1-ol,817-60-7,144.258,C9H20O,,其他,CCCCCC(CC)CO,"InChI=1S/C9H20O/c1-3-5-6-7-9(4-2)8-10/h9-10H,3-8H2,1-2H3",QNJAZNNWHWYOEO-UHFFFAOYSA-N,瞿麦
DISU-159,正戊醇,Pentanol,71-41-0,88.15,C5H12O,,其他,OCCCCC,"InChI=1S/C5H12O/c1-2-3-4-5-6/h6H,2-5H2,1H3",AMQJEAYHLZJPGS-UHFFFAOYSA-N,瞿麦
DISU-160,2-戊基呋喃,2-Amylfuran,3777-69-3,138.21,C9H14O,,其他,CCCCCC1=CC=CO1,"InChI=1S/C9H14O/c1-2-3-4-6-9-7-5-8-10-9/h5,7-8H,2-4,6H2,1H3",YVBAUDVGOFCUSG-UHFFFAOYSA-N,瞿麦
DISU-161,4-甲基二十二烷,4-Methyldocosane,25117-30-0,324.637,C23H48,,挥发油,CCCC(C)CCCCCCCCCCCCCCCCCC,"InChI=1S/C23H48/c1-4-6-7-8-9-10-11-12-13-14-15-16-17-18-19-20-22-23(3)21-5-2/h23H,4-22H2,1-3H3",ATAWCABZIRDUSP-UHFFFAOYSA-N,瞿麦
DISU-162,1-十六烯,1‑Hexadecene,629-73-2,224.432, C16H32,,其他,C=CCCCCCCCCCCCCCC,"InChI=1S/C16H32/c1-3-5-7-9-11-13-15-16-14-12-10-8-6-4-2/h3H,1,4-16H2,2H3",GQEZCXVZFLOKMC-UHFFFAOYSA-N,瞿麦
DISU-163,顺-7-癸烯醛,cis‑7‑Decene aldehyde,21661-97-2,154.253,C10H18O,,挥发油,O=CCCCCC/C=C\CC,"InChI=1S/C10H18O/c1-2-3-4-5-6-7-8-9-10-11/h3-4,10H,2,5-9H2,1H3/b4-3-",UZFFFFWQKMPLAC-ARJAWSKDSA-N,瞿麦
DISU-164,"2,6-二叔丁基苯醌","2,6‑Di‑tert‑butyl‑p‑benzoquinone",719-22-2,220.312,C14H20O2,,醌类,O=C(C(C(C)(C)C)=C1)C(C(C)(C)C)=CC1=O,"InChI=1S/C14H20O2/c1-13(2,3)10-7-9(15)8-11(12(10)16)14(4,5)6/h7-8H,1-6H3",RDQSIADLBQFVMY-UHFFFAOYSA-N,瞿麦
DISU-165,"1,9-二甲氧基壬烷","1,9-dimethoxynonane",91337-21-2,188.311,C11H24O2,,其他,COCCCCCCCCCOC,"InChI=1S/C11H24O2/c1-12-10-8-6-4-3-5-7-9-11-13-2/h3-11H2,1-2H3",GXGHXTUSAJHVBB-UHFFFAOYSA-N,瞿麦
DISU-166,菲,Phenanthrene,"	85-01-8、",178.234,C14H10,,其他,C12=CC=CC=C1C3=C(C=CC=C3)C=C2,InChI=1S/C14H10/c1-3-7-13-11(5-1)9-10-12-6-2-4-8-14(12)13/h1-10H,YNPNZTXNASCQKK-UHFFFAOYSA-N,瞿麦
DISU-167,2-(1H-咪唑-1-基)-1-(4-甲氧基苯基)-1-十二酮,2‑(1H‑imidazol‑1‑yl)‑1‑(4‑methoxyphenyl)‑1‑dodecanone,361445-01-4,356.51,C22H32N2O2,,生物碱,CCCCCCCCCCC(N1C=NC=C1)C(C2=CC=C(OC)C=C2)=O,"InChI=1S/C22H32N2O2/c1-3-4-5-6-7-8-9-10-11-21(24-17-16-23-18-24)22(25)19-12-14-20(26-2)15-13-19/h12-18,21H,3-11H2,1-2H3",KVWYZVYPBNDCNZ-UHFFFAOYSA-N,瞿麦
DISU-168,2-仲丁基环戊酮,2‑Sec‑butyl Cyclopentanone,6376-92-7,140.226,C9H16O,,其他,O=C1CCCC1C(C)CC,"InChI=1S/C9H16O/c1-3-7(2)8-5-4-6-9(8)10/h7-8H,3-6H2,1-2H3",WVPBKXPDHMXIKD-UHFFFAOYSA-N,瞿麦
DISU-169,"3,4-环氧四氢呋喃","3,4‑Epoxytetrahydrofuran",285-69-8,86.09,C4H6O2,,其他,C12COCC1O2,"InChI=1S/C4H6O2/c1-3-4(6-3)2-5-1/h3-4H,1-2H2",AIUTZIYTEUMXGG-UHFFFAOYSA-N,瞿麦
DISU-170,1-(4-溴丁基)-2-哌啶酮,1-(4-Bromobutyl)-2-piperidinone,195194-80-0,234.137,C9H16BrNO,,生物碱,BrCCCCN(CCCC1)C1=O,InChI=1S/C9H16BrNO/c10-6-2-4-8-11-7-3-1-5-9(11)12/h1-8H2,OBYSASJZICHTJD-UHFFFAOYSA-N,瞿麦
DISU-171,2-己基-1-n-辛醇,2-Hexyl-1-n-octanol,19780-79-1,214.393,C14H30O,,其他,CCCCCCC(CO)CCCCCC,"InChI=1S/C14H30O/c1-3-5-7-9-11-14(13-15)12-10-8-6-4-2/h14-15H,3-13H2,1-2H3",QNMCWJOEQBZQHB-UHFFFAOYSA-N,瞿麦
DISU-172,棕榈酸甲酯,Methyl palmitate,112-39-0,270.457,C17H34O2,,其他,CCCCCCCCCCCCCCCC(OC)=O,"InChI=1S/C17H34O2/c1-3-4-5-6-7-8-9-10-11-12-13-14-15-16-17(18)19-2/h3-16H2,1-2H3",FLIACVVOZYBSBS-UHFFFAOYSA-N,瞿麦
DISU-173,二十八烷醇,Octacosanol,557-61-9,410.759,C28H58O,,其他,OCCCCCCCCCCCCCCCCCCCCCCCCCCCC,"InChI=1S/C28H58O/c1-2-3-4-5-6-7-8-9-10-11-12-13-14-15-16-17-18-19-20-21-22-23-24-25-26-27-28-29/h29H,2-28H2,1H3",CNNRPFQICPFDPO-UHFFFAOYSA-N,瞿麦
DISU-174,"2,6-二脱氧-3-O-乙基-α-L-阿拉伯吡喃糖","2,6-Dideoxy-3-O-ethyl-α-L-arabino-hexopyranose",155179-24-1,176.212,C8H16O4,,其他,CCO[C@@H]1C[C@@H](O)O[C@H](C)[C@H]1O,"InChI=1S/C8H16O4/c1-3-11-6-4-7(9)12-5(2)8(6)10/h5-10H,3-4H2,1-2H3/t5-,6-,7+,8-/m1/s1",MXKAFWGWKGCIIB-OOJXKGFFSA-N,瞿麦
DISU-175,脱氢地芰普内酯,Dehydrololiolide,1133-04-6,194.23,C11H14O3,,其他,O=C1CC(C)(C)C([C@@]2(C)C1)=CC(O2)=O,"InChI=1S/C11H14O3/c1-10(2)5-7(12)6-11(3)8(10)4-9(13)14-11/h4H,5-6H2,1-3H3/t11-/m1/s1",DJSMGUVSIWKZJW-LLVKDONJSA-N,瞿麦
DISU-176,去氢吐叶醇,Dehydrovomifoliol,39763-33-2,222.284,C13H18O3,,萜类,CC1(C)[C@](/C=C/C(C)=O)(O)C(C)=CC(C1)=O,"InChI=1S/C13H18O3/c1-9-7-11(15)8-12(3,4)13(9,16)6-5-10(2)14/h5-7,16H,8H2,1-4H3/b6-5+/t13-/m1/s1",JJRYPZMXNLLZFH-URWSZGRFSA-N,瞿麦
DISU-177,琥珀酸,Succinic acid,110-15-6,118.088,C4H6O4,,其他,OC(CCC(O)=O)=O,"InChI=1S/C4H6O4/c5-3(6)1-2-4(7)8/h1-2H2,(H,5,6)(H,7,8)",KDYFGRWQOYBRFD-UHFFFAOYSA-N,瞿麦
DISU-178,内华依瓦菊,Parthenin,508-59-8,262.305,C15H18O4,,单萜类,O=C1C=C[C@@]([C@H](C)CC[C@@]2([H])[C@]3([H])OC(C2=C)=O)(O)[C@]13C,"InChI=1S/C15H18O4/c1-8-4-5-10-9(2)13(17)19-12(10)14(3)11(16)6-7-15(8,14)18/h6-8,10,12,18H,2,4-5H2,1,3H3/t8-,10-,12+,14-,15+/m1/s1",LLQCRTZROWMVOL-QMSFMSKCSA-N,瞿麦
DISU-179,吐叶醇,Vomifoliol,23526-45-6,224.3,C13H20O3,,单萜类,CC1(C)[C@](/C=C/[C@H](O)C)(O)C(C)=CC(C1)=O,"InChI=1S/C13H20O3/c1-9-7-11(15)8-12(3,4)13(9,16)6-5-10(2)14/h5-7,10,14,16H,8H2,1-4H3/b6-5+/t10-,13-/m1/s1",KPQMCAKZRXOZLB-KOIHBYQTSA-N,瞿麦
DISU-180,,Zhebeiresinol,151636-98-5,280.276,C14H16O6,,单萜类,OC1=C(OC)C=C([C@H]2OC[C@]3([H])[C@@]2([H])COC3=O)C=C1OC,"InChI=1S/C14H16O6/c1-17-10-3-7(4-11(18-2)12(10)15)13-8-5-20-14(16)9(8)6-19-13/h3-4,8-9,13,15H,5-6H2,1-2H3/t8-,9-,13-/m1/s1",AUXYOVQIZNPKSO-JRKPZEMJSA-N,瞿麦
DISU-181,落叶松树脂醇,Lariciresinol,27003-73-2,360.401,C20H24O6,,酚酸,OC1=C(OC)C=C([C@@H]2[C@@H](CO)[C@@H](CC3=CC(OC)=C(O)C=C3)CO2)C=C1,"InChI=1S/C20H24O6/c1-24-18-8-12(3-5-16(18)22)7-14-11-26-20(15(14)10-21)13-4-6-17(23)19(9-13)25-2/h3-6,8-9,14-15,20-23H,7,10-11H2,1-2H3/t14-,15-,20+/m0/s1",MHXCIKYXNYCMHY-AUSJPIAWSA-N,瞿麦
DISU-182,,Ixerol B,925223-90-1,226.316,C13H22O3,,单萜类,O[C@@H]1CC(C)(C)C(/C=C/[C@H](O)C)=C(C)[C@@H]1O,"InChI=1S/C13H22O3/c1-8(14)5-6-10-9(2)12(16)11(15)7-13(10,3)4/h5-6,8,11-12,14-16H,7H2,1-4H3/b6-5+/t8-,11-,12+/m1/s1",HODWUFMHAGVDJY-YDCXRDENSA-N,瞿麦
DISU-183,,Cucumegastigmanes I,929881-46-9,240.299, C13H20O4,,单萜类,O=C1CC(C)(C)[C@](/C=C/[C@H](O)CO)(O)C(C)=C1,"InChI=1S/C13H20O4/c1-9-6-11(16)7-12(2,3)13(9,17)5-4-10(15)8-14/h4-6,10,14-15,17H,7-8H2,1-3H3/b5-4+/t10-,13+/m0/s1",CNLCQYMRNGWEJB-OERKHBLVSA-N,瞿麦
DISU-184,"(6Z,9Z)-6,9-十七碳二烯","(6Z,9Z)-6,9-Heptadecadiene",133410-67-0,236.443,C17H32,,其他,CCCCC/C=C\C/C=C\CCCCCCC,"InChI=1S/C17H32/c1-3-5-7-9-11-13-15-17-16-14-12-10-8-6-4-2/h11,13,16-17H,3-10,12,14-15H2,1-2H3/b13-11-,17-16-",AGMLTHHZJKHNLS-BIXSNLIQSA-N,瞿麦
DISU-185,"(3Z,6Z,9Z)-3,6,9-十一碳三烯","(3Z,6Z,9Z)-3,6,9-Nonadecatriene",89353-62-8,262.481, C19H34,,其他,CCCCCCCCC/C=C\C/C=C\C/C=C\CC,"InChI=1S/C19H34/c1-3-5-7-9-11-13-15-17-19-18-16-14-12-10-8-6-4-2/h5,7,11,13,17,19H,3-4,6,8-10,12,14-16,18H2,1-2H3/b7-5-,13-11-,19-17-",MWNTUKOYEZXHLL-JTBMWNAQSA-N,瞿麦
DISU-186,"5-羟基-3,4-二甲基-5-戊基-2(5H)-呋喃酮","5-Hydroxy-3,4-dimethyl-5-pentyl-2(5H)-furanone",124097-54-7,198.262,C11H18O3,,挥发油,OC(C(C)=C1C)(CCCCC)OC1=O,"InChI=1S/C11H18O3/c1-4-5-6-7-11(13)9(3)8(2)10(12)14-11/h13H,4-7H2,1-3H3",VJZWZDQDXPADSE-UHFFFAOYSA-N,瞿麦
DISU-187,1-棕榈酸单甘油酯,1-Monopalmitin,542-44-9,330.509,C19H38O4,,其他,OCC(O)COC(CCCCCCCCCCCCCCC)=O,"InChI=1S/C19H38O4/c1-2-3-4-5-6-7-8-9-10-11-12-13-14-15-19(22)23-17-18(21)16-20/h18,20-21H,2-17H2,1H3",QHZLMUACJMDIAE-UHFFFAOYSA-N,瞿麦
DISU-188,丹参素钠,"3‑(3',4'‑Dihydroxyphenyl)lactic acid sodium salt",67920-52-9,220.1558, C9H9NaO5,,苯丙素类,OC1=C(O)C=CC(CC(O)C([O-])=O)=C1.[Na+],"InChI=1S/C9H10O5.Na/c10-6-2-1-5(3-7(6)11)4-8(12)9(13)14;/h1-3,8,10-12H,4H2,(H,13,14);/q;+1/p-1",ZMMKVDBZTXUHFO-UHFFFAOYSA-M,瞿麦
