编号,化合物名称,英文名称,CAS号,分子量,分子式,  2D图,化合物分类,SMILES,InChI,InChIKey,
,苯甲酸,Benzoic acid,65-85-0,122.0368,C7H6O2,,酚酸类,O=C(O)C1=CC=CC=C1,"InChI=1S/C7H6O2/c8-7(9)6-4-2-1-3-5-6/h1-5H,(H,8,9)",JXTHNDFMNIQAHM-UHFFFAOYSA-N,
,豆甾醇,Stigmasterol,83-48-7,412.3705,C29H48O,,甾体,CC(C)C1CCC2C1(C)C(O)CCC2(C)O,"InChI=1S/C15H28O2/c1-10(2)13-7-8-14-15(6-9-12(3,4)11(13)14)5-10(16)17-15/h10-11,13-16H,5-9H2,1-4H3/t10-,11+,13-,14+,15-/m1/s1",BWLJXBLBFCKQIZ-LSDHHAIUSA-N,
,齐墩果酸,Oleanolic acid,630-06-8,456.3603,C30H48O ,,三萜类,CCCCCCCCCCCCCCCC(=O)O,"InChI=1S/C16H32O2/c1-2-3-4-5-6-7-8-9-10-11-12-13-14-15-16(17)18/h2-15H2,1H3,(H,17,18)",IPCSVZSSVZVIGE-UHFFFAOYSA-N,
,胡萝卜苷,ELEUTHEROSIDE A,474-58-8,413.3783,C35H60O6,,甾体,CC1(C)C2CCC3(C)C4=C(CCC3C2C5C1C(CC5)C(O)C(C)C)C(O)CC6C4(C)C(CCC6(C)C)O[C@@H]7OC@HC@@HC@H[C@H]7O,"InChI=1S/C35H60O6/c1-20(2)31-17-19(37)16-36-35(9)18-30(8)15-29(7)13-27(5)14-28(6)12-26(4)11-25(3)10-24(34(40)41)33(39)43-32-23(38)22(21)29(35)42-32/h11,20-24,26-32,36-37H,10,12-18H2,1-9H3/t20-,21+,22+,23-,24+,26+,27+,28+,29+,30+,31+,32+,33-,34+,35-/m1/s1",NPJICTMALKLTFW-OFUAXYCQSA-N,
,齐墩果酸-28-Ｏ-β-Ｄ-吡喃葡萄糖苷,Oleanol-28-O-β-D-glucopyranoside,/,455.3525,C36H58O8,,三萜类,CC12C(CCC3(C)C2CC=C4[C@@]3(C)CCC5(C(O[glc])=O)C4CC(C)(C)CC5)C(C)(C)C(O)CC1,CC12C(CCC3(C)C2CC=C4[C@@]3(C)CCC5(C(O[glc])=O)C4CC(C)(C)CC5)C(C)(C)C(O)CC1,,
,齐墩果酸-3-Ｏ-β-Ｄ-吡喃葡萄糖基 （1→2）-β-Ｄ-（6′-丁酯 ）吡喃葡萄糖醛酸苷,Oleanolic acid - 3-O-β-D-glucopyranoyl (1→2) -β-D- (6 '-Butyl ester) glucuronide pyranoside,/,850.5079,C46H74O14,,三萜类,,,,
,人参皂苷 Ｒo,"Ginsenoside Ro
",34367-04-9,956.4981,C48H76O19,,三萜类,C[C@@]12C(CC[C@]3(C)C2CC=C4[C@@]3(C)CC[C@]5(C(O[C@@H]6O[C@H](CO)[C@@H](O)[C@H](O)[C@H]6O)=O)C4CC(C)(C)CC5)C(C)(C)C(O[C@@H]7O[C@H](C(O)=O)[C@@H](O)[C@H](O)[C@H]7O[C@@H]8O[C@H](CO)[C@@H](O)[C@H](O)[C@H]8O)CC1,"InChI=1S/C48H76O19/c1-43(2)14-16-48(42(61)67-40-35(58)31(54)29(52)24(20-50)63-40)17-15-46(6)21(22(48)18-43)8-9-26-45(5)12-11-27(44(3,4)25(45)10-13-47(26,46)7)64-41-37(33(56)32(55)36(65-41)38(59)60)66-39-34(57)30(53)28(51)23(19-49)62-39/h8,22-37,39-41,49-58H,9-20H2,1-7H3,(H,59,60)/t22?,23-,24-,25?,26?,27?,28-,29-,30+,31+,32+,33+,34-,35-,36+,37-,39+,40+,41-,45+,46-,47-,48+/m1/s1",NFZYDZXHKFHPGA-IXQJITTOSA-N,
,6-O-［β-D-吡喃葡萄糖基( 1→2) -β-D-吡喃葡萄糖基］-20-O-［β-D吡喃葡萄糖基(1→4) -β-D-吡喃葡萄糖基］-20 ( S) -原人参三醇,6 - O - [β- D - pyran glucose base (1 → 2) - β- D - pyran glucose base] - 20 -O- pyran [β-D glucose base (1→4) -β-D-glucopyranoyl] -20 (S) -propanaxtriol,/,1124.5979,C54H92O24,,三萜类,OC1CCC2(C)C([C@@H](OC3C(OC4C(O)C(O)C(O)C(CO)O4)C(O)C(O)C(CO)O3)CC5(C)C2CC(O)C6[C@@]5(C)CCC6[C@@](CC/C=C(C)\C)(C)OC7C(O)C(O)C(OC8C(O)C(O)C(O)C(CO)O8)C(CO)O7)C1(C)C,"InChI=1S/C54H92O24/c1-22(2)10-9-13-54(8,78-48-42(70)39(67)43(29(21-58)75-48)76-46-40(68)36(64)33(61)26(18-55)72-46)23-11-15-52(6)32(23)24(59)16-30-51(5)14-12-31(60)50(3,4)45(51)25(17-53(30,52)7)71-49-44(38(66)35(63)28(20-57)74-49)77-47-41(69)37(65)34(62)27(19-56)73-47/h10,23-49,55-70H,9,11-21H2,1-8H3/t23?,24?,25-,26?,27?,28?,29?,30?,31?,32?,33?,34?,35?,36?,37?,38?,39?,40?,41?,42?,43?,44?,45?,46?,47?,48?,49?,51?,52+,53?,54-/m0/s1",BNHXJNBLGIGBTR-JOUWNNSPSA-N,
,6″-乙酰基-人参皂苷 Rd,6 "-acetyl - ginsenoside Rd,/,1004.5556 ,C50H84O20,,三萜类,C/C(C)=C\CC[C@@](OC1C(O)C(O)C(O)C(CO)O1)(C)C2CC[C@@]3(C)C4(C)CCC5C(C)(C)C(OC6OC(CO)C(O)C(O)C6OC(O)C7C(O)C(O)C(O)C(OC(C)=O)O7)CCC5(C)C4CC(O)C32,"InChI=1S/C50H84O20/c1-22(2)11-10-15-50(9,70-44-39(62)34(57)32(55)26(20-51)65-44)24-12-17-49(8)31(24)25(54)19-29-47(6)16-14-30(46(4,5)28(47)13-18-48(29,49)7)67-45-41(36(59)33(56)27(21-52)66-45)68-42(63)40-37(60)35(58)38(61)43(69-40)64-23(3)53/h11,24-45,51-52,54-63H,10,12-21H2,1-9H3/t24?,25?,26?,27?,28?,29?,30?,31?,32?,33?,34?,35?,36?,37?,38?,39?,40?,41?,42?,43?,44?,45?,47?,48?,49-,50+/m1/s1",SUKSIUZHWVTLSI-WHBGIWMJSA-N,
,人参皂苷 Rf,Ginsenoside Rf,52286-58-5,800.4922,C42H72O14,,三萜类,O[C@H]1C2[C@](CCC2[C@@](C)(O)CCC/C=C(C)/C)(C)[C@]3(C)C[C@H](OC4O[C@H](CO)[C@@H](O)[C@H](O)[C@H]4OC5[C@H](O)[C@@H](O)[C@H](O)[C@@H](CO)O5)C6C(C)[C@@H](O)CC[C@]6(C)C3C1,OPVAEBOKOGZCMH-SKMQXEIFSA-N,OPVAEBOKOGZCMH-SKMQXEIFSA-N,
,人参皂苷 Rd,Ginsenoside Rd,52705-93-8,946.5501,C48H82O18,,三萜类,O[C@H]1CC[C@@]2(C)C([C@@H](O[C@H]3[C@H](O[C@H]4[C@H](O)[C@@H](O)[C@H](O)[C@@H](CO)O4)C[C@H](O)[C@@H](CO)O3)C[C@]5(C)C2C[C@@H](O)C6[C@@]5(C)CCC6[C@@](O[C@H]7[C@H](O)[C@@H](O)[C@H](O)[C@@H](CO)O7)(CC/C=C(C)/C)C)C1(C)C,"InChI=1S/C48H82O18/c1-22(2)10-9-13-48(8,66-43-39(60)37(58)35(56)30(21-51)65-43)23-11-15-46(6)33(23)25(53)17-31-45(5)14-12-32(54)44(3,4)40(45)27(18-47(31,46)7)62-41-26(16-24(52)28(19-49)63-41)61-42-38(59)36(57)34(55)29(20-50)64-42/h10,23-43,49-60H,9,11-21H2,1-8H3/t23?,24-,25+,26+,27-,28+,29+,30+,31?,32-,33?,34+,35+,36-,37-,38+,39+,40?,41+,42+,43-,45+,46+,47+,48-/m0/s1",IYJMIQLRKLEDKK-VZQDTKMXSA-N,
,拟人参皂苷 RT1 ,pseudoginsenoside RT1,98474-74-9,926.4875,C47H74O18,,三萜类,CC1(C)CC[C@@](CC[C@]2(C)C3=CCC4[C@@]2(C)CCC5[C@]4(C)CC[C@H](OC6O[C@H](C(O)=O)[C@@H](O)[C@H](O)[C@H]6OC7OC[C@@H](O)[C@H](O)[C@H]7O)C5(C)C)(C(O[C@H]8[C@H](O)[C@@H](O)[C@H](O)[C@@H](CO)O8)=O)C3C1,"InChI=1S/C47H74O18/c1-42(2)14-16-47(41(59)65-39-34(56)30(52)29(51)24(19-48)61-39)17-15-45(6)21(22(47)18-42)8-9-26-44(5)12-11-27(43(3,4)25(44)10-13-46(26,45)7)62-40-36(32(54)31(53)35(63-40)37(57)58)64-38-33(55)28(50)23(49)20-60-38/h8,22-36,38-40,48-56H,9-20H2,1-7H3,(H,57,58)/t22?,23-,24-,25?,26?,27+,28+,29-,30+,31+,32+,33-,34-,35+,36-,38?,39+,40?,44+,45-,46-,47+/m1/s1",YTPBUIWNJRGZFW-PPOLEZTQSA-N,
,拟人参皂苷 RT1 丁酯,pseudoginsenoside RT1 butyl ester,/,982.5501 ,C51H82O18,,三萜类,CC12C(CCC3(C)C2CC=C4C3(C)CCC5(C(OC6C(O)C(O)C(O)C(CO)O6)=O)C4CC(C)(C)CC5)C(C)(C)C(O[C@H]7[C@H](OC8C(O)C(O)C(O)CO8)[C@H](O)[C@H](O)[C@@H](C(OCCCC)=O)O7)CC1,"InChI=1S/C51H82O18/c1-9-10-21-63-41(61)39-35(57)36(58)40(68-42-37(59)32(54)27(53)24-64-42)44(67-39)66-31-14-15-48(6)29(47(31,4)5)13-16-50(8)30(48)12-11-25-26-22-46(2,3)17-19-51(26,20-18-49(25,50)7)45(62)69-43-38(60)34(56)33(55)28(23-52)65-43/h11,26-40,42-44,52-60H,9-10,12-24H2,1-8H3/t26?,27?,28?,29?,30?,31?,32?,33?,34?,35-,36+,37?,38?,39?,40+,42?,43?,44+,48?,49?,50?,51?/m0/s1",PWLRHGZJMJUWAB-ZMSYGCMXSA-N,
,拟人参皂苷 RT1 甲酯,pseudoginsenoside RT1 methyl ester,/,940.5032,C48H76O18,,三萜类,CC12C(CCC3(C)C2CC=C4C3(C)CCC5(C(OC6C(O)C(O)C(O)C(CO)O6)=O)C4CC(C)(C)CC5)C(C)(C)C(O[C@H]7[C@H](OC8C(O)C(O)C(O)CO8)[C@H](O)[C@H](O)[C@@H](C(OC)=O)O7)CC1,UTOALNGAUDOJKI-VHCBGMSWSA-N,UTOALNGAUDOJKI-VHCBGMSWSA-N,
,taibaienoside I,,206559-02-6,982.5501,C51H82O18,,三萜类,C[C@@]12CC[C@@]3(C(OC4[C@H](O)[C@@H](O)[C@H](O)[C@@H](CO)O4)=O)CCC(C)(C)CC3C1=CCC5[C@@]2(C)CCC6[C@]5(C)CC[C@H](OC7O[C@H](C(OCCCC)=O)[C@@H](OC8[C@H](O)[C@@H](O)[C@H](CO)O8)[C@H](O)[C@H]7O)C6(C)C,"InChI=1S/C51H82O18/c1-9-10-21-63-41(61)40-39(67-42-36(58)33(55)28(24-53)64-42)35(57)38(60)44(68-40)66-31-14-15-48(6)29(47(31,4)5)13-16-50(8)30(48)12-11-25-26-22-46(2,3)17-19-51(26,20-18-49(25,50)7)45(62)69-43-37(59)34(56)32(54)27(23-52)65-43/h11,26-40,42-44,52-60H,9-10,12-24H2,1-8H3/t26?,27-,28+,29?,30?,31+,32-,33+,34+,35-,36-,37-,38-,39+,40+,42?,43?,44?,48+,49-,50-,51+/m1/s1",KHJOAMACTMVVSI-VACFVUIGSA-N,
,竹节参皂苷 Ⅳa,chikusetsusaponin  Ⅳa,51415-02-2,794.4453,C22H66O14,,三萜类,C[C@@]12C(CC[C@]3(C)C2C=CC4[C@@]3(C)CC[C@]5(C(O[C@H]6[C@H](O)[C@@H](O)[C@H](O)[C@@H](CO)O6)=O)C4CC(C)(C)CC5)C(C)(C)[C@@H](O[C@H]7[C@H](O)[C@@H](O)[C@H](O)[C@@H](C(O)=O)O7)CC1,"InChI=1S/C42H66O14/c1-37(2)14-16-42(36(52)56-34-30(48)27(45)26(44)22(19-43)53-34)17-15-40(6)20(21(42)18-37)8-9-24-39(5)12-11-25(38(3,4)23(39)10-13-41(24,40)7)54-35-31(49)28(46)29(47)32(55-35)33(50)51/h8-9,20-32,34-35,43-49H,10-19H2,1-7H3,(H,50,51)/t20?,21?,22-,23?,24?,25+,26-,27+,28+,29+,30-,31-,32+,34+,35-,39+,40-,41-,42+/m1/s1",KSCYCMHWDZYUAA-NAYRYLOZSA-N,
,竹节参皂苷 IVa 甲酯,chikusetsusaponin IVa methyl ester,/,808.4609,C43H68O14,,三萜类,CC12C(CCC3(C)C2CC=C4C3(C)CCC5(C(OC6C(O)C(O)C(O)C(CO)O6)=O)C4CC(C)(C)CC5)C(C)(C)C(O[C@H]7[C@H](O)[C@H](O)[C@H](O)[C@@H](C(OC)=O)O7)CC1,"InChI=1S/C43H68O14/c1-38(2)15-17-43(37(52)57-35-31(49)28(46)27(45)23(20-44)54-35)18-16-41(6)21(22(43)19-38)9-10-25-40(5)13-12-26(39(3,4)24(40)11-14-42(25,41)7)55-36-32(50)29(47)30(48)33(56-36)34(51)53-8/h9,22-33,35-36,44-50H,10-20H2,1-8H3/t22?,23?,24?,25?,26?,27?,28?,29-,30+,31?,32-,33?,35?,36-,40?,41?,42?,43?/m1/s1",XPORLJWHBRUXGD-FCJQMFQLSA-N,
,竹节参皂苷IVa丁酯,chikusetsusaponin IVa butyl ester,/,850.5079,C46H74O14,,三萜类,CC12C(CCC3(C)C2CC=C4C3(C)CCC5(C(OC6C(O)C(O)C(O)C(CO)O6)=O)C4CC(C)(C)CC5)C(C)(C)C(O[C@H]7[C@H](O)[C@H](O)[C@H](O)[C@@H](C(OCCCC)=O)O7)CC1,"InChI=1S/C46H74O14/c1-9-10-21-56-37(54)36-33(51)32(50)35(53)39(59-36)58-29-14-15-43(6)27(42(29,4)5)13-16-45(8)28(43)12-11-24-25-22-41(2,3)17-19-46(25,20-18-44(24,45)7)40(55)60-38-34(52)31(49)30(48)26(23-47)57-38/h11,25-36,38-39,47-53H,9-10,12-23H2,1-8H3/t25?,26?,27?,28?,29?,30?,31?,32-,33+,34?,35-,36?,38?,39-,43?,44?,45?,46?/m1/s1",UMELIPOCPCVHGJ-BDQJKXOASA-N,
,竹节参皂苷 IV,chikusetsusaponin IV,51415-02-2,940.5032,C48H76O18,,三萜类,CC1(C)[C@@H](O[C@H]2[C@H](O)C(O)[C@H](OC3OC(CCO)C(O)C3O)[C@@H](C(O)=O)O2)CC[C@@]4(C)C1CC[C@]5(C)C4CC=C6[C@@]5(C)CC[C@]7(C(OC8C(O)C(O)C(O)C(CO)O8)=O)C6CC(C)(C)CC7,"InChI=1S/C48H76O18/c1-43(2)15-17-48(42(60)66-40-34(56)31(53)30(52)25(21-50)62-40)18-16-46(6)22(23(48)20-43)8-9-27-45(5)13-11-28(44(3,4)26(45)10-14-47(27,46)7)63-41-35(57)32(54)36(37(65-41)38(58)59)64-39-33(55)29(51)24(61-39)12-19-49/h8,23-37,39-41,49-57H,9-21H2,1-7H3,(H,58,59)/t23?,24?,25?,26?,27?,28-,29?,30?,31?,32?,33?,34?,35+,36-,37?,39?,40?,41+,45-,46+,47+,48?/m0/s1",JNRZJZQZNGDCMW-QQICVOTLSA-N,
,竹节参皂苷 IV 甲酯,chikusetsusaponin IV methyl ester,/,954.5188,C49H78O18,,三萜类,CC1(C)[C@@H](O[C@H]2[C@H](O)C(O)[C@H](OC3OC(CCO)C(O)C3O)[C@@H](C(OC)=O)O2)CC[C@@]4(C)C1CC[C@]5(C)C4CC=C6[C@@]5(C)CC[C@]7(C(OC8C(O)C(O)C(O)C(CO)O8)=O)C6CC(C)(C)CC7,"InChI=1S/C49H78O18/c1-44(2)16-18-49(43(60)67-41-35(57)32(54)31(53)26(22-51)63-41)19-17-47(6)23(24(49)21-44)9-10-28-46(5)14-12-29(45(3,4)27(46)11-15-48(28,47)7)64-42-36(58)33(55)37(38(66-42)39(59)61-8)65-40-34(56)30(52)25(62-40)13-20-50/h9,24-38,40-42,50-58H,10-22H2,1-8H3/t24?,25?,26?,27?,28?,29-,30?,31?,32?,33?,34?,35?,36+,37-,38?,40?,41?,42+,46-,47+,48+,49?/m0/s1",MIPCYULVNQUORS-HWXJZNOESA-N,
,竹节参皂苷 V 甲酯,Chikusetsusaponin V methyl ester, 34291-22-0,970.5137,C49H78O19,,三萜类,C[C@@]12CCC3C(C)(C)[C@@H](O[C@H]4[C@H](O[C@H]5[C@H](O)[C@@H](O)[C@H](O)[C@@H](CO)O5)[C@@H](O)[C@H](O)[C@@H](C(OC)=O)O4)CC[C@]3(C)C1CC=C6[C@@]2(C)CC[C@]7(C(O[C@@H]8O[C@H](CO)[C@@H](O)[C@H](O)[C@H]8O)=O)C6CC(C)(C)CC7,"InChI=1S/C49H78O19/c1-44(2)15-17-49(43(61)68-41-36(59)32(55)30(53)25(21-51)64-41)18-16-47(6)22(23(49)19-44)9-10-27-46(5)13-12-28(45(3,4)26(46)11-14-48(27,47)7)65-42-38(34(57)33(56)37(66-42)39(60)62-8)67-40-35(58)31(54)29(52)24(20-50)63-40/h9,23-38,40-42,50-59H,10-21H2,1-8H3/t23?,24-,25-,26?,27?,28+,29-,30-,31+,32+,33+,34+,35-,36-,37+,38-,40+,41+,42-,46+,47-,48-,49+/m1/s1",PYRYQDQZMLGNFX-QLJZFXKWSA-N,
,屏边三七苷 R2,stipuleanoside R2,96627-72-4,1088.5403,C53H84O23,,三萜类,C[C@@]12CC[C@@]3(C(O[C@H]4[C@H](O)[C@@H](O)[C@H](O)[C@@H](CO)O4)=O)CCC(C)(C)CC3C1=CCC5[C@@]2(C)CCC6[C@]5(C)CC[C@H](OC7O[C@H](C(O)=O)[C@@H](OC8[C@H](O)[C@@H](O)[C@H](CO)O8)[C@H](OC9[C@H](O)[C@@H](O)[C@H](O)[C@@H](CO)O9)[C@H]7O)C6(C)C,"InChI=1S/C53H84O23/c1-48(2)14-16-53(47(68)76-45-37(64)34(61)31(58)25(20-55)71-45)17-15-51(6)22(23(53)18-48)8-9-28-50(5)12-11-29(49(3,4)27(50)10-13-52(28,51)7)72-46-38(65)39(73-44-36(63)33(60)30(57)24(19-54)69-44)40(41(75-46)42(66)67)74-43-35(62)32(59)26(21-56)70-43/h8,23-41,43-46,54-65H,9-21H2,1-7H3,(H,66,67)/t23?,24-,25-,26+,27?,28?,29+,30-,31-,32+,33+,34+,35-,36-,37-,38-,39-,40+,41+,43?,44?,45+,46?,50+,51-,52-,53+/m1/s1",ZVGISQJHCGILNM-PSCMMZFVSA-N,
,竹节参皂苷 Ib,chikusetsusaponin Ib,59252-87-8,926.4875,C47H74O18,,三萜类,C[C@@]12C(CC[C@]3(C)C2CC=C4[C@@]3(C)CC[C@]5(C(O)=O)C4CC(C)(C)CC5)C(C)(C)[C@@H](O[C@H]6[C@H](O)[C@@H](O)[C@H](O[C@@H]7O[C@@H](CO)[C@H](O)[C@H]7O)[C@@H](C(O[C@@H]8O[C@H](CO)[C@@H](O)[C@H](O)[C@H]8O)=O)O6)CC1,"InChI=1S/C47H74O18/c1-42(2)14-16-47(41(58)59)17-15-45(6)21(22(47)18-42)8-9-26-44(5)12-11-27(43(3,4)25(44)10-13-46(26,45)7)62-40-34(56)31(53)35(63-38-32(54)29(51)24(20-49)60-38)36(64-40)37(57)65-39-33(55)30(52)28(50)23(19-48)61-39/h8,22-36,38-40,48-56H,9-20H2,1-7H3,(H,58,59)/t22?,23-,24+,25?,26?,27+,28-,29+,30+,31-,32-,33-,34-,35+,36+,38+,39+,40-,44+,45-,46-,47+/m1/s1",CGEOMQZMNZQKNQ-JKRGRDIVSA-N,
,oleanolic acid 3-O-β-D-(6′- methylester)-glucuronopyranoside,,/,646.4081,C37H58O9,,三萜类,CC12C(CCC3(C)C2CC=C4C3(C)CCC5(C(O)=O)C4CC(C)(C)CC5)C(C)(C)C(O[C@H]6[C@H](O)[C@H](O)[C@H](O)[C@@H](C(OC)=O)O6)CC1,"InChI=1S/C37H58O9/c1-32(2)15-17-37(31(42)43)18-16-35(6)20(21(37)19-32)9-10-23-34(5)13-12-24(33(3,4)22(34)11-14-36(23,35)7)45-30-27(40)25(38)26(39)28(46-30)29(41)44-8/h9,21-28,30,38-40H,10-19H2,1-8H3,(H,42,43)/t21?,22?,23?,24?,25-,26+,27-,28?,30-,34?,35?,36?,37?/m1/s1",PLFVAHQBFNVLPJ-HCNNIYCQSA-N,
,20(R)-人参皂苷 Rg3 ,20 (R) -ginsenoside Rg3,/,784.4973,C42H72013,,甾体,C/C(C)=C/CC[C@](O)(C)C1CC[C@@]2(C)[C@]3(C)CCC4C(C)(C)[C@@H](OC5C(OC6C(O)C(O)C(O)C(CO)O6)C(O)C(O)C(CO)O5)CC[C@]4(C)C3C[C@@H](O)C21,"InChI=1S/C42H72O13/c1-21(2)10-9-14-42(8,51)22-11-16-41(7)29(22)23(45)18-27-39(5)15-13-28(38(3,4)26(39)12-17-40(27,41)6)54-37-35(33(49)31(47)25(20-44)53-37)55-36-34(50)32(48)30(46)24(19-43)52-36/h10,22-37,43-51H,9,11-20H2,1-8H3/t22?,23-,24?,25?,26?,27?,28+,29?,30?,31?,32?,33?,34?,35?,36?,37?,39+,40-,41-,42-/m1/s1",RWXIFXNRCLMQCD-RTCOJFGDSA-N,
,20(S)-人参皂苷 Rg3,20 (S) -ginsenoside Rg3,/,784.4973,C42H72013,,甾体,C/C(C)=C/CC[C@](C)(O)C1CC[C@@]2(C)[C@]3(C)CCC4C(C)(C)[C@@H](OC5C(OC6C(O)C(O)C(O)C(CO)O6)C(O)C(O)C(CO)O5)CC[C@]4(C)C3C[C@@H](O)C21,"InChI=1S/C42H72O13/c1-21(2)10-9-14-42(8,51)22-11-16-41(7)29(22)23(45)18-27-39(5)15-13-28(38(3,4)26(39)12-17-40(27,41)6)54-37-35(33(49)31(47)25(20-44)53-37)55-36-34(50)32(48)30(46)24(19-43)52-36/h10,22-37,43-51H,9,11-20H2,1-8H3/t22?,23-,24?,25?,26?,27?,28+,29?,30?,31?,32?,33?,34?,35?,36?,37?,39+,40-,41-,42+/m1/s1",RWXIFXNRCLMQCD-ACLYHCFHSA-N,
,人参皂苷 Rs2,Ginsenoside Rs2,87733-66-2,1104.5716,C54H88O23,,甾体,C[C@@](CC/C=C(C)\C)(O[C@@H]1O[C@H](CO[C@@H]2O[C@@H](CO)[C@H](O)[C@H]2O)[C@@H](O)[C@H](O)[C@H]1O)C3CC[C@@]4(C5)[C@]65CCC7C(C)(C)[C@@H](O[C@H]8[C@H](O[C@H]9[C@H](O)[C@@H](O)[C@H](O)[C@@H](COC(C)=O)O9)[C@@H](O)[C@H](O)[C@@H](CO)O8)CC[C@]7(C)C6C[C@@H](O)C43,"InChI=1S/C54H88O23/c1-23(2)9-8-13-52(7,77-48-44(68)40(64)38(62)30(74-48)21-70-46-42(66)36(60)28(19-56)71-46)25-10-15-54-22-53(54)16-11-31-50(4,5)33(12-14-51(31,6)32(53)17-26(58)34(25)54)75-49-45(41(65)35(59)27(18-55)72-49)76-47-43(67)39(63)37(61)29(73-47)20-69-24(3)57/h9,25-49,55-56,58-68H,8,10-22H2,1-7H3/t25?,26-,27-,28+,29-,30-,31?,32?,33+,34?,35-,36+,37-,38-,39+,40+,41+,42-,43-,44-,45-,46-,47+,48+,49+,51+,52+,53+,54+/m1/s1",LFSLHWFQRCVYBW-WHSPDOFWSA-N,
,人参皂苷 Rg1,Ginsenoside Rg1,22427-39-0,800.4922,C42H72O14,,甾体,O[C@H]1C2[C@](CCC2[C@](CC/C=C(C)\C)(O[C@@H]3O[C@H](CO)[C@@H](O)[C@H](O)[C@H]3O)C)(C)[C@]4(C)C[C@H](O[C@H]5[C@H](O)[C@@H](O)[C@H](O)[C@@H](CO)O5)C6C(C)(C)[C@@H](O)CC[C@]6(C)C4C1,"InChI=1S/C42H72O14/c1-20(2)10-9-13-42(8,56-37-34(52)32(50)30(48)25(19-44)55-37)21-11-15-40(6)28(21)22(45)16-26-39(5)14-12-27(46)38(3,4)35(39)23(17-41(26,40)7)53-36-33(51)31(49)29(47)24(18-43)54-36/h10,21-37,43-52H,9,11-19H2,1-8H3/t21?,22-,23+,24-,25-,26?,27+,28?,29-,30-,31+,32+,33-,34-,35?,36-,37+,39-,40-,41-,42+/m1/s1",YURJSTAIMNSZAE-LIAFIEAXSA-N,
,三七皂苷 R2,Notoginsenoside R2,80418-25-3,770.4816,C41H70O13,,甾体,CC(CC/C=C(C)/C)(O)C1CC2[C@H](O)CC3[C@](C[C@H](O[C@H]4[C@H](O[C@H]5[C@H](O)[C@@H](O)[C@H](O)CO5)[C@@H](O)[C@H](O)[C@@H](CO)O4)C6[C@]3(C)CC[C@H](O)C6(C)C)(C)[C@]2(C)C1,"InChI=1S/C41H70O13/c1-20(2)10-9-12-41(8,50)21-14-22-23(43)15-27-38(5)13-11-28(45)37(3,4)34(38)25(17-40(27,7)39(22,6)16-21)52-36-33(31(48)30(47)26(18-42)53-36)54-35-32(49)29(46)24(44)19-51-35/h10,21-36,42-50H,9,11-19H2,1-8H3/t21?,22?,23-,24-,25+,26-,27?,28+,29+,30-,31+,32-,33-,34?,35+,36-,38-,39-,40-,41+/m1/s1",CLXDQONQZVZCSS-MFKTVGQWSA-N,
,20-O-葡萄糖基-人参皂苷 Rf,20-O-Glucosyl-Ginsenoside Rf,/,800.4922,C42H72O14,,甾体,C/C(C)=C/CC[C@](C)(OC1C(O)C(O)C(O)C(CO)O1)C2CC[C@@]3(C)[C@]4(C)C[C@H](OC5C(O)C(O)C(O)C(CO)O5)C6C(C)(C)[C@@H](O)CC[C@]6(C)C4C[C@@H](O)C32,"InChI=1S/C42H72O14/c1-20(2)10-9-13-42(8,56-37-34(52)32(50)30(48)25(19-44)55-37)21-11-15-40(6)28(21)22(45)16-26-39(5)14-12-27(46)38(3,4)35(39)23(17-41(26,40)7)53-36-33(51)31(49)29(47)24(18-43)54-36/h10,21-37,43-52H,9,11-19H2,1-8H3/t21?,22-,23+,24?,25?,26?,27+,28?,29?,30?,31?,32?,33?,34?,35?,36?,37?,39-,40-,41-,42+/m1/s1",YURJSTAIMNSZAE-GKUXENCSSA-N,
,人参皂苷 Rg2,Ginsenoside Rg2,52286-74-5,784.4973,C42H72O13,,甾体,C[C@@](CC/C=C(C)/C)(O)C1CC[C@@]2(C)[C@]3(C)C[C@H](OC4O[C@H](CO)[C@@H](O)[C@H](O)[C@H]4OC5[C@H](O)[C@H](O)[C@@H](O)[C@H](C)O5)C6C(C)(C)[C@@H](O)CC[C@]6(C)C3C[C@@H](O)C21,"InChI=1S/C42H72O13/c1-20(2)11-10-14-42(9,51)22-12-16-40(7)28(22)23(44)17-26-39(6)15-13-27(45)38(4,5)35(39)24(18-41(26,40)8)53-37-34(32(49)30(47)25(19-43)54-37)55-36-33(50)31(48)29(46)21(3)52-36/h11,21-37,43-51H,10,12-19H2,1-9H3/t21-,22?,23+,24-,25+,26?,27-,28?,29-,30+,31+,32-,33+,34+,35?,36?,37?,39+,40+,41+,42-/m0/s1",AGBCLJAHARWNLA-WDWJVPRUSA-N,
,人参皂苷 Re,Ginsenoside Re,52286-59-6,946.5501,C48H82O18,,甾体,C/C(C)=C/CC[C@@](O[C@@H]1O[C@H](CO)[C@@H](O)[C@H](O)[C@H]1O)(C)C2CC[C@@]3(C)[C@]4(C)C[C@H](OC5O[C@H](CO)[C@@H](O)[C@H](O)[C@H]5OC6[C@H](O)[C@H](O)[C@@H](O)[C@H](C)O6)C7C(C)(C)[C@@H](O)CC[C@]7(C)C4C[C@@H](O)C32,"InChI=1S/C48H82O18/c1-21(2)11-10-14-48(9,66-42-38(60)35(57)32(54)26(19-49)63-42)23-12-16-46(7)30(23)24(51)17-28-45(6)15-13-29(52)44(4,5)40(45)25(18-47(28,46)8)62-43-39(36(58)33(55)27(20-50)64-43)65-41-37(59)34(56)31(53)22(3)61-41/h11,22-43,49-60H,10,12-20H2,1-9H3/t22-,23?,24+,25-,26+,27+,28?,29-,30?,31-,32+,33+,34+,35-,36-,37+,38+,39+,40?,41?,42-,43?,45+,46+,47+,48-/m0/s1",PWAOOJDMFUQOKB-RBMBRKRESA-N,
,人参皂苷 Rb1,Ginsenoside Rb1,41753-43-9,1108.6029,C54H92O23,,甾体,CC1C(C(C(C(O1)OCC2C(C(C(C(O2)OC3=C(OC4=CC(=CC(=C4C3=O)O)O)C5=CC(=C(C=C5)O)O)O)O)O)O,"InChI=1S/C54H92O23/c1-10-11-12-13-14-15-16-17-18-19-20-21-22-23-24-25-26-27-28-29-30-31-32-33-34-35-36-37-38-39-40-41-42-43-44-45-46-47-48-49-50-51-52-53-54/h10-54H,11-53H2,1-9H3/t10-,11+,12+,13-,14+,15-,16+,17-,18+,19-,20+,21-,22+,23-,24+,25-,26+,27-,28+,29-,30+,31-,32+,33-,34+,35-,36+,37-,38+,39-,40+,41-,42+,43-,44+,45-,46+,47-,48+,49-,50+,51-,52+,53-,54+/m0/s1",GZYPWOGIYAIIPV-VOKNSFSUNA-N ,
,β-sitosteryl-3-O-β-D-glucoside,,/,562.4633,C34H58O6,,甾体,C[C@@]12C(CC[C@@H]2[C@H](C)CCC(C)C(C)C)C3CC=C4C[C@@H](OC5C(O)C(O)C(O)C(CO)O5)CC[C@]4(C)C3CC1,"InChI=1S/C34H58O6/c1-19(2)20(3)7-8-21(4)25-11-12-26-24-10-9-22-17-23(13-15-33(22,5)27(24)14-16-34(25,26)6)39-32-31(38)30(37)29(36)28(18-35)40-32/h9,19-21,23-32,35-38H,7-8,10-18H2,1-6H3/t20?,21-,23+,24?,25-,26?,27?,28?,29?,30?,31?,32?,33+,34-/m1/s1",FWNZEKQVBDXWKA-PXVDHXARSA-N,
,β-谷甾醇乙酸酯,β-sitosteryl acetate,915-05-9,456.3967,C31H52O2,,甾体,CC(=O)O[C@H]1CC[C@@]2(C)C1=C(C)C=C3C=C4CC@@HC(C)CCCC(C)C,"InChI=1S/C31H52O2/c1-8-23(20(2)3)10-9-21(4)27-13-14-28-26-12-11-24-19-25(33-22(5)32)15-17-30(24,6)29(26)16-18-31(27,28)7/h11,20-21,23,25-29H,8-10,12-19H2,1-7H3/t21-,23-,25+,26+,27-,28+,29+,30+,31-/m1/s1",KZJWDPNRJALLNS-VJSFXXLFSA-N,
,β-谷甾醇,β-sitosterol,83-46-5,414.3862,C29H50O,,甾体,CC(C)C(C)CCCC(C)C1CCC2C1(C)C=C3C=C4CC@HC(C)CCCC(C)C,"InChI=1S/C29H50O/c1-8-23(20(2)3)10-9-21(4)27-13-14-28-26-12-11-24-19-25(30)15-17-29(24,6)22(26)16-18-30(27,28)7/h11,20-22,25-28H,8-10,12-19H2,1-7H3/t21-,23-,25+,26+,27-,28+,29+,30-/m1/s1",KZJWDPNRJALLNS-VJSFXXLFSA-N,
,γ-sitosterol,,,414.3862,C29H50O,,甾体,C[C@@]12C(CC[C@@H]2[C@H](C)CCC(CC)C(C)C)C3CC=C4C[C@@H](O)CC[C@]4(C)C3CC1,"InChI=1S/C29H50O/c1-7-21(19(2)3)9-8-20(4)25-12-13-26-24-11-10-22-18-23(30)14-16-28(22,5)27(24)15-17-29(25,26)6/h10,19-21,23-27,30H,7-9,11-18H2,1-6H3/t20-,21?,23+,24?,25-,26?,27?,28+,29-/m1/s1",KZJWDPNRJALLNS-SOVASGFASA-N,
,胆固醇,cholesterol,57-88-5,386.3549,C27H46O,,甾体,CC(CCC=C(C)C)C1CCC2C1(C)C=C3C=C4CC@HC(C)CCCC(C)C,"InChI=1S/C27H46O/c1-18(2)7-6-8-20(4)22-11-12-23-21(10-9-19(3)15-16-25(18)28)14-13-24(17-26(22)23)27(20,5)29-26(21)30-27(22,23)31/h15-16,18-22,24-26H,6-14,17H2,1-5H3/t18-,19+,20+,21-,22+,24+,25-,26+,27-/m1/s1",HVYWMOMLDNJFBP-UHFFFAOYSA-N,
,胆固醇醋酸酯,cholesteryl acetate,604-35-3,428.3654,C29H48O2,,甾体,O=C1/C(=C(\C)/C)/C[C@@H](C(=C)C)[C@@](C=C)(C)C1,"InChI=1S/C15H22O/c1-10-15(6)9-14(16)12(10)8-13(15)11(4)5-6-15/h10,12H,1,4,8-9H2,2-3,5-6H3/t12-,15+/m0/s1",ABLPGPHZENVRRH-UHFFFAOYSA-N,
,"cholesta-4,6-dien-3-ol",,96110-02-0,402.3298,C27H43FO,,甾体,CC1(C)C2CCC3(C)C4=C(CCC3C2C5C1C(CC5)C(O)C(C)C)C(O)CC6C4(C)C(CCC6(C)C)O[C@@H]7OC@HC@@HC@H[C@H]7O,"InChI=1S/C35H60O6/c1-20(2)31-17-19(37)16-36-35(9)18-30(8)15-29(7)13-27(5)14-28(6)12-26(4)11-25(3)10-24(34(40)41)33(39)43-32-23(38)22(21)29(35)42-32/h11,20-24,26-32,36-37H,10,12-18H2,1-9H3/t20-,21+,22+,23-,24+,26+,27+,28+,29+,30+,31+,32+,33-,34+,35-/m1/s1",OJOMZANEUGASBB-HEHNFKLWSA-N,
,"cholesta-4,6-dien-3-one",,566-93-8,382.3236,C27H42O,,甾体,CC1(C)C2CCC3(C)C4=C(CCC3C2C5C1C(CC5)C(O)C(C)C)C(O)CC6C4(C)C(CCC6(C)C)O[C@@H]7OC@HC@@HC@H[C@H]7O,"InChI=1S/C35H60O6/c1-20(2)31-17-19(37)16-36-35(9)18-30(8)15-29(7)13-27(5)14-28(6)12-26(4)11-25(3)10-24(34(40)41)33(39)43-32-23(38)22(21)29(35)42-32/h11,20-24,26-32,36-37H,10,12-18H2,1-9H3/t20-,21+,22+,23-,24+,26+,27+,28+,29+,30+,31+,32+,33-,34+,35-/m1/s1",OJOMZANEUGASBB-HEHNFKLWSA-N,
,"stigmasta-3,5-dien-7-one",,2034-72-2,410.3549,C29H46O,,甾体,CC1CCC2C13CC(=C(C)C)C(O3)(C=C2C)O,"InChI=1S/C15H22O2/c1-9(2)13-8-14-11(4)5-6-12(14)10(3)7-15(13,16)17-14/h7,11-12,16H,5-6,8H2,1-4H3/t11-,12+,14+,15-/m1/s1",ISFMXVMWEWLJGJ-PAPYEOQZSA-N,
,6-hydroxystigmast-4-en-3-one,,36450-02-9,428.3654 ,C29H48O2,,甾体,CC1CCC2C13CC(=C(C)C)C(O3)(C=C2C)O,"InChI=1S/C15H22O2/c1-9(2)13-8-14-11(4)5-6-12(14)10(3)7-15(13,16)17-14/h7,11-12,16H,5-6,8H2,1-4H3/t11-,12+,14+,15-/m1/s1",ISFMXVMWEWLJGJ-PAPYEOQZSA-N,
,斯巴醇,spathulenol,6750-60-3,220.1827 ,C15H24O,,挥发油,CC1CCC2C13CC(=C(C)C)C(O3)(C=C2C)O,"InChI=1S/C15H22O2/c1-9(2)13-8-14-11(4)5-6-12(14)10(3)7-15(13,16)17-14/h7,11-12,16H,5-6,8H2,1-4H3/t11-,12+,14+,15-/m1/s1",ISFMXVMWEWLJGJ-PAPYEOQZSA-N,
,panaxjapyne A,,/,246.1984,C17H26O,,挥发油,CCC(O)C#CC#CC/C=C\CCCCCCC,"InChI=1S/C17H26O/c1-3-5-6-7-8-9-10-11-12-13-14-15-16-17(18)4-2/h10-11,17-18H,3-9,12H2,1-2H3/b11-10-",PROIGOAKZLZHQV-KHPPLWFESA-N,
,(3R)-(−)-falcarinol,,/,244.1827,C17H24O,,挥发油,C=CC(O)C#CC#CC/C=C\CCCCCCC,"InChI=1S/C17H24O/c1-3-5-6-7-8-9-10-11-12-13-14-15-16-17(18)4-2/h4,10-11,17-18H,2-3,5-9,12H2,1H3/b11-10-",UGJAEDFOKNAMQD-KHPPLWFESA-N,
,panaxjapyne B,,/,264.2089,C17H28O2,,挥发油,CCC(O)C#CC#CCCC(O)CCCCCCC,"InChI=1S/C17H28O2/c1-3-5-6-7-11-14-17(19)15-12-9-8-10-13-16(18)4-2/h16-19H,3-7,11-12,14-15H2,1-2H3",LACUORREDJXDAB-UHFFFAOYSA-N,
,"(3S,10S)-panaxydiol",,/,264.2089,C17H28O2,,挥发油,CCC(O)C#CC#CCCC(O)CCCCCCC,"InChI=1S/C17H28O2/c1-3-5-6-7-11-14-17(19)15-12-9-8-10-13-16(18)4-2/h16-19H,3-7,11-12,14-15H2,1-2H3",LACUORREDJXDAB-UHFFFAOYSA-N,
,panaxjapyne C,,/,278.1882,C17H26O3,,挥发油,CCC(O)C#CC#CCC(O)C(O)CCCCCC=C,"InChI=1S/C17H26O3/c1-3-5-6-7-10-13-16(19)17(20)14-11-8-9-12-15(18)4-2/h3,15-20H,1,4-7,10,13-14H2,2H3",ZMNJVEQNPDFORU-UHFFFAOYSA-N,
,"(3S, 9R,10R)-panaxytriol",,/,278.1882,C17H26O3,,挥发油,C=CC(O)C#CC#CCC(O)C(O)CCCCCCC,"InChI=1S/C17H26O3/c1-3-5-6-7-10-13-16(19)17(20)14-11-8-9-12-15(18)4-2/h4,15-20H,2-3,5-7,10,13-14H2,1H3",RDIMTXDFGHNINN-UHFFFAOYSA-N,
,"(3S,9R,10R)-gensenoyne C",,/,276.1725,C17H24O3,,挥发油,C=CC(O)C#CC#CCC(O)C(O)CCCCCC=C,"InChI=1S/C17H24O3/c1-3-5-6-7-10-13-16(19)17(20)14-11-8-9-12-15(18)4-2/h3-4,15-20H,1-2,5-7,10,13-14H2",WNVDKDQMWFSCPI-UHFFFAOYSA-N,
,人参黄酮苷,panasenoside,31512-06-8,610.1534,C27H30O16,,黄酮类,O=C1C2=C(O)C=C(O)C=C2OC(C3=CC=C(O)C=C3)=C1OO4[C@H](C[O])[C@H](O)[C@H](O)[C@@H](O[C@@H]5O[C@H](CO)[C@@H](O)[C@H](O)[C@H]5O)C4,"InChI=1S/C27H30O16/c28-7-15-19(33)23(37)24(38)27(40-15)41-16-9-43(17(8-29)21(35)20(16)34)42-26-22(36)18-13(32)5-12(31)6-14(18)39-25(26)10-1-3-11(30)4-2-10/h1-6,15-17,19-21,23-24,27-28,30-35,37-38H,7-9H2/t15-,16+,17-,19-,20-,21+,23+,24-,27+/m1/s1",GFZAICBXNWGSOU-XWKBEQDISA-N,
,"5,7- 二羟基 -8- 甲氧基黄酮","5,7-dihydroxy-8- methoxylflavone",/,284.0685,C16H12O5,,黄酮类,O=C1C2=C(O)C=C(O)C(OC)=C2OC(C3=CC=CC=C3)=C1,"InChI=1S/C16H12O5/c1-20-15-12(19)7-10(17)14-11(18)8-13(21-16(14)15)9-5-3-2-4-6-9/h2-8,17,19H,1H3",XLTFNNCXVBYBSX-UHFFFAOYSA-N,
,反式阿魏酸二十二烷基酯,docosyl trans-ferulate,101927-24-6,502.4022,C32H54O4,,其他,CCCCCCCCCCCCCCCCCCCCCCOC(=O)/C=C/C1=CC=C(O)C(OC)=C1,"InChI=1S/C32H54O4/c1-4-5-6-7-8-9-10-11-12-13-14-15-16-17-18-19-20-21-22-23-24-36-32(35)25-26-29(33)27-28-30(34-2)31(37-3)28/h25-26,28,33H,4-24,27H2,1-3H3/b26-25+",HXBJSDXOKOLHKK-FMQUCBEISA-N,
,"3,4,5-三甲氧基苯甲酸","3,4,5-trimethoxybenzoic acid",118-41-2,212.0685,C10H12O5,,酚酸类,COC(=O)C1=CC(OC)=C(OC)C=C1OC,"InChI=1S/C10H12O5/c1-13-7-4-6(10(11)12)5-8(14-2)9(7)15-3/h4-5H,1-3H3,(H,11,12)",SJSOFNCYXJUNBT-UHFFFAOYSA-N,
,"2,6-二甲氧基苯酚","2,6-dimethoxyphenol",1991/10/1,154.0630 ,C8H10O3,,其他,COC1=CC=CC(OC)=C1O,"InChI=1S/C8H10O3/c1-10-6-4-3-5-7(11-2)8(6)9/h3-5,9H,1-2H3",KLIDCXVFHGNTTM-UHFFFAOYSA-N,
,人参皂苷 Rb2,ginsenoside Rb2,11021-13-9,1078.5924,C53H9O22,,甾体,C[C@@](CC/C=C(C)\C)(O[C@@H]1O[C@H](CO[C@@H]2OC[C@H](O)[C@H](O)[C@H]2O)[C@@H](O)[C@H](O)[C@H]1O)C3CC[C@@]4(C)[C@]5(C)CCC6C(C)(C)[C@@H](O[C@H]7[C@H](O[C@H]8[C@H](O)[C@@H](O)[C@H](O)[C@@H](CO)O8)[C@@H](O)[C@H](O)[C@@H](CO)O7)CC[C@]6(C)C5C[C@@H](O)C43,"InChI=1S/C53H90O22/c1-23(2)10-9-14-53(8,75-47-43(67)39(63)37(61)29(72-47)22-69-45-41(65)34(58)26(57)21-68-45)24-11-16-52(7)33(24)25(56)18-31-50(5)15-13-32(49(3,4)30(50)12-17-51(31,52)6)73-48-44(40(64)36(60)28(20-55)71-48)74-46-42(66)38(62)35(59)27(19-54)70-46/h10,24-48,54-67H,9,11-22H2,1-8H3/t24?,25-,26+,27-,28-,29-,30?,31?,32+,33?,34+,35-,36-,37-,38+,39+,40+,41-,42-,43-,44-,45+,46+,47+,48+,50+,51-,52-,53+/m1/s1",NODILNFGTFIURN-NISMNNSHSA-N,
,人参皂苷 Rb3,ginsenoside Rb3,68406-26-8,1078.5924,C53H90O22,,甾体,CC1(C)C(CC[C@]2(C)C3C[C@@H](O)C4[C@]2(CCC4[C@](C)(CC/C=C(C)\C)O[C@H]5[C@H](O)[C@@H](O)[C@H](O)[C@@H](CO[C@H]6[C@H](O)[C@@H](O)[C@H](O)CO6)O5)C)[C@]3(C)CC[C@@H]1O[C@@H]7O[C@H](CO)[C@@H](O)[C@H](O)[C@H]7O[C@H]8[C@H](O)[C@@H](O)[C@H](O)[C@@H](CO)O8,"InChI=1S/C53H90O22/c1-23(2)10-9-14-53(8,75-47-43(67)39(63)37(61)29(72-47)22-69-45-41(65)34(58)26(57)21-68-45)24-11-16-52(7)33(24)25(56)18-31-50(5)15-13-32(49(3,4)30(50)12-17-51(31,52)6)73-48-44(40(64)36(60)28(20-55)71-48)74-46-42(66)38(62)35(59)27(19-54)70-46/h10,24-48,54-67H,9,11-22H2,1-8H3/t24?,25-,26-,27-,28-,29-,30?,31?,32+,33?,34+,35-,36-,37-,38+,39+,40+,41-,42-,43-,44-,45+,46+,47+,48+,50+,51-,52-,53+/m1/s1",NODILNFGTFIURN-GEFIJXHCSA-N,
,人参皂苷 Rc,ginsenoside Rc,11021-14-0,1078.5924,C53H90O22,,甾体,C[C@@]12C(CC[C@]3(C)C2C[C@@H](O)C4[C@@]3(C)CCC4[C@@](CC/C=C(C)/C)(C)O[C@H]5[C@H](O)[C@@H](O)[C@H](O)[C@@H](CO[C@H]6[C@H](O)[C@@H](O)[C@H](CO)O6)O5)C(C)(C)[C@@H](O[C@H]7[C@H](O[C@H]8[C@H](O)[C@@H](O)[C@H](O)[C@@H](CO)O8)[C@@H](O)[C@H](O)[C@@H](CO)O7)CC1,"InChI=1S/C53H90O22/c1-23(2)10-9-14-53(8,75-47-43(67)39(63)37(61)29(72-47)22-68-45-41(65)36(60)28(21-56)69-45)24-11-16-52(7)33(24)25(57)18-31-50(5)15-13-32(49(3,4)30(50)12-17-51(31,52)6)73-48-44(40(64)35(59)27(20-55)71-48)74-46-42(66)38(62)34(58)26(19-54)70-46/h10,24-48,54-67H,9,11-22H2,1-8H3/t24?,25-,26-,27-,28+,29-,30?,31?,32+,33?,34-,35-,36+,37-,38+,39+,40+,41-,42-,43-,44-,45-,46+,47+,48+,50+,51-,52-,53+/m1/s1",JDCPEKQWFDWQLI-OBVABFPESA-N,
,人参皂苷 F2,ginsenoside F2,62025-49-4,784.4973,C42H72O13,,甾体,C[C@@]12C(CC[C@]3(C)C2C[C@@H](O)C4[C@@]3(C)CCC4[C@@](CC/C=C(C)/C)(C)O[C@H]5[C@H](O)[C@@H](O)[C@H](O)[C@@H](CO)O5)C(C)(C)[C@@H](O[C@H]6[C@H](O)[C@@H](O)[C@H](O)[C@@H](CO)O6)CC1,"InChI=1S/C42H72O13/c1-21(2)10-9-14-42(8,55-37-35(51)33(49)31(47)25(20-44)53-37)22-11-16-41(7)29(22)23(45)18-27-39(5)15-13-28(38(3,4)26(39)12-17-40(27,41)6)54-36-34(50)32(48)30(46)24(19-43)52-36/h10,22-37,43-51H,9,11-20H2,1-8H3/t22?,23-,24-,25-,26?,27?,28+,29?,30-,31-,32+,33+,34-,35-,36+,37+,39+,40-,41-,42+/m1/s1",SWIROVJVGRGSPO-ROLNXZHXSA-N,
,人参皂苷 R1,quinquenoside R1,/,1136.5979,C55H92O24,,甾体,C/C(C)=C\CCC(OC1OC(COC2C(O)C(O)C(O)C(CO)O2)C(O)C(O)C1O)(C)C3CCC4C5(C)CCC6C(C)(C)C(OC7C(OC8C(O)C(O)C(O)C(COC(C)=O)O8)C(O)C(O)C(CO)O7)CCC6(C)C5CC(O)C43,"InChI=1S/C55H92O24/c1-23(2)10-9-15-55(8,79-50-46(70)42(66)39(63)31(76-50)22-72-48-44(68)40(64)36(60)28(19-56)73-48)26-12-11-25-35(26)27(59)18-33-53(25,6)16-13-32-52(4,5)34(14-17-54(32,33)7)77-51-47(43(67)37(61)29(20-57)74-51)78-49-45(69)41(65)38(62)30(75-49)21-71-24(3)58/h10,25-51,56-57,59-70H,9,11-22H2,1-8H3",BJUVRGZZXYNVCE-UHFFFAOYSA-N,
,人参皂苷 Rs1,ginsenoside Rs1,87733-67-3,1120.6029,C55H92O23,,甾体,C/C(C)=C/CC[C@@](OC1O[C@H](CO[C@@H]2OC[C@H](O)[C@H](O)[C@H]2O)[C@@H](O)[C@H](O)[C@@H]1O)(C)[C@@H]3C4[C@H](O)CC5[C@](CC[C@]6(C)[C@]5(C)CC[C@@H](O[C@@H]7O[C@H](CO)[C@@H](O)[C@H](O)C7O[C@H]8[C@H](O)[C@@H](O)[C@H](O)C(COC(C)=O)O8)C6C)(C)[C@]4(C)CC3,"InChI=1S/C55H92O23/c1-24(2)11-10-14-55(9,78-49-45(69)41(65)39(63)33(76-49)23-72-47-43(67)36(60)29(59)21-71-47)27-12-15-54(8)35(27)28(58)19-34-52(6)16-13-30(25(3)51(52,5)17-18-53(34,54)7)73-50-46(42(66)37(61)31(20-56)74-50)77-48-44(68)40(64)38(62)32(75-48)22-70-26(4)57/h11,25,27-50,56,58-69H,10,12-23H2,1-9H3/t25?,27-,28+,29-,30+,31+,32?,33+,34?,35?,36-,37+,38+,39+,40-,41-,42-,43+,44+,45-,46?,47-,48-,49?,50+,51-,52+,53+,54+,55-/m0/s1",SUTCTJLSGFLNKT-SUMHXJRGSA-N,
,三七皂苷 Fe,notoginsenoside Fe,/,902.5239,C46H78O17,,甾体,C/C(C)=C\CCC(OC1OC(COC2C(O)C(O)C(O)CO2)C(O)C(O)C1O)(C)C3CCC4C5(C)CCC6C(C)(C)C(OC7C(O)C(O)C(O)C(CO)O7)CCC6(C)C5CC(O)C43,"InChI=1S/C46H78O17/c1-21(2)9-8-14-46(7,63-42-39(57)36(54)34(52)27(61-42)20-59-40-37(55)32(50)25(49)19-58-40)23-11-10-22-31(23)24(48)17-29-44(22,5)15-12-28-43(3,4)30(13-16-45(28,29)6)62-41-38(56)35(53)33(51)26(18-47)60-41/h9,22-42,47-57H,8,10-20H2,1-7H3",JRMSZOWBQJLWEK-UHFFFAOYSA-N,
,人参皂苷 Rd2,ginsenoside Rd2,83480-64-2,917.1279,C47H80O17,,甾体,CC1(C)C2CCC3(C)C4=C(CCC3C2C5C1C(CC5)C(O)C(C)C)C(O)CC6C4(C)C(CCC6(C)C)O[C@@H]7OC@HC@@HC@H[C@H]7O,"InChI=1S/C47H80O17/c1-20(2)31-17-19(49)16-48-47(6)18-30(5)15-29(4)13-27(2)14-28(3)12-26(1)11-25(46(53)54)45(52)58-44-40(56)39(55)38(54)37(19)57-44)41(50)59-45-42(51)43(52)60-45/h11,20-28,30-31,37-45,49-52H,12-18H2,1-10H3,(H,53,54)(H,55,56)(H,57,58)(H,59,60)/t20-,21+,22+,23-,24+,25-,26+,27-,28+,30+,31+,37-,38+,39+,40-,41+,42+,43-,44+,45+,46+,47-/m1/s1",ZTQSADJAYQOCDD-FDDSVCGKSA-N,
,七叶胆皂苷 IX,gypenoside IX,80321-63-7,916.5396,C47H80O17,,甾体,CC1(C)C2CCC3(C)C4=C(CCC3C2C5C1C(CC5)C(O)C(C)C)C(O)CC6C4(C)C(CCC6(C)C)O[C@@H]7OC@HC@@HC@H[C@H]7O,"InChI=1S/C47H80O17/c1-20(2)31-17-19(49)16-48-47(6)18-30(5)15-29(4)13-27(2)14-28(3)12-26(1)11-25(46(53)54)45(52)58-44-40(56)39(55)38(54)37(19)57-44)41(50)59-45-42(51)43(52)60-45/h11,20-28,30-31,37-45,49-52H,12-18H2,1-10H3,(H,53,54)(H,55,56)(H,57,58)(H,59,60)/t20-,21+,22+,23-,24+,25-,26+,27-,28+,30+,31+,37-,38+,39+,40-,41+,42+,43-,44+,45+,46+,47-/m1/s1",ZTQSADJAYQOCDD-FDDSVCGKSA-N,
,越南参皂苷 R4,vina-ginsenoside R4,156009-80-2,962.5450 ,C48H82O19,,甾体,CC1(C)C2CCC3(C)C4=C(CCC3C2C5C1C(CC5)C(O)C(C)C)C(O)CC6C4(C)C(CCC6(C)C)O[C@@H]7OC@HC@@HC@H[C@H]7O[C@@H]8OC@HC@@HC@H[C@H]8O,"InChI=1S/C48H82O19/c1-21(2)33-19-23(51)18-50-49(7)20-32(6)17-31(5)15-29(3)16-30(4)14-28(1)13-27(48(55)56)47(54)62-46-42(58)41(57)40(56)39(24)61-46)43(52)63-47-44(53)45(54)64-47/h13,21-32,39-47,51-54H,14-20H2,1-12H3,(H,55,56)(H,57,58)(H,59,60)(H,61,62)(H,63,64)/t21-,22+,23+,24-,25+,26-,27+,28-,29+,30+,31+,32+,39-,40+,41+,42-,43+,44+,45-,46+,47+,48+,49-/m1/s1",UOJAEODBOCLNBU-GYMUUCMZSA-N,
,三七皂苷 R1,notoginsenoside R1,80418-24-2,932.5345,C47H80O18,,甾体,C[C@@]12C([C@@H](OC3O[C@H](CO)[C@@H](O)[C@H](O)[C@H]3OC4[C@H](O)[C@@H](O)[C@H](O)CO4)C[C@]5(C)C2C[C@@H](O)C6[C@@]5(C)CCC6[C@](O[C@@H]7O[C@H](CO)[C@@H](O)[C@H](O)[C@H]7O)(C)CC/C=C(C)/C)C(C)(C)[C@@H](O)CC1,"InChI=1S/C47H80O18/c1-21(2)10-9-13-47(8,65-41-37(59)34(56)32(54)26(18-48)62-41)22-11-15-45(6)30(22)23(50)16-28-44(5)14-12-29(52)43(3,4)39(44)25(17-46(28,45)7)61-42-38(35(57)33(55)27(19-49)63-42)64-40-36(58)31(53)24(51)20-60-40/h10,22-42,48-59H,9,11-20H2,1-8H3/t22?,23-,24-,25+,26-,27-,28?,29+,30?,31+,32-,33-,34+,35+,36-,37-,38-,39?,40?,41+,42?,44-,45-,46-,47+/m1/s1",LLPWNQMSUYAGQI-VDFQYTCKSA-N,
,三七皂苷 R6,notoginsenoside S,575446-95- 6,1343.6769,C63H106O30,,甾体,C[C@]12[C@]3(C@@([H])C@([H])CC3)C,"InChI=1S/C63H106O30/c1-24(2)10-9-14-63(8,89-56-51(79)46(74)41(69)31(85-56)23-82-54-49(77)36(64)27(62)21-75-54)25-11-16-62(7)35(25)26(61)18-33-60(6)15-13-34(59(3,4)32(60)12-17-61(33,62)5)86-57-52(47(75)42(70)37(65)28(20-83-57)81-58-53(48(76)43(71)38(66)29(19-84-58)80-55-44(72)39(67)30(21-85-55)88-63)87-63/h10,25-58,64-83H,9,11-23H2,1-8H3/t25-,26-,27-,28-,29-,30-,31-,32-,33+,34+,35-,36+,37+,38-,39+,40+,41-,42-,43+,44-,45-,46+,47+,48+,49+,50-,51-,52+,53+,54+,55+,56+,57+,58+,59-,60+,61+,62+,63-/m1/s1",XBGLCVZQMWKHFC-UHFFFAOYSA-N,
,三七皂苷 Ｒ4,"β-D-Glucopyranoside, (3β,12β)-12-hydroxy-20-[(O-β-D-xylopyranosyl-(1→6)-O-β-D-glucopyranosyl-(1→6)-β-D-glucopyranosyl)oxy]dammar-24-en-3-yl 2-O-β-D-glucopyranosyl-",87741-77-3,1240.6452,C59H100O27,,甾体,C[C@]12[C@]3(C@@([H])C@([H])CC3)C,"InChI=1S/C59H100O27/c1-24(2)10-9-14-59(8,85-57-52(80)47(75)42(70)32(86-57)23-83-55-50(78)37(65)27(62)21-76-55)25-11-16-58(7)35(25)26(61)18-33-56(6)15-13-34(55(3,4)32(56)12-17-57(33,58)5)82-60-53-48(77)43(71)38(66)28(20-84-60)81-54-49(79)39(67)29(19-85-54)87-59)88-59/h10,25-54,61-80H,9,11-23H2,1-8H3/t25-,26-,27-,28-,29-,30-,31-,32-,33+,34+,35-,36+,37+,38-,39+,40+,41-,42-,43+,44-,45-,46+,47+,48+,49+,50-,51-,52+,53+,54+,55-,56+,57+,58+,59+/m1/s1",ZTLHCVXQKECGHI-UHFFFAOYSA-N,
,三七皂苷 Fc, NotoginsenosideFc,88122- 52- 5,1210.6346,C58H98O26,,甾体,C[C@]12[C@]3(C@@([H])C@([H])CC3)C,"InChI=1S/C58H98O26/c1-24(2)10-9-14-58(8,84-51-46(74)41(69)40(68)31(80-51)23-77-49-44(72)36(64)27(62)21-75-49)25-11-16-57(7)35(25)26(61)18-33-55(6)15-13-34(54(3,4)32(55)12-17-56(33,57)5)81-52-47(42(70)38(66)28(20-83-52)82-55-48(43(71)39(67)29(19-85-55)88-58)87-58/h10,25-52,61-74H,9,11-23H2,1-8H3/t25-,26-,27-,28-,29-,30-,31-,32-,33+,34+,35-,36+,37+,38-,39+,40+,41-,42-,43+,44-,45-,46+,47+,48+,49+,50-,51-,52+,53+,54+,55+,56+,57+,58+/m1/s1",XBGLCVZQMWKHFC-UHFFFAOYSA-N,
,三七皂苷 Fa,Notoginsenoside Fa, 88100-04-3,1240.6452,C59H100O27,,甾体,CC1(C)C(OC2C(OC3C(OC4C(O)C(O)C(O)CO4)C(O)C(O)C(CO)O3)C(O)C(O)C(CO)O2)CCC5(C)C1CCC6(C)C5CC(O)C7C6(C)CCC7C(OC8OC(COC9C(O)C(O)C(O)C(CO)O9)C(O)C(O)C8O)(CC/C=C(C)/C)C,"InChI=1S/C59H100O27/c1-24(2)10-9-14-59(8,86-52-47(76)42(71)40(69)31(82-52)23-78-50-46(75)41(70)37(66)28(19-60)79-50)25-11-16-58(7)35(25)26(63)18-33-56(5)15-13-34(55(3,4)32(56)12-17-57(33,58)6)83-53-48(43(72)38(67)29(20-61)80-53)85-54-49(44(73)39(68)30(21-62)81-54)84-51-45(74)36(65)27(64)22-77-51/h10,25-54,60-76H,9,11-23H2,1-8H3",HERICYNRBVMDFO-UHFFFAOYSA-N,
,人参皂苷 Rf1,ginsenoside Rf1,/,624.4237,C35H60O9,,甾体,C/C(C)=C/CC[C@@](OC1OC(CO)C(O)C(O)C1O)(C)C2CC[C@@]3(C)C4C[C@H](O)C5C(C)(C)[C@@H](O)CC[C@]5(C)C4C[C@@H](O)C32,"InChI=1S/C35H60O9/c1-18(2)9-8-12-35(7,44-31-29(42)28(41)27(40)24(17-36)43-31)19-10-13-33(5)20-16-23(38)30-32(3,4)25(39)11-14-34(30,6)21(20)15-22(37)26(19)33/h9,19-31,36-42H,8,10-17H2,1-7H3/t19?,20?,21?,22-,23+,24?,25+,26?,27?,28?,29?,30?,31?,33+,34-,35+/m1/s1",ZMLSUWNWQZLCDH-YSGWGNROSA-N,
,人参皂苷 F1,ginsenoside F1,53963-43-2,638.4394,C36H62O9,,甾体,CC(=CCCC(C)(C1CCC2(C1C(CC3C2(CC(C4C3(CCC(C4(C)C)O)C)O)C)O)C)OC5C(C(C(C(O5)CO)O)O)O)C,"InChI=1S/C36H62O9/c1-19(2)10-9-12-36(8,45-31-28(43)27(42)26(41)24(18-37)44-31)35(7)15-14-34(6)21-16-22(38)29-32(3,4)25(40)11-13-33(29,5)20(21)17-23(39)30(34)35/h10,20-31,37-43H,9,11-18H2,1-8H3/t20-,21+,22-,23+,24-,25+,26-,27-,28-,29+,30-,31-,33-,34-,35+,36-/m0/s1",XNGXWSFSJIQMNC-FIYORUNESA-N,
,人参皂苷 F3,ginsenoside F3,62025-50-7,770.4816,C41H70O13,,甾体,CC(=CCCC@@([C@H]1CC[C@@]2([C@@H]1C@@HO)C)O[C@H]5C@@HO)C,"InChI=1S/C41H70O13/c1-20(2)10-9-13-41(8,54-36-33(50)31(48)30(47)25(53-36)19-52-35-32(49)29(46)24(44)18-51-35)21-11-15-39(6)28(21)22(42)16-26-38(5)14-12-27(45)37(3,4)34(38)23(43)17-40(26,39)7/h10,21-36,42-50H,9,11-19H2,1-8H3/t21-,22+,23-,24-,25+,26+,27-,28-,29-,30+,31-,32+,33+,34-,35-,36-,38+,39+,40+,41-/m0/s1",HJRVLGWTJSLQIG-ABNMXWHVSA-N,
,人参皂苷 Rg5,Ginsenoside-Rg5,186763-78-0,766.4867,C42H70O12,,甾体,O1C@H[C@H]2C@@HO[C@@H]3C([C@H]4C@@(CC3)C)(C)C,"InChI=1S/C42H70O12/c1-21(2)10-9-11-22(3)23-12-16-42(8)30(23)24(45)18-28-40(6)15-14-29(39(4,5)27(40)13-17-41(28,42)7)53-38-36(34(49)32(47)26(20-44)52-38)54-37-35(50)33(48)31(46)25(19-43)51-37/h10-11,23-38,43-50H,9,12-20H2,1-8H3/b22-11+/t23-,24-,25-,26-,27+,28-,29+,30+,31+,32+,33+,34-,35-,36+,37+,38+,40-,41+,42+/m1/s1",NJUXRKMKOFXMRX-RNCAKNGISA-N,
,majoroside F1,,114128-16-4,962.5450 ,C48H82O19,,甾体,C=C(C)[C@H](O)CC[C@@](O[C@@H]1O[C@H](CO)[C@@H](O)[C@H](O)[C@H]1O)(C)C2CC[C@@]3(C)[C@]4(C)CCC5C(C)(C)[C@@H](O[C@H]6[C@H](O[C@H]7[C@H](O)[C@@H](O)[C@H](O)[C@@H](CO)O7)[C@@H](O)[C@H](O)[C@@H](CO)O6)CC[C@]5(C)C4C[C@@H](O)C32,"InChI=1S/C48H82O19/c1-21(2)23(52)10-16-48(8,67-42-39(61)36(58)33(55)26(19-50)63-42)22-9-14-47(7)31(22)24(53)17-29-45(5)13-12-30(44(3,4)28(45)11-15-46(29,47)6)65-43-40(37(59)34(56)27(20-51)64-43)66-41-38(60)35(57)32(54)25(18-49)62-41/h22-43,49-61H,1,9-20H2,2-8H3/t22?,23-,24-,25-,26-,27-,28?,29?,30+,31?,32-,33-,34-,35+,36+,37+,38-,39-,40-,41+,42+,43+,45+,46-,47-,48+/m1/s1",FAJNTKKJVSRNEJ-CEBUWDJPSA-N,
,majoroside F2,,/,800.4922,C42H72O14,,甾体,C=C(C)C(O)CC[C@@](OC1OC(CO)C(O)C(O)C1O)(C)C2CC[C@@]3(C)[C@]4(C)CCC5C(C)(C)[C@@H](OC6C(O)C(O)C(O)C(CO)O6)CC[C@]5(C)C4C[C@@H](O)C32,"InChI=1S/C42H72O14/c1-20(2)22(45)10-16-42(8,56-37-35(52)33(50)31(48)25(19-44)54-37)21-9-14-41(7)29(21)23(46)17-27-39(5)13-12-28(38(3,4)26(39)11-15-40(27,41)6)55-36-34(51)32(49)30(47)24(18-43)53-36/h21-37,43-52H,1,9-19H2,2-8H3/t21?,22?,23-,24?,25?,26?,27?,28+,29?,30?,31?,32?,33?,34?,35?,36?,37?,39+,40-,41-,42+/m1/s1",UJUDHUMABIRGHD-AWJVFGSKSA-N,
,majoroside F3,,/,800.4922,C42H72O14,,甾体,CC(C)C(O)/C=C/[C@@](OC1OC(CO)C(O)C(O)C1O)(C)C2CC[C@@]3(C)[C@]4(C)CCC5C(C)(C)[C@@H](OC6C(O)C(O)C(O)C(CO)O6)CC[C@]5(C)C4C[C@@H](O)C32,"InChI=1S/C42H72O14/c1-20(2)22(45)10-16-42(8,56-37-35(52)33(50)31(48)25(19-44)54-37)21-9-14-41(7)29(21)23(46)17-27-39(5)13-12-28(38(3,4)26(39)11-15-40(27,41)6)55-36-34(51)32(49)30(47)24(18-43)53-36/h10,16,20-37,43-52H,9,11-15,17-19H2,1-8H3/b16-10+/t21?,22?,23-,24?,25?,26?,27?,28+,29?,30?,31?,32?,33?,34?,35?,36?,37?,39+,40-,41-,42+/m1/s1",QBGJMXNDMOZGPR-QZZYRQRGSA-N,
,majoroside F4,,/,800.4922,C42H72O14,,甾体,CC(C)(O)/C=C/C[C@@](OC1OC(CO)C(O)C(O)C1O)(C)C2CC[C@@]3(C)[C@]4(C)CCC5C(C)(C)[C@@H](OC6C(O)C(O)C(O)C(CO)O6)CC[C@]5(C)C4C[C@@H](O)C32,"InChI=1S/C42H72O14/c1-37(2,52)13-9-14-42(8,56-36-34(51)32(49)30(47)24(20-44)54-36)21-10-16-41(7)28(21)22(45)18-26-39(5)15-12-27(38(3,4)25(39)11-17-40(26,41)6)55-35-33(50)31(48)29(46)23(19-43)53-35/h9,13,21-36,43-52H,10-12,14-20H2,1-8H3/b13-9+/t21?,22-,23?,24?,25?,26?,27+,28?,29?,30?,31?,32?,33?,34?,35?,36?,39+,40-,41-,42+/m1/s1",DLGUZDHEUZPNLJ-MSEFCVRESA-N,
,majoroside F5,,125309-99-1,978.5399,C48H82O20,,甾体,C[C@H]1C@HC@@HC@HC@@H[C@H]1O[C@@H]2OC@HC@@HC@H[C@H]2O[C@@H]3OC@HC@@HC@H[C@H]3O,"InChI=1/C47H80O19/c1-20-30(52)33(55)36(58)40(61-20)65-38-35(57)32(54)27(19-49)64-42(38)62-25-17-23-22(46(7)15-11-28(51)44(4,5)39(25)46)16-24(50)29-21(10-14-45(23,29)6)47(8,13-9-12-43(2,3)60)66-41-37(59)34(56)31(53)26(18-48)63-41/h9,12,20-42,48-60H,10-11,13-19H2,1-8H3/b12-9+/t20-,21-,22?,23?,24-,25+,26+,27+,28?,29?,30-,31+,32+,33+,34-,35-,36+,37+,38+,39?,40-,41-,42+,45+,46+,47-/m0/s1",OIXGCEPBMJMDRD-KYWVTDBVSA-N ,
,majoroside F6,,125310-00-1,948.5294,C47H80O19,,甾体,C[C@H]1C@HC@@HC@HC@@H[C@H]1O[C@@H]2OC@HC@@HC@H[C@H]2O[C@@H]3OC@HC@@HC@H[C@H]3O,"InChI=1/C47H80O19/c1-20-30(52)33(55)36(58)40(61-20)65-38-35(57)32(54)27(19-49)64-42(38)62-25-17-23-22(46(7)15-11-28(51)44(4,5)39(25)46)16-24(50)29-21(10-14-45(23,29)6)47(8,13-9-12-43(2,3)60)66-41-37(59)34(56)31(53)26(18-48)63-41/h9,12,20-42,48-60H,10-11,13-19H2,1-8H3/b12-9+/t20-,21-,22?,23?,24-,25+,26+,27+,28?,29?,30-,31+,32+,33+,34-,35-,36+,37+,38+,39?,40-,41-,42+,45+,46+,47-/m0/s1",OIXGCEPBMJMDRD-KYWVTDBVSA-N ,
,bipinnatifidusoside F1,,125409-60-1,949.1267,C47H80O19,,甾体,C[C@H]1C@HC@@HC@HC@@H[C@H]1O[C@@H]2OC@HC@@HC@H[C@H]2O[C@@H]3OC@HC@@HC@H[C@H]3O,"InChI=1/C47H80O19/c1-20-30(52)33(55)36(58)40(61-20)65-38-35(57)32(54)27(19-49)64-42(38)62-25-17-23-22(46(7)15-11-28(51)44(4,5)39(25)46)16-24(50)29-21(10-14-45(23,29)6)47(8,13-9-12-43(2,3)60)66-41-37(59)34(56)31(53)26(18-48)63-41/h9,12,20-42,48-60H,10-11,13-19H2,1-8H3/b12-9+/t20-,21-,22?,23?,24-,25+,26+,27+,28?,29?,30-,31+,32+,33+,34-,35-,36+,37+,38+,39?,40-,41-,42+,45+,46+,47-/m0/s1",UYZKHXYACWTLFG-VPURUKEUSA-N ,
,bipinnatifidusoside F2,,125310-01-2,948.5294,C47H80O19,,甾体,C[C@H]1C@HC@@HC@HC@@H[C@H]1O[C@@H]2OC@HC@@HC@H[C@H]2O[C@@H]3OC@HC@@HC@H[C@H]3O,"InChI=1/C47H80O19/c1-20-30(52)33(55)36(58)40(61-20)65-38-35(57)32(54)27(19-49)64-42(38)62-25-17-23-22(46(7)15-11-28(51)44(4,5)39(25)46)16-24(50)29-21(10-14-45(23,29)6)47(8,13-9-12-43(2,3)60)66-41-37(59)34(56)31(53)26(18-48)63-41/h9,12,20-42,48-60H,10-11,13-19H2,1-8H3/b12-9+/t20-,21-,22?,23?,24-,25+,26+,27+,28?,29?,30-,31+,32+,33+,34-,35-,36+,37+,38+,39?,40-,41-,42+,45+,46+,47-/m0/s1",FDBYKTWBCHWRCZ-MPKSCNMJSA-N ,
,"20,25-epoxy-3-hydroxy-dammaran-6- O-α-D-glucopyranosyl-12-O-β-D-glucopyranoide",,/,800.4922,C42H72O14,,甾体,C[C@@]12C([C@@H](OC3C(O)C(O)C(O)C(CO)O3)C[C@]4(C)C2C[C@@H](OC5OC(CO)C(O)C(O)C5O)C6[C@@]4(C)CCC6[C@]7(C)CCCC(C)(C)O7)C(C)(C)[C@@H](O)CC1,"InChI=1S/C42H72O14/c1-37(2)12-9-13-42(8,56-37)20-10-15-40(6)27(20)21(52-35-32(50)30(48)28(46)23(18-43)54-35)16-25-39(5)14-11-26(45)38(3,4)34(39)22(17-41(25,40)7)53-36-33(51)31(49)29(47)24(19-44)55-36/h20-36,43-51H,9-19H2,1-8H3/t20?,21-,22+,23?,24?,25?,26+,27?,28?,29?,30?,31?,32?,33?,34?,35?,36?,39-,40-,41-,42+/m1/s1",UNUKKSZQAIYASV-VQLRJRJYSA-N,
,24( R) -珠子参苷 R1,24( R) -majoroside R1,/,816.4871, C42H72O15,,甾体,OC1CCC2(C)C(C(OC3C(OC4OC(CO)C(O)C(O)C4O)C(O)C(O)C(CO)O3)CC5(C)C2CC(O)C6[C@@]5(C)CCC6[C@@]7(C)OC(C(C)(O)C)CC7)C1(C)C,"InChI=1S/C42H72O15/c1-37(2)25(46)10-12-39(5)24-15-20(45)27-19(42(8)14-11-26(57-42)38(3,4)52)9-13-40(27,6)41(24,7)16-21(34(37)39)53-36-33(31(50)29(48)23(18-44)55-36)56-35-32(51)30(49)28(47)22(17-43)54-35/h19-36,43-52H,9-18H2,1-8H3/t19?,20?,21?,22?,23?,24?,25?,26?,27?,28?,29?,30?,31?,32?,33?,34?,35?,36?,39?,40-,41?,42+/m1/s1",TVWNWTCNFUZDDJ-MTLKJZHHSA-N,
,24( S) -珠子参苷 R1,24 (S)-majonoside R1,/,816.4871,C42H72O15,,甾体,CC(C)(O)[C@@H](O1)CC[C@@]1(C)C2CC[C@@]3(C)[C@]4(C)C[C@H](OC5C(OC6C(O)C(O)C(O)C(CO)O6)C(O)C(O)C(CO)O5)C7C(C)(C)[C@@H](O)CC[C@]7(C)C4C[C@@H](O)C32,"InChI=1S/C42H72O15/c1-37(2)25(46)10-12-39(5)24-15-20(45)27-19(42(8)14-11-26(57-42)38(3,4)52)9-13-40(27,6)41(24,7)16-21(34(37)39)53-36-33(31(50)29(48)23(18-44)55-36)56-35-32(51)30(49)28(47)22(17-43)54-35/h19-36,43-52H,9-18H2,1-8H3/t19?,20-,21+,22?,23?,24?,25+,26+,27?,28?,29?,30?,31?,32?,33?,34?,35?,36?,39-,40-,41-,42+/m1/s1",TVWNWTCNFUZDDJ-ICUSPFDISA-N,
,24( S) -珠子参苷 R2,24 (S)-majonoside R2,/,786.4766 ,C41H70O14,,甾体,CC(C)(O)[C@@H](O1)CC[C@@]1(C)C2CC[C@@]3(C)[C@]4(C)C[C@H](OC5C(OC6C(O)C(O)C(O)CO6)C(O)C(O)C(CO)O5)C7C(C)(C)[C@@H](O)CC[C@]7(C)C4C[C@@H](O)C32,"InChI=1S/C41H70O14/c1-36(2)25(45)10-12-38(5)24-15-20(43)27-19(41(8)14-11-26(55-41)37(3,4)50)9-13-39(27,6)40(24,7)16-22(33(36)38)52-35-32(30(48)29(47)23(17-42)53-35)54-34-31(49)28(46)21(44)18-51-34/h19-35,42-50H,9-18H2,1-8H3/t19?,20-,21?,22+,23?,24?,25+,26+,27?,28?,29?,30?,31?,32?,33?,34?,35?,38-,39-,40-,41+/m1/s1",UGMDQWNVJMIQKD-HPEFSMJBSA-N,
,"3β,6α,12β,25- tetrahydroxy-(20S,24S)-epoxy-dammarane",,/,492.3815,C30H52O5,,甾体,CC(C)(O)[C@@H](O1)CC[C@@]1(C)C2CC[C@@]3(C)[C@]4(C)C[C@H](O)C5C(C)(C)[C@@H](O)CC[C@]5(C)C4C[C@@H](O)C32,"InChI=1S/C30H52O5/c1-25(2)21(33)10-12-27(5)20-15-18(31)23-17(30(8)14-11-22(35-30)26(3,4)34)9-13-28(23,6)29(20,7)16-19(32)24(25)27/h17-24,31-34H,9-16H2,1-8H3/t17?,18-,19+,20?,21+,22+,23?,24?,27-,28-,29-,30+/m1/s1",XIGBHUXQOPWGDK-SGMIDWQOSA-N,
,pseudo-ginsenoside-F11,,69884-00-0,800.4922,C42H72O14,,甾体,O[C@H]([C@@H]1O)[C@@H](O[C@@H](C)[C@@H]1O)O[C@@H]([C@H]2O)[C@@H](O[C@H](CO)[C@H]2O)O[C@@H]3[C@](C(C)(C)[C@H]4O)([H])[C@@](CC4)(C)[C@]5([H])[C@](C3)(C)[C@@](CC6)(C)[C@@]([C@H](O)C5)([H])[C@@]6([H])[C@@](CC7)(C)O[C@H]7C(C)(C)O,"InChI=1S/C42H72O14/c1-19-28(46)30(48)32(50)35(52-19)55-33-31(49)29(47)23(18-43)54-36(33)53-22-17-41(8)24(39(6)13-11-25(45)37(2,3)34(22)39)16-21(44)27-20(10-14-40(27,41)7)42(9)15-12-26(56-42)38(4,5)51/h19-36,43-51H,10-18H2,1-9H3/t19-,20-,21+,22-,23+,24+,25-,26+,27-,28-,29+,30+,31-,32+,33-,34-,35-,36+,39+,40+,41+,42-/m0/s1",JBGYSAVRIDZNKA-SQBONPAESA-N,
,24 (R)-ocotillol F11,,/,492.3815,C30H52O5,,甾体,CC([C@H](O1)CC[C@@]1(C)C2CC[C@@]3(C)[C@]4(C)C[C@H](O)C5C(C)(C)[C@@H](O)CC[C@]5(C)C4C[C@@H](O)C32)(O)C,"InChI=1S/C30H52O5/c1-25(2)21(33)10-12-27(5)20-15-18(31)23-17(30(8)14-11-22(35-30)26(3,4)34)9-13-28(23,6)29(20,7)16-19(32)24(25)27/h17-24,31-34H,9-16H2,1-8H3/t17?,18-,19+,20?,21+,22-,23?,24?,27-,28-,29-,30+/m1/s1",XIGBHUXQOPWGDK-GBBGTGGJSA-N,
,"(20S)-20,24-epoxy-3β,6α,12β-trihydroxy-dammaran-25-O-β-D-glucopyranoide",,/,654.4343,C36H62O10,,甾体,CC(C(O1)CC[C@@]1(C)C2CC[C@@]3(C)[C@]4(C)C[C@H](O)C5C(C)(C)[C@@H](O)CC[C@]5(C)C4C[C@@H](O)C32)(OC6C(O)C(O)C(O)C(CO)O6)C,"InChI=1S/C36H62O10/c1-31(2)23(40)10-12-33(5)22-15-19(38)25-18(9-13-34(25,6)35(22,7)16-20(39)29(31)33)36(8)14-11-24(45-36)32(3,4)46-30-28(43)27(42)26(41)21(17-37)44-30/h18-30,37-43H,9-17H2,1-8H3/t18?,19-,20+,21?,22?,23+,24?,25?,26?,27?,28?,29?,30?,33-,34-,35-,36+/m1/s1",RCQQOZKIWFJACA-BUPHSNELSA-N,
,vinaginsenoside R9,,/,962.5450 ,C48H82O19,,甾体,C=C(C)C(O)CC[C@@](OC1OC(CO)C(O)C(O)C1O)(C)C2CC[C@@]3(C)[C@]4(C)CCC5C(C)(C)[C@@H](OC6C(OC7C(O)C(O)C(O)C(CO)O7)C(O)C(O)C(CO)O6)CC[C@]5(C)C4C[C@@H](O)C32,"InChI=1S/C48H82O19/c1-21(2)23(52)10-16-48(8,67-42-39(61)36(58)33(55)26(19-50)63-42)22-9-14-47(7)31(22)24(53)17-29-45(5)13-12-30(44(3,4)28(45)11-15-46(29,47)6)65-43-40(37(59)34(56)27(20-51)64-43)66-41-38(60)35(57)32(54)25(18-49)62-41/h22-43,49-61H,1,9-20H2,2-8H3/t22?,23?,24-,25?,26?,27?,28?,29?,30+,31?,32?,33?,34?,35?,36?,37?,38?,39?,40?,41?,42?,43?,45+,46-,47-,48+/m1/s1",FAJNTKKJVSRNEJ-JBJPEIMKSA-N,
 ,"dammar-20,24-diene-3β,6α,12βtriol",,/,458.3760 ,C30H50O3,,甾体,C/C(C)=C\CCC(C1CC[C@@]2(C)[C@]3(C)C[C@H](O)C4C(C)(C)[C@@H](O)CC[C@]4(C)C3C[C@@H](O)C21)=C,"InChI=1S/C30H50O3/c1-18(2)10-9-11-19(3)20-12-15-29(7)25(20)21(31)16-23-28(6)14-13-24(33)27(4,5)26(28)22(32)17-30(23,29)8/h10,20-26,31-33H,3,9,11-17H2,1-2,4-8H3/t20?,21-,22+,23?,24+,25?,26?,28-,29-,30-/m1/s1",PVFYPUURNFDINN-JUOYJOONSA-N,
,"dammar-20 (22) Z,24-diene-3β,6α,12β-triol",,/,458.3760 ,C30H50O3,,甾体,C/C(C)=C\C/C=C(C)\C1CC[C@@]2(C)[C@]3(C)C[C@H](O)C4C(C)(C)[C@@H](O)CC[C@]4(C)C3C[C@@H](O)C21,"InChI=1S/C30H50O3/c1-18(2)10-9-11-19(3)20-12-15-29(7)25(20)21(31)16-23-28(6)14-13-24(33)27(4,5)26(28)22(32)17-30(23,29)8/h10-11,20-26,31-33H,9,12-17H2,1-8H3/b19-11-/t20?,21-,22+,23?,24+,25?,26?,28-,29-,30-/m1/s1",JKPOYAJYRYOGBN-OXXJMKKESA-N,
,majoroside Z,,/,1076.5767,C53H88O22,,甾体,CC(/C=C/C[C@@](OC1C(O)C(O)C(O)C(COC2C(O)C(O)C(O)CO2)O1)(C)C3CC[C@@]4(C)[C@]5(C)CCC6C(C)(C)[C@@H](OC7C(OC8C(O)C(O)C(O)C(CO)O8)C(O)C(O)C(CO)O7)CC[C@]6(C)C5C[C@@H](O)C43)=C,"InChI=1S/C53H88O22/c1-23(2)10-9-14-53(8,75-47-43(67)39(63)37(61)29(72-47)22-69-45-41(65)34(58)26(57)21-68-45)24-11-16-52(7)33(24)25(56)18-31-50(5)15-13-32(49(3,4)30(50)12-17-51(31,52)6)73-48-44(40(64)36(60)28(20-55)71-48)74-46-42(66)38(62)35(59)27(19-54)70-46/h9-10,24-48,54-67H,1,11-22H2,2-8H3/b10-9+/t24?,25-,26?,27?,28?,29?,30?,31?,32+,33?,34?,35?,36?,37?,38?,39?,40?,41?,42?,43?,44?,45?,46?,47?,48?,50+,51-,52-,53+/m1/s1",XKSMNNDOOOYREW-VLAAAARBSA-N,
,quinquenoside L11,,/,914.5239,C47H78O17,,甾体,CC(/C=C/C[C@@](OC1C(O)C(O)C(O)C(COC2C(O)C(O)C(O)CO2)O1)(C)C3CC[C@@]4(C)[C@]5(C)CCC6C(C)(C)[C@@H](OC7C(O)C(O)C(O)C(CO)O7)CC[C@]6(C)C5C[C@@H](O)C43)=C,"InChI=1S/C47H78O17/c1-22(2)10-9-14-47(8,64-42-39(58)36(55)34(53)27(62-42)21-60-40-37(56)32(51)25(50)20-59-40)23-11-16-46(7)31(23)24(49)18-29-44(5)15-13-30(43(3,4)28(44)12-17-45(29,46)6)63-41-38(57)35(54)33(52)26(19-48)61-41/h9-10,23-42,48-58H,1,11-21H2,2-8H3/b10-9+/t23?,24-,25?,26?,27?,28?,29?,30+,31?,32?,33?,34?,35?,36?,37?,38?,39?,40?,41?,42?,44+,45-,46-,47+/m1/s1",XEFHNCHJLMEGRG-DYAUWNHOSA-N,
,quinquenoside L1,,/,944.5345,C48H80O18,,甾体,CC(/C=C/C[C@@](OC1C(O)C(O)C(O)C(CO)O1)(C)C2CC[C@@]3(C)[C@]4(C)CCC5C(C)(C)[C@@H](OC6C(OC7C(O)C(O)C(O)C(CO)O7)C(O)C(O)C(CO)O6)CC[C@]5(C)C4C[C@@H](O)C32)=C,"InChI=1S/C48H80O18/c1-22(2)10-9-14-48(8,66-42-39(60)36(57)33(54)26(20-50)62-42)23-11-16-47(7)31(23)24(52)18-29-45(5)15-13-30(44(3,4)28(45)12-17-46(29,47)6)64-43-40(37(58)34(55)27(21-51)63-43)65-41-38(59)35(56)32(53)25(19-49)61-41/h9-10,23-43,49-60H,1,11-21H2,2-8H3/b10-9+/t23?,24-,25?,26?,27?,28?,29?,30+,31?,32?,33?,34?,35?,36?,37?,38?,39?,40?,41?,42?,43?,45+,46-,47-,48+/m1/s1",WVXJFLAAYXXXHY-TVXQKWPOSA-N,
,"dammar-20 (22) E,24-diene3β,6α,12β-triol",,/,458.3760 ,C30H50O3,,甾体,C[C@@]12C([C@@H](O)C[C@]3(C)C2C[C@@H](O)C4[C@@]3(C)CCC4/C(C)=C/C/C=C(C)/C)C(C)(C)[C@@H](O)CC1,"InChI=1S/C30H50O3/c1-18(2)10-9-11-19(3)20-12-15-29(7)25(20)21(31)16-23-28(6)14-13-24(33)27(4,5)26(28)22(32)17-30(23,29)8/h10-11,20-26,31-33H,9,12-17H2,1-8H3/b19-11+/t20?,21-,22+,23?,24+,25?,26?,28-,29-,30-/m1/s1",JKPOYAJYRYOGBN-LIOQCCHGSA-N,
, 金盏花苷E,"b-D-Glucopyranosiduronic acid,(3b)-17-carboxy-28-norolean-12-en-3-yl",26020- 14- 4,632.3924,C36H56O9,,三萜类,COC1=CC=C(/C=C/C(=O)CC(=O)/C=C/C2=CC=C(O)C=C2)C=C1OC,"InChI=1S/C22H22O5/c1-27-21-13-16(7-11-20(21)25)5-9-18(23)15-19(24)10-6-17-8-12-22(26)14-17/h5-14,25H,15H2,1-2H3/b9-5+,10-6+",PREBVFJICNPEKM-YDWXAUTNSA-N,
, 姜状三七苷R1,3β-[(2-O-β-D-Glucopyranosyl-β-D-glucopyranuronosyl)oxy]oleana-12-ene-28-oic acid,80930-74-1,794.4453,C42H66O14,,三萜类,COC1=CC=C(/C=C/C(=O)CC(=O)/C=C/C2=CC=C(O)C=C2)C=C1OC,"InChI=1S/C22H22O5/c1-27-21-13-16(7-11-20(21)25)5-9-18(23)15-19(24)10-6-17-8-12-22(26)14-17/h5-14,25H,15H2,1-2H3/b9-5+,10-6+",PREBVFJICNPEKM-YDWXAUTNSA-N,
,植酮,Phytone,502-69-2,268.2766,C18H36O,,挥发油,COC1=CC=C(/C=C/C(=O)CC(=O)/C=C/C2=CC=C(O)C=C2)C=C1OC,"InChI=1S/C22H22O5/c1-27-21-13-16(7-11-20(21)25)5-9-18(23)15-19(24)10-6-17-8-12-22(26)14-17/h5-14,25H,15H2,1-2H3/b9-5+,10-6+",PREBVFJICNPEKM-YDWXAUTNSA-N,
,α-芹子烯,α－ Selinene,745079-24-7,372.9811,C13H12INO4,,挥发油,O=C(C1=NOC(C2=CC=CC(I)=C2)=C1CO)OCC,"InChI=1S/C13H12INO4/c1-2-18-13(17)11-10(7-16)12(19-15-11)8-4-3-5-9(14)6-8/h3-6,16H,2,7H2,1H3",OVPWJABAIHGTJP-UHFFFAOYSA-N,
,虾青素,Astaxanthin,472-61-7,596.3866,C40H52O4,,萜类,CC1(C)C2CCC3(C)C4=C(CCC3C2C5C1C(CC5)C(O)C(C)C)C(O)CC6C4(C)C(CCC6(C)C)O[C@@H]7OC@HC@@HC@H[C@H]7O,"InChI=1S/C35H60O6/c1-20(2)31-17-19(37)16-36-35(9)18-30(8)15-29(7)13-27(5)14-28(6)12-26(4)11-25(3)10-24(34(40)41)33(39)43-32-23(38)22(21)29(35)42-32/h11,20-24,26-32,36-37H,10,12-18H2,1-9H3/t20-,21+,22+,23-,24+,26+,27+,28+,29+,30+,31+,32+,33-,34+,35-/m1/s1",HJTVQHVGMGKONQ-LUZURFALSA-N,
,叶绿醇,Phytol,7541-49-3,296.3079,C20H40O,,萜类,CC(CCCC(CCCC(CCCC(C)C)C)C)=CCO,"InChI=1S/C20H40O/c1-17(2)9-6-10-18(3)11-7-12-19(4)13-8-14-20(5)15-16-21/h15,17-19,21H,6-14,16H2,1-5H3",BOTWFXYSPFMFNR-UHFFFAOYSA-N,
,视黄醛,All－ trans－ retinal,116-31-4,284.2140 ,C20H28O,,萜类,COC1=CC=C(/C=C/C(=O)CC(=O)/C=C/C2=CC=C(O)C=C2)C=C1,"InChI=1S/C20H18O4/c1-23-17-9-13(5-11-19(17)21)7-15-16(22)14-8-12-3-6-18(24-2)4-1-12/h1-11,21-22H/b14-8+,15-7+",HJTVQHVGMGKONQ-LUZURFALSA-N,
,石竹素,(－ )－ Caryophyllene oxide,1139-30-6,220.1827,C15H24O,,萜类,COC1=CC=C(/C=C/C(=O)CC(=O)/C=C/C2=CC=C(O)C=C2)C=C1,"InChI=1S/C20H18O4/c1-23-17-9-13(5-11-19(17)21)7-15-16(22)14-8-12-3-6-18(24-2)4-1-12/h1-11,21-22H/b14-8+,15-7+",FUZZSPXAKDKVTQ-UHFFFAOYSA-N,
,β－愈创木烯,β－ Guaiene,88-84-6,204.1878,C15H24,,萜类,COC1=CC=C(/C=C/C(=O)CC(=O)/C=C/C2=CC=C(O)C=C2)C=C1,"InChI=1S/C20H18O4/c1-23-17-9-13(5-11-19(17)21)7-15-16(22)14-8-12-3-6-18(24-2)4-1-12/h1-11,21-22H/b14-8+,15-7+",RHJCSKVHFVFLTH-UHFFFAOYSA-N,
,α－雪松烯,α－ himachalene,3853-83-6,204.1878,C15H24,,萜类,CC1=C[C@H]2C(CC[C@]3(C)C4=C(CCC3C2C5C1C(CC5)C(C)C)C(C)C)C(C)C,"InChI=1S/C15H24/c1-11-7-8-13-12(2)6-5-9-15(3,4)14(13)10-11/h10,13-14H,2,5-9H2,1,3-4H3",ZJSIKVDEOWWVEH-UHFFFAOYSA-N,
,苯酚,Phenol,108- 95- 2,94.0419,C6H6O,,其他,OC1=CC=CC=C1,"InChI=1S/C6H6O/c7-6-4-2-1-3-5-6/h1-5,7H",QAWHDNWEOVMJSX-UHFFFAOYSA-N,
,辛醛,Octanal,124- 13- 0,128.1201,C8H16O,,萜类,CCCCCCCCCCO,"InChI=1S/C8H16O/c1-2-3-4-5-6-7-8-9/h9H,2-8H2,1H3",IBXOFYQGNGFJNL-UHFFFAOYSA-N,
,己酸,Caproic acid,142-62-1,116.0837,C6H12O2,,脂肪酸,CCCCCCCC(=O)O,"InChI=1S/C6H12O2/c1-2-3-4-5-6(7)8/h2-5H2,1H3,(H,7,8)",HJTVQHVGMGKONQ-LUZURFALSA-N,
,间－甲酚,M－ cresol,108- 39- 4,108.0575,C7H8O,,萜类,OC1=CC=C(C=C1)C(C)C,"InChI=1S/C9H12O/c1-7(2)9-5-3-8(10)4-6-9/h3-7,10H,1-2H3",IPCSVZSSVZVIGE-UHFFFAOYSA-N,
,辛醇,Capryl alcohol,111- 87- 5,130.1358,C8H18O,,萜类,CCCCCCCCCCO,"InChI=1S/C8H18O/c1-2-3-4-5-6-7-8-9/h9H,2-8H2,1H3",RHJCSKVHFVFLTH-UHFFFAOYSA-N,
,对－甲酚,P－ methylphenol,106- 44- 5,108.0575,C7H8O,,萜类,OC1=CC=C(C=C1)C(C)C,"InChI=1S/C9H12O/c1-7(2)9-5-3-8(10)4-6-9/h3-7,10H,1-2H3",HJTVQHVGMGKONQ-LUZURFALSA-N,
,松油烯－4－醇,Terpinece－ 4－ alcohol,562- 74- 3,154.1358,C10H18O,,萜类,CC(C)=C1C2C(C(C)C)C(C)(C)C1C(C)C2,"InChI=1S/C10H16/c1-7(2)9-5-8(3)4-6-10(9,3)4/h5H,6H2,1-4H3/t8-,9+,10+/m1/s1",PREBVFJICNPEKM-YDWXAUTNSA-N,
,1，2－ 二甲氧基苯,1，2－ dimethoxybenzene,91-16-7,138.0681,C8H10O2,,萜类,COC1=CC=C(/C=C/C(=O)CC(=O)/C=C/C2=CC=C(O)C=C2)C=C1,"InChI=1S/C20H18O4/c1-23-17-9-13(5-11-19(17)21)7-15-16(22)14-8-12-3-6-18(24-2)4-1-12/h1-11,21-22H/b14-8+,15-7+",GAIBLDCXCZKKJE-QRYCCKSOSA-N,
,辛酸,Caprylic acid,124-07-2,144.1150 ,C8H16O2,,脂肪酸,CCCCCCCCCCCCCCCC(=O)O,"InChI=1S/C16H32O2/c1-2-3-4-5-6-7-8-9-10-11-12-13-14-15-16(17)18/h2-15H2,1H3,(H,17,18)",PREBVFJICNPEKM-YDWXAUTNSA-N,
,1，2，3－ 三甲氧基苯,1，2，3－ trimethoxybenzene,634- 36- 6,168.0786,C9H12O3,,其他,OC1=CC=C(C=C1)C(C)C,"InChI=1S/C9H12O/c1-7(2)9-5-3-8(10)4-6-9/h3-7,10H,1-2H3",PREBVFJICNPEKM-YDWXAUTNSA-N,
,4－ 羟基－ 3－ 甲氧基苯乙酮,4－ hydroxy － 3 － methoxy-acetophenone,498- 02- 2,166.0630 , C9H10O3,,其他,COC1=CC=C(/C=C/C(=O)CC(=O)/C=C/C2=CC=C(O)C=C2)C=C1,"InChI=1S/C20H18O4/c1-23-17-9-13(5-11-19(17)21)7-15-16(22)14-8-12-3-6-18(24-2)4-1-12/h1-11,21-22H/b14-8+,15-7+",PREBVFJICNPEKM-YDWXAUTNSA-N,
,＆－ 榄香烯,＆－ Elemene,20307- 84- 0,204.1878, C15H24,,挥发油,COC1=CC=C(/C=C/C(=O)CC(=O)/C=C/C2=CC=C(O)C=C2)C=C1OC,"InChI=1S/C22H22O5/c1-27-21-13-16(7-11-20(21)25)5-9-18(23)15-19(24)10-6-17-8-12-22(26)14-17/h5-14,25H,15H2,1-2H3/b9-5+,10-6+",PREBVFJICNPEKM-YDWXAUTNSA-N,
,β－ 榄香烯,β－ Elemene,515- 13- 9,204.1878, C15H24,,挥发油,C=C1C(C)(C)C=C2C(C)(C)C=C3C(C)(C)C=C4C(C)(C)C=C(C1C2)C3C4,"InChI=1S/C15H24/c1-10-7-11(2)8-12(3)9-13(4)14(5)15(10,11)12-13-14-15/h7-9H,1-6H3/t10-,11+,12+,13-,14+,15-/m0/s1",IPCSVZSSVZVIGE-UHFFFAOYSA-N,
,3，4－ 二甲氧基苯酚 ,3，4－ Dimethoxyphenol,2033- 89- 8,154.0630 , C8H10O3,,挥发油,OC1=CC=C(OC)C(OC)=C1,"InChI=1S/C8H10O3/c1-10-7-4-3-6(9)5-8(7)11-2/h3-5,9H,1-2H3",RHJCSKVHFVFLTH-UHFFFAOYSA-N,
,β－ 毕澄茄烯,β－ Cubeben,13744- 15- 5,204.1878,C15H24,,挥发油,COC1=CC=C(/C=C/C(=O)CC(=O)/C=C/C2=CC=C(O)C=C2)C=C1OC,"InChI=1S/C22H22O5/c1-27-21-13-16(7-11-20(21)25)5-9-18(23)15-19(24)10-6-17-8-12-22(26)14-17/h5-14,25H,15H2,1-2H3/b9-5+,10-6+",LEPXBLXIMQIZNS-UHFFFAOYSA-N,
,4－ 羟基－ 3，5－ 二甲氧基苯乙酮,4－ hydroxy－ 3，5－ dimeth－ oxy acetophenone,2478- 38- 8,196.0736,C10H12O4,,挥发油,COC1=CC=C(/C=C/C(=O)CC(=O)/C=C/C2=CC=C(O)C=C2)C=C1OC,"InChI=1S/C22H22O5/c1-27-21-13-16(7-11-20(21)25)5-9-18(23)15-19(24)10-6-17-8-12-22(26)14-17/h5-14,25H,15H2,1-2H3/b9-5+,10-6+",IPCSVZSSVZVIGE-UHFFFAOYSA-N,
,β－ 芹子烯,β－ Selinene,21488- 94- 8,204.1878,C15H24,,挥发油,COC1=CC=C(/C=C/C(=O)CC(=O)/C=C/C2=CC=C(O)C=C2)C=C1OC,"InChI=1S/C22H22O5/c1-27-21-13-16(7-11-20(21)25)5-9-18(23)15-19(24)10-6-17-8-12-22(26)14-17/h5-14,25H,15H2,1-2H3/b9-5+,10-6+",IPCSVZSSVZVIGE-UHFFFAOYSA-N,
,橙花叔醇,Nerolidol,7212- 44- 4,222.1984,C15H26O,,挥发油,COC1=CC=C(/C=C/C(=O)CC(=O)/C=C/C2=CC=C(O)C=C2)C=C1OC,"InChI=1S/C22H22O5/c1-27-21-13-16(7-11-20(21)25)5-9-18(23)15-19(24)10-6-17-8-12-22(26)14-17/h5-14,25H,15H2,1-2H3/b9-5+,10-6+",ODKSFVMOEKOLRI-UHFFFAOYSA-N,
,棕榈酸,Cetylic acid,1957/10/3,256.2402,C16H32O2,,脂肪酸,CCCCCCCCCCCCCCCC(O)=O,"InChI=1S/C16H32O2/c1-2-3-4-5-6-7-8-9-10-11-12-13-14-15-16(17)18/h2-15H2,1H3,(H,17,18)",IPCSVZSSVZVIGE-UHFFFAOYSA-N,
,2，6－ 二特丁基苯酚,2，6－ Di－ tert－ butylphenol,128- 39- 2,206.1671,C14H22O,,挥发油,OC1=CC=C(C=C1)C(C)C,"InChI=1S/C9H12O/c1-7(2)9-5-3-8(10)4-6-9/h3-7,10H,1-2H3",WHUUTDBJXJRKMK-UHFFFAOYSA-N,
,α－ 紫罗兰酮,α－ Ionone,127- 41- 3,192.1514,C13H20O,,挥发油,CC(C)=C1C2C(C(C)C)C(C)(C)C1C(C)C2,"InChI=1S/C10H16/c1-7(2)9-5-8(3)4-6-10(9,3)4/h5H,6H2,1-4H3/t8-,9+,10+/m1/s1",PREBVFJICNPEKM-YDWXAUTNSA-N,
,三十六烷,Hexatriacontane,630- 06- 8,506.5791,C36H74,,挥发油,CCCCCCCCCCCCCCCC(=O)O,"InChI=1S/C16H32O2/c1-2-3-4-5-6-7-8-9-10-11-12-13-14-15-16(17)18/h2-15H2,1H3,(H,17,18)",YDLYQMBWCWFRAI-UHFFFAOYSA-N,
,三十一烷,Hentriacontane,630-04-6,436.5008,C31H64,,挥发油,CCCCCCCCCCCCCCCC(=O)O,"InChI=1S/C16H32O2/c1-2-3-4-5-6-7-8-9-10-11-12-13-14-15-16(17)18/h2-15H2,1H3,(H,17,18)",IUJAMGNYPWYUPM-UHFFFAOYSA-N,
,精氨酸,arginine,74-79-3,174.1117,C6H14N4O2,,氨基酸,NC(N)NCCCC(N)C(=O)O,"InChI=1S/C6H14N4O2/c2-1(3)4(5(7)8)6(9)10/h1,4H,(H,5,7)(H,8,9)(H,10,11)/t4-/m0/s1",ODKSFYDXXFIFQN-BYPYZUCNSA-N,
,天冬氨酸,L-ASPARTIC ACID,6899-3-2,133.0375,C4H7NO4,,氨基酸,N[C@@H](CC(O)=O)C(O)=O,"InChI=1S/C4H7NO4/c5-2(4(8)9)1-3(6)7/h2H,1,5H2,(H,6,7)(H,8,9)/t2-/m0/s1",CKLJMWTZIZZHCS-REOHCLBHSA-N,
,谷氨酸,L-Glutamic acid,56-86-0,147.0532,C5H9NO4,,氨基酸,NC(CCC(=O)O)C(=O)O,"InChI=1S/C5H9NO4/c6-3(5(9)10)1-2-4(7)8/h3H,1-2,6H2,(H,7,8)(H,9,10)",WHUUTDBJXJRKMK-VKHMYHEASA-N,
,脯氨酸,DL-Proline,609-36-9,115.0633,C5H9NO2,,氨基酸,COC1=CC=C(/C=C/C(=O)CC(=O)/C=C/C2=CC=C(O)C=C2)C=C1OC,"InChI=1S/C22H22O5/c1-27-21-13-16(7-11-20(21)25)5-9-18(23)15-19(24)10-6-17-8-12-22(26)14-17/h5-14,25H,15H2,1-2H3/b9-5+,10-6+",ONIBWKKTOPOVIA-UHFFFAOYSA-N,
,苏氨酸,L-Threonine,72-19-5,119.0582,C4H9NO3,,氨基酸,CC@HC(=O)O,"InChI=1S/C4H9NO3/c6-3(5)1-2-4(7)8/h3H,1-2,5H2,(H,6,8)(H,7,8)/t3-/m0/s1",AYFVYJQAPQTCCC-GBXIJSLDSA-N,
,丝氨酸,DL-Serine,302-84-1,105.0426,C3H7NO3,,氨基酸,CC@HC(=O)O,"InChI=1S/C3H7NO3/c1-2(4)3(5)6/h2H,4H2,1H3,(H,5,6)/t2-/m0/s1",MTCFGRXMJLQNBG-UHFFFAOYSA-N,
,甘氨酸,Glycine,56-40-6,75.0320 ,C2H5NO2,,氨基酸,CC@HC(=O)O,"InChI=1S/C3H7NO3/c1-2(4)3(5)6/h2H,4H2,1H3,(H,5,6)/t2-/m0/s1",DHMQDGOQFOQNFH-UHFFFAOYSA-N,
,丙氨酸,D-Alanine,338-69-2,89.0477,C3H7NO2,,氨基酸,CC@HC(=O)O,"InChI=1S/C3H7NO3/c1-2(4)3(5)6/h2H,4H2,1H3,(H,5,6)/t2-/m0/s1",QNAYBMKLOCPYGJ-UWTATZPHSA-N,
,胱氨酸,L-Cystine,56-89-3,240.0238,C6H12N2O4S2,,氨基酸,CC@HC(=O)O,"InChI=1S/C6H14N2O2/c1-2-3-4-5-6(7)8/h2-6H,7H2,1H3/t2-,3-,4-,5-,6-/m0/s1",LEVWYRKDKASIDU-ZXZARUISSA-N,
,缬氨酸,Valine,7004-3-7,117.0790 ,C5H11NO2,,氨基酸,N[C@@H](C(C)C)C(O)=O,"InChI=1S/C5H11NO2/c1-3(2)4(6)5(7)8/h3-4H,6H2,1-2H3,(H,7,8)/t4-/m0/s1",KZSNJWFQEVHDMF-BYPYZUCNSA-N,
,组氨酸,L-Histidine,71-00-1,155.0695,C6H9N3O2,,氨基酸,CC@HC(=O)O,"InChI=1S/C6H9NO3/c1-2-3-4-5(8)6(9)10/h2-5H,8H2,1H3/t2-,3-,4-,5-/m0/s1",HNDVDQJCIGZPNO-YFKPBYRVSA-N,
,赖氨酸,L-Lysine,56-87-1,146.1055,C6H14N2O2,,氨基酸,CC@HC(=O)O,"InChI=1S/C6H14N2O2/c1-2-3-4-5-6(7)8/h2-6H,7H2,1H3/t2-,3-,4-,5-,6-/m0/s1",KDXKERNSBIXSRK-YFKPBYRVSA-N,
,苯丙氨酸,Phenprobamate,673-31-4,179.0946,C10H13NO2,,氨基酸,CC@HC(=O)O,"InChI=1S/C6H14N2O2/c1-2-3-4-5-6(7)8/h2-6H,7H2,1H3/t2-,3-,4-,5-,6-/m0/s1",CAMYKONBWHRPDD-UHFFFAOYSA-N,
,酪氨酸,Boc-D-Tyr-OH,70642-86-3,281.1263,C14H19NO5,,氨基酸,CC@HC(=O)O,"InChI=1S/C6H14N2O2/c1-2-3-4-5-6(7)8/h2-6H,7H2,1H3/t2-,3-,4-,5-,6-/m0/s1",CNBUSIJNWNXLQQ-LLVKDONJSA-N,
,异亮氨酸,L-Isoleucine,73-32-5,131.0946,C6H13NO2,,氨基酸,CC@HC(=O)O,"InChI=1S/C6H14N2O2/c1-2-3-4-5-6(7)8/h2-6H,7H2,1H3/t2-,3-,4-,5-,6-/m0/s1",AGPKZVBTJJNPAG-WHFBIAKZSA-N,
,γ-氨基丁酸,4-Aminobutyric acid,1956-12-2,103.0633,C4H9NO2,,氨基酸,O=C(O)CCCN,"InChI=1S/C4H9NO2/c5-3-1-2-4(6)7/h1-3,5H2,(H,6,7)",BTCSSZJGUNDROE-UHFFFAOYSA-N,
