编号,分类,英文名称,化合物名称,分子式,分子量,CAS号,2D图,smiles,inchi,inchikey,药材名称
SZ-001,黄酮类,vitexin,牡荆素,C21H20O10,432.378,3681-93-4,,O=C1C=C(C2=CC=C(O)C=C2)OC3=C1C(O)=CC(O)=C3C4[C@@H]([C@H]([C@@H]([C@@H](CO)O4)O)O)O,"InChI=1S/C21H20O10/c22-7-14-17(27)18(28)19(29)21(31-14)16-11(25)5-10(24)15-12(26)6-13(30-20(15)16)8-1-3-9(23)4-2-8/h1-6,14,17-19,21-25,27-29H,7H2/t14-,17-,18+,19-,21?/m1/s1",SGEWCQFRYRRZDC-YWFAZRBLSA-N,山楂
SZ-002,黄酮类,vitexin-6″-O-acetyl,6″-O-乙酰基牡荆素,C21H19O9,415.10 ,\,,O=C1C=C(C2=CC=C(O)C=C2)OC3=C1C(O)=CC(O)=C3C4[C@@H]([C@H]([C@@H]([C@@H](CO)O4)[OAcetyl])O)O,,,山楂
SZ-003,黄酮类,vitexin-2″-O-acetyl,2″-O-乙酰基牡荆素,C21H19O9,415.10 ,\,,O=C1C=C(C2=CC=C(O)C=C2)OC3=C1C(O)=CC(O)=C3C4[C@@H]([C@H]([C@@H]([C@@H](C[OAcetyl])O4)O)O)O,,,山楂
SZ-004,黄酮类,vitexin-2″-O-rhamnosyl,牡荆素-2″-O-鼠李糖苷,C21H19O9,415.1029,\,,O=C1C=C(C2=CC=C(O)C=C2)OC3=C1C(O)=CC(O)=C3C4[C@@H]([C@H]([C@@H]([C@@H](C[ORhal])O4)O)O)O,,,山楂
SZ-005,黄酮类,vitexin-4′-rhamnosyl,牡荆素-4′-鼠李糖苷,C21H19O9,415.1029,\,,O=C1C=C(C2=CC=C([ORha])C=C2)OC3=C1C(O)=CC(O)=C3C4[C@@H]([C@H]([C@@H]([C@@H](CO)O4)O)O)O,,,山楂
SZ-006,黄酮类,vitexin-4′-rhamnosyl-O-glucoside,牡荆素-4′-鼠李糖葡萄糖苷,C21H19O9,415.1029,\,,O=C1C=C(C2=CC=C([ORha-Glc])C=C2)OC3=C1C(O)=CC(O)=C3C4[C@@H]([C@H]([C@@H]([C@@H](CO)O4)O)O)O,,,山楂
SZ-007,黄酮类,"vitexin-4′,7-diglucosyl","牡荆素-4′,7-双葡萄糖苷",C25H24O14,548.1166,\,,O=C1C=C(C2=CC=C(OC(CO)=O)C=C2)OC3=C1C(O)=CC(OC(CO)=O)=C3C4[C@@H]([C@H]([C@@H]([C@@H](CO)O4)O)O)O,"InChI=1S/C25H24O14/c26-7-16-21(33)22(34)23(35)25(39-16)20-15(37-18(32)9-28)6-13(30)19-12(29)5-14(38-24(19)20)10-1-3-11(4-2-10)36-17(31)8-27/h1-6,16,21-23,25-28,30,33-35H,7-9H2/t16-,21-,22+,23-,25?/m1/s1",AYVVMYLOKMYDCD-LTPCHLQRSA-N,山楂
SZ-008,黄酮类,vitexin-2′′-O-ramnosyl(4′′′-O-acetyl),牡荆素-2′′-O-鼠李糖-(4′′′-O-乙酰基),C33H36O19,736.1851,\,\,O=C1C=C(C(C=C2)=CC=C2OC(CO)=O)OC3=C1C(O)=CC(OC(CO)=O)=C3C4[C@@H]([C@H]([C@@H]([C@@H](CO)O4)O)O)OC5OC(C)C(OC(C)=O)C(O)C5O,"InChI=1S/C33H36O19/c1-12-29(47-13(2)37)27(44)28(45)33(46-12)52-32-26(43)25(42)20(9-34)51-31(32)24-19(49-22(41)11-36)8-17(39)23-16(38)7-18(50-30(23)24)14-3-5-15(6-4-14)48-21(40)10-35/h3-8,12,20,25-29,31-36,39,42-45H,9-11H2,1-2H3/t12?,20-,25-,26+,27?,28?,29?,31?,32-,33?/m1/s1",QLUJSRVGEJOLEX-DHZVNNAOSA-N,山楂
SZ-009,黄酮类,cratenacin,山楂纳新,\,\,\,\,,,,山楂
SZ-010,黄酮类,deacetyl-cratenacin,去乙酰基山楂纳新,\,\,\,\,,,,山楂
SZ-011,黄酮类,"5, 7, 4′-trihydroxyflavone 8-C-[β-D-glucopyranosyl (1—4) ]-α-L-rhamnopyranoside","5,7,4′-三羟基黄酮 8-C-［β-D-吡喃葡萄糖基(1—4)］-α-L-鼠李糖苷",\,\,\,\,,,,山楂
SZ-012,黄酮类,cosmosiin,大波斯菊苷,C21H20O10,432.378,578-74-5,,OC1=C(C(=CC(C2=CC=C(O)C=C2)=O3)=O)C3=CC(ON[C@H](C=O)CC(C(O)=O)C(O)=O)=C1,"InChI=1S/C21H17NO10/c23-9-11(5-14(20(27)28)21(29)30)22-32-13-6-15(25)19-16(26)8-17(31-18(19)7-13)10-1-3-12(24)4-2-10/h1-4,6-9,11,14,22,24-25H,5H2,(H,27,28)(H,29,30)/t11-/m0/s1",KBDGVPOVZJAZLR-NSHDSACASA-N,山楂
SZ-013,黄酮类,"5,4′-dihydroxl-7-O-rhamnosyl (Apigenin)","5,4′-二羟基黄酮-7-O-鼠李糖苷芹菜素",C15H9O4,253.0501,\,,[ORha]C1=CC(O)=C(C(=CC(C2=CC=C(O)C=C2)=O3)=O)C3=C1,,,山楂
SZ-014,黄酮类,isovitexin,异牡荆素,C21H20O10,432.378,29702-25-8,,OC1=C(C(CO)=O)C(O)=C(C(=CC(C2=CC=C(O)C=C2)=O3)=O)C3=C1,"InChI=1S/C17H12O7/c18-7-12(22)15-10(20)6-14-16(17(15)23)11(21)5-13(24-14)8-1-3-9(19)4-2-8/h1-6,18-20,23H,7H2",VZEPNCLHZQTLKR-UHFFFAOYSA-N,山楂
SZ-015,黄酮类,isovitexin-2″-O-rhamnosyl,异牡荆素-2″-O-鼠李糖苷,C15H9O5,269.045,\,,OC1=C([Neohesperidosyl])C(O)=C(C(=CC(C2=CC=C(O)C=C2)=O3)=O)C3=C1,,,山楂
SZ-016,黄酮类,vicenin-1,维采宁-1,C26H28O14,564.492,35927-38-9,,OC1=C([C@H]2[C@H](O)[C@@H](O)[C@H](O)[C@@H](CO)O2)C(OC(C3=CC=C(O)C=C3)=CC4=O)=C4C(O)=C1[C@H]5[C@H](O)[C@@H](O)[C@H](O)CO5,"InChI=1S/C26H28O14/c27-6-13-18(32)21(35)23(37)26(40-13)16-20(34)15(25-22(36)17(31)11(30)7-38-25)19(33)14-10(29)5-12(39-24(14)16)8-1-3-9(28)4-2-8/h1-5,11,13,17-18,21-23,25-28,30-37H,6-7H2/t11-,13-,17+,18-,21+,22-,23-,25+,26+/m1/s1",OVMFOVNOXASTPA-MCIQUCDDSA-N,山楂
SZ-017,黄酮类,vicenin-2,维采宁-2,C27H30O15,594.518,23666-13-9,,O[C@@H]1[C@@H](O)[C@H](C2=C3C(C(C=C(C4=CC=C(O)C=C4)O3)=O)=C(O)C([C@@H]5O[C@H](CO)[C@@H](O)[C@H](O)[C@H]5O)=C2O)O[C@H](CO)[C@H]1O,"InChI=1S/C27H30O15/c28-6-12-17(32)21(36)23(38)26(41-12)15-19(34)14-10(31)5-11(8-1-3-9(30)4-2-8)40-25(14)16(20(15)35)27-24(39)22(37)18(33)13(7-29)42-27/h1-5,12-13,17-18,21-24,26-30,32-39H,6-7H2/t12-,13-,17-,18-,21+,22+,23-,24-,26+,27+/m1/s1",FIAAVMJLAGNUKW-VQVVXJKKSA-N,山楂
SZ-018,黄酮类,vicenin-3,维采宁-3,C26H28O14,564.492,59914-91-9,,O=C1C=C(C2=CC=C(O)C=C2)OC3=C1C(O)=C([C@H]4[C@@H]([C@H]([C@@H]([C@@H](CO)O4)O)O)O)C(O)=C3[C@H]5[C@@H]([C@H]([C@@H](CO5)O)O)O,"InChI=1S/C26H28O14/c27-6-13-18(32)21(35)23(37)26(40-13)15-19(33)14-10(29)5-12(8-1-3-9(28)4-2-8)39-24(14)16(20(15)34)25-22(36)17(31)11(30)7-38-25/h1-5,11,13,17-18,21-23,25-28,30-37H,6-7H2/t11-,13-,17+,18-,21+,22-,23-,25+,26+/m1/s1",MMDUKUSNQNWVET-MCIQUCDDSA-N,山楂
SZ-019,黄酮类,schaftoside,夏佛塔苷,C26H28O14,564.49,51938-32-0,,OC[C@H]1OC([C@@H]([C@H]([C@@H]1O)O)O)OC2=C(C3=C(C(OC4OC[C@H]([C@H]([C@@H]4O)O)O)=C2O)OC(C5=CC=C(C=C5)O)=CC3=O)O,"InChI=1S/C26H28O16/c27-6-13-16(32)18(34)20(36)26(40-13)41-23-17(33)14-10(29)5-12(8-1-3-9(28)4-2-8)39-22(14)24(21(23)37)42-25-19(35)15(31)11(30)7-38-25/h1-5,11,13,15-16,18-20,25-28,30-37H,6-7H2/t11-,13-,15-,16-,18+,19+,20-,25?,26?/m1/s1",NIABBGMPPWXWOJ-JQSBCWDXSA-N,山楂
SZ-020,黄酮类,isoschaftoside,异夏佛塔苷,C26H28O14,564.492,52012-29-0,,OC1=C([C@H]2[C@H](O)[C@@H](O)[C@H](O)[C@@H](CO)O2)C(OC(C3=CC=C(O)C=C3)=CC4=O)=C4C(O)=C1[C@H]5[C@H](O)[C@@H](O)[C@@H](O)CO5,"InChI=1S/C26H28O14/c27-6-13-18(32)21(35)23(37)26(40-13)16-20(34)15(25-22(36)17(31)11(30)7-38-25)19(33)14-10(29)5-12(39-24(14)16)8-1-3-9(28)4-2-8/h1-5,11,13,17-18,21-23,25-28,30-37H,6-7H2/t11-,13+,17-,18+,21-,22+,23+,25-,26-/m0/s1",OVMFOVNOXASTPA-VYUBKLCTSA-N,山楂
SZ-021,黄酮类,neoschaftoside,新夏佛塔苷,C26H28O14,564.492,61328-41-4,,O=C1C=C(C2=CC=C(O)C=C2)OC3=C1C(O)=C([C@H]4C(O)[C@@H](O)[C@H](O)C(CO)O4)C(O)=C3[C@@H]5C(O)[C@H](O)[C@@H](O)CO5,"InChI=1S/C26H28O14/c27-6-13-18(32)21(35)23(37)26(40-13)15-19(33)14-10(29)5-12(8-1-3-9(28)4-2-8)39-24(14)16(20(15)34)25-22(36)17(31)11(30)7-38-25/h1-5,11,13,17-18,21-23,25-28,30-37H,6-7H2/t11-,13?,17+,18+,21-,22?,23?,25+,26-/m0/s1",MMDUKUSNQNWVET-CYKGWVDRSA-N,山楂
SZ-022,黄酮类,neoisoschaftoside,新异夏佛塔苷,C15H8O5,268.0372,\,,OC1=C([Pentosyl])C(O)=C(C(=CC(C2=CC=C(O)C=C2)=O3)=O)C3=C1[Heoxoxyl],,,山楂
SZ-023,黄酮类,violanthin,佛莱心苷,C27H30O14,578.519,40581-17-7,,C[C@H]1[C@H](O)[C@@H](O)[C@@H](O)[C@H](C2=C(O)C([C@H]3[C@H](O)[C@@H](O)[C@H](O)[C@@H](CO)O3)=C(O)C4=C2OC(C5=CC=C(O)C=C5)=CC4=O)O1,"InChI=1S/C27H30O14/c1-8-17(31)21(35)23(37)27(39-8)16-20(34)15(26-24(38)22(36)18(32)13(7-28)41-26)19(33)14-11(30)6-12(40-25(14)16)9-2-4-10(29)5-3-9/h2-6,8,13,17-18,21-24,26-29,31-38H,7H2,1H3/t8-,13+,17-,18+,21+,22-,23+,24+,26-,27-/m0/s1",MVOUGOXRXQDXDC-RSPRXDBDSA-N,山楂
SZ-024,黄酮类,pinnatifide A,山楂苷 A,C22H21O9,429.1186,\,,OC(C=C1)=CC=C1C2=OC3=C(CC45(C)O[C@@](C)([H])C(O)(O)[C@]4([H])O)C(O5)=CC(O)=C3C(=C2)=O,"InChI=1S/C22H21O9/c1-10-21(27,28)20(26)22(2,30-10)9-13-17(31-22)8-15(25)18-14(24)7-16(29-19(13)18)11-3-5-12(23)6-4-11/h3-8,10,20,23,25-28H,9H2,1-2H3/t10-,20+/m1/s1",RSJRRXQVYMAXCH-SBKAZYGRSA-N,山楂
SZ-025,黄酮类,pinnatifide B,山楂苷 B,C21H18O9,414.0591,\,,OC(C=C1)=CC=C1C2=OC3=C(CC45(C)O[C@@]([CH2Acetyl])([H])C(O)(O)[C@]4([H])O)C(O5)=CC(O)=C3C(=C2)=O,,,山楂
SZ-026,黄酮类,pinnatifide C,山楂苷 C,C21H18O9,414.0591,\,,OC(C=C1)=CC=C1C2=OC3=C(CC45(C)O[C@@]([CH2Acetyl])([H])C(O)(O)[C@]4(O)[H])C(O5)=CC(O)=C3C(=C2)=O,,,山楂
SZ-027,黄酮类,pinnatifide (D),山楂苷 D,C24H23O10,471.1291,\,,OC(C=C1)=CC=C1C2=OC3=C(CC45(C([H])[H])C([H])(O)[C@@](O)([H])[C@@]([H])(COC(C)=O)O4)C(O5)=CC(O)=C3C(=C2)=O,"InChI=1S/C24H23O10/c1-11(25)31-10-19-21(29)23(30)24(2,34-19)9-14-18(33-24)8-16(28)20-15(27)7-17(32-22(14)20)12-3-5-13(26)6-4-12/h3-8,19,21,23,26,28-30H,9-10H2,1-2H3/t19?,21-,23?/m1/s1",MZHKHNLFECTAEW-YUVVGHDESA-N,山楂
SZ-028,黄酮类,pinnatifide (I),山楂苷E,C24H23O10,471.1291,\,,OC(C=C1)=CC=C1C2=OC3=C(CC45(C([H])[H])C([H])(O)[C@@](O)([H])[C@@]([H])(COC(C)=O)O4)C(O5)=CC(O)=C3C(=C2)=O,"InChI=1S/C24H23O10/c1-11(25)31-10-19-21(29)23(30)24(2,34-19)9-14-18(33-24)8-16(28)20-15(27)7-17(32-22(14)20)12-3-5-13(26)6-4-12/h3-8,19,21,23,26,28-30H,9-10H2,1-2H3/t19?,21-,23?/m1/s1",MZHKHNLFECTAEW-YUVVGHDESA-N,山楂
SZ-029,黄酮类,orientin,荭草素,C21H20O11,448.377,28608-75-5,,O=C(C1=C(C([C@H]2[C@H](O)[C@@H](O)[C@H](O)[C@@H](CO)O2)=C(O)C=C1O)O3)C=C3C4=CC(O)=C(O)C=C4,"InChI=1S/C21H20O11/c22-6-14-17(28)18(29)19(30)21(32-14)16-11(26)4-10(25)15-12(27)5-13(31-20(15)16)7-1-2-8(23)9(24)3-7/h1-5,14,17-19,21-26,28-30H,6H2/t14-,17-,18+,19-,21+/m1/s1",PLAPMLGJVGLZOV-VPRICQMDSA-N,山楂
SZ-030,黄酮类,2″-O-rhamnosyl- orientin,2″-O-鼠李糖荭草素,C21H20O11,448.1006,\,,O=C(C1=C(C([C@H]2[C@H](O)[C@@H](O)[C@H](O)[C@@H](CO)O2)=C(O)C=C1O)O3)C=C3C4=CC(O)=C(O)C=C4,"InChI=1S/C21H20O11/c22-6-14-17(28)18(29)19(30)21(32-14)16-11(26)4-10(25)15-12(27)5-13(31-20(15)16)7-1-2-8(23)9(24)3-7/h1-5,14,17-19,21-26,28-30H,6H2/t14-,17-,18+,19-,21+/m1/s1",PLAPMLGJVGLZOV-VPRICQMDSA-N,山楂
SZ-031,黄酮类,luteolin-7-O-glucoside,木犀草素-7-O-葡萄糖苷,C23H22O13,506.106,\,,O=C(C1=C(C([C@H]2[C@H](O)[C@@H](O)[C@H](O)[C@@H](CO)O2)=C(OC(CO)=O)C=C1O)O3)C=C3C4=CC(O)=C(O)C=C4,"InChI=1S/C23H22O13/c24-6-15-19(31)20(32)21(33)23(36-15)18-14(34-16(30)7-25)5-12(29)17-11(28)4-13(35-22(17)18)8-1-2-9(26)10(27)3-8/h1-5,15,19-21,23-27,29,31-33H,6-7H2/t15-,19-,20+,21-,23+/m1/s1",LWQFMTQYYZJPMF-ZIXMXCCESA-N,山楂
SZ-032,黄酮类,"luteolin-3′,7-diglucoside","木犀草素-3′, 7-二葡萄糖苷",C25H24O15,564.1115,\,,O=C(C1=C(C([C@H]2[C@H](O)[C@@H](O)[C@H](O)[C@@H](CO)O2)=C(OC(CO)=O)C=C1O)O3)C=C3C4=CC(O)=C(OC(CO)=O)C=C4,"InChI=1S/C25H24O15/c26-6-16-21(34)22(35)23(36)25(40-16)20-15(38-18(33)8-28)5-12(31)19-11(30)4-14(39-24(19)20)9-1-2-13(10(29)3-9)37-17(32)7-27/h1-5,16,21-23,25-29,31,34-36H,6-8H2/t16-,21-,22+,23-,25+/m1/s1",IVMOHYTYTHKXSO-IOOJMYGHSA-N,山楂
SZ-033,黄酮类,iso-orientin,异荭草素,C21H20O11,448.377,4261-42-1,,OC[C@H]1O[C@@H](C2=C(C3=C(C=C2O)OC(C4=CC(O)=C(C=C4)O)=CC3=O)O)[C@@H]([C@H]([C@@H]1O)O)O,"InChI=1S/C21H20O11/c22-6-14-17(27)19(29)20(30)21(32-14)16-11(26)5-13-15(18(16)28)10(25)4-12(31-13)7-1-2-8(23)9(24)3-7/h1-5,14,17,19-24,26-30H,6H2/t14-,17-,19+,20-,21+/m1/s1",ODBRNZZJSYPIDI-VJXVFPJBSA-N,山楂
SZ-034,黄酮类,2″-O-rhamnosyl-iso-orientin,2″-O-鼠李糖异荭草素,C15H9O6,285.0399,\,,OC1=C([Neohesperidosyl])C(O)=CC(OC(C2=CC(O)=C(C=C2)O)=C3)=C1C3=O,,,山楂
SZ-035,黄酮类,kaempferol,山柰酚,C15H10O6,286.236,520-18-3,,O=C1C(C(O)=CC(O)=C2)=C2OC(C3=CC=C(O)C=C3)=C1O,"InChI=1S/C15H10O6/c16-8-3-1-7(2-4-8)15-14(20)13(19)12-10(18)5-9(17)6-11(12)21-15/h1-6,16-18,20H",IYRMWMYZSQPJKC-UHFFFAOYSA-N,山楂
SZ-036,黄酮类,8- methoxy kaempferol,8-甲氧基山柰酚,C16H12O7,316.0583,\,,O=C1C(C(O)=CC(O)=C2OC)=C2OC(C3=CC=C(O)C=C3)=C1O,"InChI=1S/C16H12O7/c1-22-15-10(19)6-9(18)11-12(20)13(21)14(23-16(11)15)7-2-4-8(17)5-3-7/h2-6,17-19,21H,1H3",AZFYHRHUTXBGJS-UHFFFAOYSA-N,山楂
SZ-037,黄酮类,8-methoxy kaempferol-3-O- glucosyl,8-甲氧基山柰酚-3-O-葡萄糖苷,C18H14O9,374.0638,\,,O=C1C(C(O)=CC(O)=C2OC)=C2OC(C3=CC=C(O)C=C3)=C1OC(CO)=O,"InChI=1S/C18H14O9/c1-25-16-11(22)6-10(21)13-14(24)18(26-12(23)7-19)15(27-17(13)16)8-2-4-9(20)5-3-8/h2-6,19-22H,7H2,1H3",PEHOTLRKOJMBQV-UHFFFAOYSA-N,山楂
SZ-038,黄酮类,8-methoxy kaempferol-3-O-neohesperidoside,8-甲氧基山柰酚 3-O-新橙皮糖苷,C16H11O6,299.0556,\,,O=C1C(C(O)=CC(O)=C2OC)=C2OC(C3=CC=C(O)C=C3)=C1[ONeohesperidosyl],,,山楂
SZ-039,黄酮类,kaempferol-3-O-neohesperidoside,山柰酚-3-O-新橙皮糖苷,C15H9O5,269.045,\,,O=C1C(C(O)=CC(O)=C2)=C2OC(C3=CC=C(O)C=C3)=C1[ONeohesperidosyl],,,山楂
SZ-040,黄酮类,astragalin,山柰酚-3-O-葡萄糖苷,C17H12O8,344.0532,\,,O=C1C(C(O)=CC(O)=C2)=C2OC(C3=CC=C(O)C=C3)=C1OC(CO)=O,"InChI=1S/C17H12O8/c18-7-13(22)25-17-15(23)14-11(21)5-10(20)6-12(14)24-16(17)8-1-3-9(19)4-2-8/h1-6,18-21H,7H2",OAXIXRJTAHKVSH-UHFFFAOYSA-N,山楂
SZ-041,黄酮类,7-O-α-L-rhamnosyl-3-O-β-D-glucopyanosyl kaempferol,7-O-α-L-鼠李糖-3-O-β-D-吡喃葡萄糖山柰酚,C17H11O7,327.0505,\,,O=C1C(C(O)=CC([ORha])=C2)=C2OC(C3=CC=C(O)C=C3)=C1OC(CO)=O,,,山楂
SZ-042,黄酮类,glogoside,五子山楂苷,C18H13O7,341.0661,\,,O=C1C(C(O)=CC([ORha])=C2C(CO)=O)=C2OC(C3=CC=C(O)C=C3)=C1OC,,,山楂
SZ-043,黄酮类,"3,4′,5,8-tetra-hyduoxyl-flavone-7-O-glucosyl","3,4′,5,8-四羟基黄酮-7-葡萄糖苷",C17H12O9,360.0481,\,,O=C1C(C(O)=CC(OC(CO)=O)=C2O)=C2OC(C3=CC=C(O)C=C3)=C1O,"InChI=1S/C17H12O9/c18-6-11(21)25-10-5-9(20)12-14(23)15(24)16(26-17(12)13(10)22)7-1-3-8(19)4-2-7/h1-5,18-20,22,24H,6H2",XNZAYENICQHYRN-UHFFFAOYSA-N,山楂
SZ-044,黄酮类,quercetin,槲皮素,C15H10O7,302.236,117-39-5,,OC1=CC(C(O2)=C(O)C(C3=C2C=C(O)C=C3O)=O)=CC=C1O,"InChI=1S/C15H10O7/c16-7-4-10(19)12-11(5-7)22-15(14(21)13(12)20)6-1-2-8(17)9(18)3-6/h1-5,16-19,21H",REFJWTPEDVJJIY-UHFFFAOYSA-N,山楂
SZ-045,黄酮类,3′-O-arabinosyl- quercetin,槲皮素-3′-O-阿拉伯糖苷,C15H9O6,285.0399,\,,[OArabinosyl]C1=CC(C(O2)=C(O)C(C3=C2C=C(O)C=C3O)=O)=CC=C1O,,,山楂
SZ-046,黄酮类,spiraeside,槲皮素-4′-O-葡萄糖苷,C17H12O9,360.0481,\,,OC1=CC(C(O2)=C(O)C(C3=C2C=C(O)C=C3O)=O)=CC=C1OC(CO)=O,"InChI=1S/C17H12O9/c18-6-13(22)25-11-2-1-7(3-9(11)20)17-16(24)15(23)14-10(21)4-8(19)5-12(14)26-17/h1-5,18-21,24H,6H2",RPJKETPWEAUWHN-UHFFFAOYSA-N,山楂
SZ-047,黄酮类,rutin,芦丁,C27H30O16,610.518,153-18-4,,OC1=CC(O)=CC2=C1C(C(O[C@@H]3[C@@H](O)[C@H](O)[C@@H](O)[C@H](CO[C@@H]4[C@@H](O)[C@@H](O)[C@H](O)[C@@H](C)O4)O3)=C(C5=CC(O)=C(O)C=C5)O2)=O,"InChI=1S/C27H30O16/c1-8-17(32)20(35)22(37)26(40-8)39-7-15-18(33)21(36)23(38)27(42-15)43-25-19(34)16-13(31)5-10(28)6-14(16)41-24(25)9-2-3-11(29)12(30)4-9/h2-6,8,15,17-18,20-23,26-33,35-38H,7H2,1H3/t8-,15+,17-,18+,20+,21-,22+,23+,26+,27-/m1/s1",IKGXIBQEEMLURG-GGFYDIPBSA-N,山楂
SZ-048,黄酮类,3-O-rhamnosyl quercetin,槲皮苷,C21H20O11,448.377,522-12-3,,O=C1C(O[C@@H]2O[C@@H](C)[C@H](O)[C@@H](O)[C@H]2O)=C(C3=CC(O)=C(O)C=C3)OC4=C1C(O)=CC(O)=C4,"InChI=1S/C21H20O11/c1-7-15(26)17(28)18(29)21(30-7)32-20-16(27)14-12(25)5-9(22)6-13(14)31-19(20)8-2-3-10(23)11(24)4-8/h2-7,15,17-18,21-26,28-29H,1H3/t7-,15-,17+,18+,21-/m0/s1",OXGUCUVFOIWWQJ-HQBVPOQASA-N,山楂
SZ-049,黄酮类,hyperoside,金丝桃苷,C21H20O12,464.376,482-36-0,,O=C1C(O[C@H]2[C@@H]([C@H]([C@H]([C@@H](CO)O2)O)O)O)=C(C3=CC=C(O)C(O)=C3)OC4=CC(O)=CC(O)=C14,"InChI=1S/C21H20O12/c22-6-13-15(27)17(29)18(30)21(32-13)33-20-16(28)14-11(26)4-8(23)5-12(14)31-19(20)7-1-2-9(24)10(25)3-7/h1-5,13,15,17-18,21-27,29-30H,6H2/t13-,15+,17+,18-,21+/m1/s1",OVSQVDMCBVZWGM-DTGCRPNFSA-N,山楂
SZ-050,黄酮类,bioquercetin,生物槲皮素,C15H9O6,285.0399,\,,OC1=CC(C(O2)=C([OGalactosyl-Rha])C(C3=C2C=C(O)C=C3O)=O)=CC=C1O,,,山楂
SZ-051,黄酮类,3-O-glucopyanosyl quercetin,3-O-葡萄糖槲皮素,C17H12O9,360.0481,\,,OC1=CC(C(O2)=C(OC(CO)=O)C(C3=C2C=C(O)C=C3O)=O)=CC=C1O,"InChI=1S/C17H12O9/c18-6-13(23)26-17-15(24)14-11(22)4-8(19)5-12(14)25-16(17)7-1-2-9(20)10(21)3-7/h1-5,18-22H,6H2",MDILFCALFXQIIK-UHFFFAOYSA-N,山楂
SZ-052,黄酮类,quercetin 3-O-pentoside,3-O-戊糖槲皮素,C15H9O6,285.0399,\,,OC1=CC(C(O2)=C([OPentosyl])C(C3=C2C=C(O)C=C3O)=O)=CC=C1O,,,山楂
SZ-053,黄酮类,quercetin3-O-(6′′-acetyl-glucoside),3-O-6′′-乙酰基葡萄糖槲皮素,C15H9O6,285.0399,\,,OC1=CC(C(O2)=C([OAcetyl-glucosyl])C(C3=C2C=C(O)C=C3O)=O)=CC=C1O,,,山楂
SZ-054,黄酮类,"naringenin-5,7-O-diglucoside","柚皮素-5, 7-双葡萄糖苷",C19H14O9,386.0638,\,,OC(C=C1)=CC=C1C(O2)=CC(C3=C2C=C(OC(CO)=O)C=C3OC(CO)=O)=O,"InChI=1S/C19H14O9/c20-8-17(24)26-12-5-15-19(16(6-12)28-18(25)9-21)13(23)7-14(27-15)10-1-3-11(22)4-2-10/h1-7,20-22H,8-9H2",QBYGNSDOJRYKDC-UHFFFAOYSA-N,山楂
SZ-055,黄酮类,"eriodictyol-5,3′-diglucoside","北美圣草素-5, 3′-双葡萄糖苷",C19H14O10,402.0587,\,,OC(C(OC(CO)=O)=C1)=CC=C1C(O2)=CC(C3=C2C=C(O)C=C3OC(CO)=O)=O,"InChI=1S/C19H14O10/c20-7-17(25)28-14-3-9(1-2-11(14)23)13-6-12(24)19-15(27-13)4-10(22)5-16(19)29-18(26)8-21/h1-6,20-23H,7-8H2",YPOBSPIOQOOAHR-UHFFFAOYSA-N,山楂
SZ-056,黄酮类,"eriodectyol-7,3′-diglucoside","北美圣草素-7, 3′-双葡萄糖苷",C19H14O10,402.0587,\,,OC(C(OC(CO)=O)=C1)=CC=C1C(O2)=CC(C3=C2C=C(OC(CO)=O)C=C3O)=O,"InChI=1S/C19H14O10/c20-7-17(25)27-10-4-12(23)19-13(24)6-14(28-16(19)5-10)9-1-2-11(22)15(3-9)29-18(26)8-21/h1-6,20-23H,7-8H2",QNLXEVNEVOXXKG-UHFFFAOYSA-N,山楂
SZ-057,黄酮类,(+)-taxifolin,花旗松素,C15H12O7,304.252,24198-97-8,,O=C(C1O)C(C(O)=CC(O)=C2)=C2OC1C3=CC(O)=C(O)C=C3,"InChI=1S/C15H12O7/c16-7-4-10(19)12-11(5-7)22-15(14(21)13(12)20)6-1-2-8(17)9(18)3-6/h1-5,14-19,21H",CXQWRCVTCMQVQX-UHFFFAOYSA-N,山楂
SZ-058,黄酮类,3-O-β-arabinopyranosyl-(+)-taxifolin,\,C15H11O6,287.0556,\,,O=C(C1[OArabinopyranosyl])C(C(O)=CC(O)=C2)=C2OC1C3=CC(O)=C(O)C=C3,,,山楂
SZ-059,黄酮类,3-O-β-xylopyranosyl-(+)-taxifolin,\,C15H11O6,287.0556,\,,O=C(C1[OXylopyranosyl])C(C(O)=CC(O)=C2)=C2OC1C3=CC(O)=C(O)C=C3,,,山楂
SZ-060,黄酮类,cyanidin,矢车菊素,C15H14O6,290.079,\,,OC1CC(C(O)=CC(O)=C2)=C2OC1C3=CC(O)=C(O)C=C3,"InChI=1S/C15H14O6/c16-8-4-11(18)9-6-13(20)15(21-14(9)5-8)7-1-2-10(17)12(19)3-7/h1-5,13,15-20H,6H2",PFTAWBLQPZVEMU-UHFFFAOYSA-N,山楂
SZ-061,黄酮类,(+)-catechin,儿茶素,C15H14O6,290.268,18829-70-4,,O[C@H]1[C@H](C2=CC(O)=C(O)C=C2)OC3=C(C(O)=CC(O)=C3)C1,"InChI=1S/C15H14O6/c16-8-4-11(18)9-6-13(20)15(21-14(9)5-8)7-1-2-10(17)12(19)3-7/h1-5,13,15-20H,6H2/t13-,15+/m1/s1",PFTAWBLQPZVEMU-HIFRSBDPSA-N,山楂
SZ-062,黄酮类,(−)epicatechin,(−)-表儿茶精,C15H14O6,290.27,35323-91-2,,O[C@@H]1[C@H](C2=CC(O)=C(O)C=C2)OC3=C(C(O)=CC(O)=C3)C1,"InChI=1S/C15H14O6/c16-8-4-11(18)9-6-13(20)15(21-14(9)5-8)7-1-2-10(17)12(19)3-7/h1-5,13,15-20H,6H2/t13-,15-/m0/s1",PFTAWBLQPZVEMU-ZFWWWQNUSA-N,山楂
SZ-063,黄酮类,leucocyanidin,无色缔纹天竺素,C15H14O6,290.079,\,,OC1C(O)C(C(O)=CC(O)=C2)=C2OC1C3=CC=C(O)C=C3,"InChI=1S/C15H14O6/c16-8-3-1-7(2-4-8)15-14(20)13(19)12-10(18)5-9(17)6-11(12)21-15/h1-6,13-20H",FSVMLWOLZHGCQX-UHFFFAOYSA-N,山楂
SZ-064,黄酮类,pelargonin,缔纹天竺苷,C19H18O10,406.09,\,,OC1=CC(OC2C3=CC(O)=C(O)C=C3)=C(C(OC(CO)=O)=C1)CC2OC(CO)=O,"InChI=1S/C19H18O10/c20-7-17(25)27-14-4-10(22)5-15-11(14)6-16(28-18(26)8-21)19(29-15)9-1-2-12(23)13(24)3-9/h1-5,16,19-24H,6-8H2",MTROGNUQKHDWFE-UHFFFAOYSA-N,山楂
SZ-065,黄酮类,dimeric leucocyanidin,二聚无色矢车菊素,C30H26O14,610.1323,\,,OC1=CC(O)=CC(OC2C3=CC(O)=C(O)C=C3)=C1C(O)C2(O)OC4C(C5=CC(O)=C(O)C=C5)OC(C=C(O)C=C6O)=C6C4O,"InChI=1S/C30H26O14/c31-13-7-19(37)23-21(9-13)42-26(11-1-3-15(33)17(35)5-11)27(25(23)39)44-30(41)28(40)24-20(38)8-14(32)10-22(24)43-29(30)12-2-4-16(34)18(36)6-12/h1-10,25-29,31-41H",TZEGFJQHHLIABL-UHFFFAOYSA-N,山楂
SZ-066,黄酮类,procyanidin A-2,原花青素A2,C30H24O12,576.1268,\,,OC1=C(O)C=CC([C@@]2([C@H]3O)OC4=CC(O)=C(CC(O)C(C5=CC(O)=C(O)C=C5)O6)C6=C4[C@@H]3C(C(O)=CC(O)=C7)=C7O2)=C1,"InChI=1S/C30H24O12/c31-13-7-20(37)24-22(8-13)41-30(12-2-4-16(33)19(36)6-12)29(39)26(24)25-23(42-30)10-17(34)14-9-21(38)27(40-28(14)25)11-1-3-15(32)18(35)5-11/h1-8,10,21,26-27,29,31-39H,9H2/t21?,26-,27?,29-,30-/m0/s1",NSEWTSAADLNHNH-BGSUMSLRSA-N,山楂
SZ-067,黄酮类,procyanidin B-2,原花青素B2,C30H26O12,578.1424,\,,OC1=CC(O)=C([C@]2([H])[C@@H](O)[C@@H](C3=CC=C(O)C(O)=C3)OC4=C2C(O)=CC(O)=C4)C5=C1C[C@@H](O)[C@@H](C6=CC(O)=C(O)C=C6)O5,"InChI=1S/C30H26O12/c31-13-7-20(37)24-23(8-13)41-29(12-2-4-16(33)19(36)6-12)27(40)26(24)25-21(38)10-17(34)14-9-22(39)28(42-30(14)25)11-1-3-15(32)18(35)5-11/h1-8,10,22,26-29,31-40H,9H2/t22-,26-,27-,28-,29-/m1/s1",XFZJEEAOWLFHDH-NFJBMHMQSA-N,山楂
SZ-068,黄酮类,procyanidin B-4,原花青素B4,C30H26O12,578.1424,\,,OC1=CC(O)=C([C@@]2([H])[C@H](O)[C@@H](C3=CC=C(O)C(O)=C3)OC4=C2C(O)=CC(O)=C4)C5=C1C[C@@H](O)[C@@H](C6=CC(O)=C(O)C=C6)O5,"InChI=1S/C30H26O12/c31-13-7-20(37)24-23(8-13)41-29(12-2-4-16(33)19(36)6-12)27(40)26(24)25-21(38)10-17(34)14-9-22(39)28(42-30(14)25)11-1-3-15(32)18(35)5-11/h1-8,10,22,26-29,31-40H,9H2/t22-,26+,27+,28-,29-/m1/s1",XFZJEEAOWLFHDH-VUGKQVTMSA-N,山楂
SZ-069,黄酮类,procyanidin B-5,原花青素B5,C44H34O20,882.1643,\,,OC1=C(O)C=C([C@@H]2C[C@H](OC(C3=CC(O)=C(O)C(O)=C3)=O)C4=C(O)C([C@@]5([H])C6=C(O)C=C(O)C=C6O[C@H](C7=CC(O)=C(O)C=C7)[C@@H]5OC(C8=CC(O)=C(O)C(O)=C8)=O)=C(O)C=C4O2)C=C1,"InChI=1S/C44H34O20/c45-19-11-24(50)34-31(12-19)62-41(16-2-4-21(47)23(49)6-16)42(64-44(60)18-9-28(54)39(57)29(55)10-18)37(34)35-25(51)13-32-36(40(35)58)33(14-30(61-32)15-1-3-20(46)22(48)5-15)63-43(59)17-7-26(52)38(56)27(53)8-17/h1-13,30,33,37,41-42,45-58H,14H2/t30-,33-,37+,41+,42+/m0/s1",PXCPGLGHRINDNQ-QFLQNLTNSA-N,山楂
SZ-070,黄酮类,procyanidin C-1,原花青素C1,C47H45O18,897.2606,\,,OC1=CC(O)=C(C)C2=C1C[C@@H](O)[C@@H](C3=CC(O)=C(O)C=C3)O2.[H]C4C5=C(O)C=C(O)C([C@]6([H])[C@@H](C)[C@@H](C7=CC=C(O)C(O)=C7)OC8=C6C(O)=CC(O)=C8)=C5O[C@H](C9=CC(O)=C(O)C=C9)[C@@H]4O.[OH],"InChI=1S/C31H28O11.C16H16O6.HO/c1-12-26(27-22(38)8-15(32)9-25(27)41-29(12)13-2-4-17(33)20(36)6-13)28-23(39)11-19(35)16-10-24(40)30(42-31(16)28)14-3-5-18(34)21(37)7-14;1-7-11(18)6-12(19)9-5-14(21)16(22-15(7)9)8-2-3-10(17)13(20)4-8;/h2-9,11-12,24,26,29-30,32-40H,10H2,1H3;2-4,6,14,16-21H,5H2,1H3;1H/t12-,24-,26-,29+,30-;14-,16-;/m11./s1",KXSCKHQQMUPHFB-COEMMNBLSA-N,山楂
SZ-071,黄酮类,epicatechin-(4β-6)-epicatechin-(4β-8)-epicatechin,\,C45H44O17,856.2578,\,,OC1=C(O)C=CC([C@H]2OC(CC(O)CC3O)C3[C@H](C4=CC([C@H](C5=C(O)C=C(O)C6=C5O[C@H](C7=CC=C(O)C(O)=C7)[C@H](O)C6)[C@@H](O)[C@@H](C8=CC(O)=C(O)C=C8)O9)=C9C=C4O)[C@H]2O)=C1,"InChI=1S/C45H44O17/c46-19-10-31(55)38-35(11-19)61-44(18-3-6-25(49)30(54)9-18)40(58)36(38)20-12-22-34(15-27(20)51)60-43(17-2-5-24(48)29(53)8-17)41(59)37(22)39-32(56)14-26(50)21-13-33(57)42(62-45(21)39)16-1-4-23(47)28(52)7-16/h1-9,12,14-15,19,31,33,35-38,40-44,46-59H,10-11,13H2/t19?,31?,33-,35?,36+,37-,38?,40-,41-,42-,43-,44-/m1/s1",GWHKRMZQSRDUKR-RVGMWUBYSA-N,山楂
SZ-072,黄酮类,procyanidin D-1,\,C61H52O23,1152.2899,\,,OC1=CC(O)=C([C@H](C2=C(O)C=C(O)C3=C2O[C@H](C4=CC=C(O)C(O)=C4)[C@H](O)[C@H]3C5=C(O)C=C(O)C6=C5O[C@H](C7=CC=C(O)C(O)=C7)[C@H](O)[C@H]6C8=C(O)C=C(O)C9=C8O[C@H](C%10=CC=C(O)C(O)=C%10)[C@H](O)C9)[C@@H](O)[C@@H](C%11=CC=C(O)C(O)=C%11)C%12)C%12=C1,"InChI=1S/C61H52O23/c62-25-9-24-10-26(20-1-5-28(63)33(68)11-20)53(79)50(44(24)37(72)15-25)46-39(74)18-41(76)48-52(55(81)58(83-60(46)48)23-4-8-31(66)36(71)14-23)49-42(77)19-40(75)47-51(54(80)57(84-61(47)49)22-3-7-30(65)35(70)13-22)45-38(73)17-32(67)27-16-43(78)56(82-59(27)45)21-2-6-29(64)34(69)12-21/h1-9,11-15,17-19,26,43,50-58,62-81H,10,16H2/t26-,43-,50-,51+,52-,53+,54-,55-,56-,57-,58-/m1/s1",RNIOJASLMANKDP-BVILBTABSA-N,山楂
SZ-073,黄酮类,epicatechin-(4β-8)-epicatechin-(4β-6)-epicatechin,\,C46H40O17,864.2265,\,,OC1=CC(O)=C([C@H](C2=C(O)C=C(O)C3=C2O[C@H](C4=CC(O)=C(O)C=C4)[C@H](O)[C@H]3C5=C(O)C(C[C@@H](C)[C@@H](C6=CC(O)=C(O)C=C6)O7)=C7C=C5O)[C@@H](O)[C@@H](C8=CC=C(O)C(O)=C8)O9)C9=C1,"InChI=1S/C46H40O17/c1-16-8-21-32(61-43(16)17-2-5-22(48)25(51)9-17)15-31(57)35(40(21)58)39-37-30(56)14-29(55)36(46(37)63-45(42(39)60)19-4-7-24(50)27(53)11-19)38-34-28(54)12-20(47)13-33(34)62-44(41(38)59)18-3-6-23(49)26(52)10-18/h2-7,9-16,38-39,41-45,47-60H,8H2,1H3/t16-,38-,39+,41-,42-,43+,44-,45-/m1/s1",SYTWZSXLVCOPJH-VECLUBNWSA-N,山楂
SZ-074,黄酮类,procyanidin E-1,\,C75H62O30,1442.3326,\,,OC1=CC(O)=C([C@H](C2=C(O)C=C(O)C3=C2O[C@H](C4=CC=C(O)C(O)=C4)[C@H](O)[C@H]3C5=C(O)C=C(O)C6=C5O[C@H](C7=CC=C(O)C(O)=C7)[C@H](O)[C@H]6C8=C(O)C=C(O)C9=C8O[C@H](C%10=CC=C(O)C(O)=C%10)[C@H](O)[C@H]9C%11=C(O)C=C(O)C%12=C%11O[C@H](C%13=CC=C(O)C(O)=C%13)[C@H](O)C%12)[C@@H](O)[C@@H](C%14=CC=C(O)C(O)=C%14)O%15)C%15=C1,"InChI=1S/C75H62O30/c76-28-16-41(88)51-50(17-28)101-68(24-2-7-31(78)37(84)12-24)63(97)59(51)53-43(90)20-45(92)55-61(65(99)70(103-73(53)55)26-4-9-33(80)39(86)14-26)57-47(94)22-48(95)58-62(66(100)71(105-75(57)58)27-5-10-34(81)40(87)15-27)56-46(93)21-44(91)54-60(64(98)69(104-74(54)56)25-3-8-32(79)38(85)13-25)52-42(89)19-35(82)29-18-49(96)67(102-72(29)52)23-1-6-30(77)36(83)11-23/h1-17,19-22,49,59-71,76-100H,18H2/t49-,59-,60+,61-,62+,63-,64-,65-,66-,67-,68-,69-,70-,71-/m1/s1",QRFZGLTZLZZHCM-NWYMYRDLSA-N,山楂
SZ-075,黄酮类,2′-hydroxy-7-(3-hydroxypropyl)-6-methoxyflavone,2′-羟基-7-(3-羟丙基)-6-甲氧基-黄酮,C19H18O5,326.1154,\,,O=C1C2=CC([MeO])=C(CCCO)C=C2OC(C3=C(O)C=CC=C3)=C1,,,山楂
SZ-076,黄酮类,kandelin A-1,\,C39H32O15,740.7,88903-77-9,,OC1=CC([C@@H]2[C@H](O)[C@@]([H])(C3=C(O)C=C(O)C(CCO)=C3CCC4=CC=C(O)C(O)=C4)C(C(O)=CC(O5)=C6[C@@H](C7=CC(O)=C(O)C=C7)CC5=O)=C6O2)=CC=C1O,"InChI=1S/C40H36O14/c41-10-9-20-21(5-1-17-2-6-23(42)27(46)11-17)34(30(49)15-26(20)45)37-36-31(50)16-32-35(22(14-33(51)53-32)18-3-7-24(43)28(47)12-18)40(36)54-39(38(37)52)19-4-8-25(44)29(48)13-19/h2-4,6-8,11-13,15-16,22,37-39,41-50,52H,1,5,9-10,14H2/t22-,37+,38-,39-/m1/s1",GFZBQAIZZNPOOU-ACSJBREASA-N,山楂
SZ-077,有机酸类,benzoic acid,安息香酸（苯甲酸）,C7H6O2,122.12,65-85-0,,OC(C1=CC=CC=C1)=O,"InChI=1S/C7H6O2/c8-7(9)6-4-2-1-3-5-6/h1-5H,(H,8,9)",WPYMKLBDIGXBTP-UHFFFAOYSA-N,山楂
SZ-078,有机酸类,(p-hydroxyphenyl) benzoic acid,对羟基苯甲酸,C7H2D4O3,142.145,152404-47-2,,OC(C1=C([2H])C([2H])=C(O)C([2H])=C1[2H])=O,"InChI=1S/C7H6O3/c8-6-3-1-5(2-4-6)7(9)10/h1-4,8H,(H,9,10)/i1D,2D,3D,4D",FJKROLUGYXJWQN-RHQRLBAQSA-N,山楂
SZ-079,有机酸类,gallic acid,没食子酸,C7H6O5,170.12,149-91-7,,O=C(C1=CC(O)=C(O)C(O)=C1)O,"InChI=1S/C7H6O5/c8-4-1-3(7(11)12)2-5(9)6(4)10/h1-2,8-10H,(H,11,12)",LNTHITQWFMADLM-UHFFFAOYSA-N,山楂
SZ-080,有机酸类,protocatechuic acid,原儿茶酸,C7H6O4,154.12,99-50-3,,OC1=CC=C(C(O)=O)C=C1O,"InChI=1S/C7H6O4/c8-5-2-1-4(7(10)11)3-6(5)9/h1-3,8-9H,(H,10,11)",YQUVCSBJEUQKSH-UHFFFAOYSA-N,山楂
SZ-081,有机酸类,anisic acid,茴香酸,C8H8O3,152.0473,\,,[H]C1=C([H])C(C(O)=O)=C([H])C([H])=C1OC,"InChI=1S/C8H8O3/c1-11-7-4-2-6(3-5-7)8(9)10/h2-5H,1H3,(H,9,10)",ZEYHEAKUIGZSGI-UHFFFAOYSA-N,山楂
SZ-082,有机酸类,vanillic acid,香草酸,C8H8O4,168.147,121-34-6,,OC1=CC=C(C(O)=O)C=C1OC,"InChI=1S/C8H8O4/c1-12-7-4-5(8(10)11)2-3-6(7)9/h2-4,9H,1H3,(H,10,11)",WKOLLVMJNQIZCI-UHFFFAOYSA-N,山楂
SZ-083,有机酸类,syringic acid,丁香酸,C9H10O5,198.173,530-57-4,,COC(C=C1C(O)=O)=C(C(OC)=C1)O,"InChI=1S/C9H10O5/c1-13-6-3-5(9(11)12)4-7(14-2)8(6)10/h3-4,10H,1-2H3,(H,11,12)",JMSVCTWVEWCHDZ-UHFFFAOYSA-N,山楂
SZ-084,有机酸类,gentisic acid,龙胆酸,C7H6O4,154.12,490-79-9,,OC(C1=CC(O)=CC=C1O)=O,"InChI=1S/C7H6O4/c8-4-1-2-6(9)5(3-4)7(10)11/h1-3,8-9H,(H,10,11)",WXTMDXOMEHJXQO-UHFFFAOYSA-N,山楂
SZ-085,有机酸类,3-ethoxy-4-hydroxybenzoic acid,3-乙氧基-4-羟基苯甲酸,C9H10O4,182.173,5438-38-0,,OC1=CC=C(C(O)=O)C=C1OCC,"InChI=1S/C9H10O4/c1-2-13-8-5-6(9(11)12)3-4-7(8)10/h3-5,10H,2H2,1H3,(H,11,12)",QFDSMZGWVHEDHT-UHFFFAOYSA-N,山楂
SZ-086,有机酸类,4-ethoxybenzoic acid,对乙氧基苯甲酸,C9H10O3,166.174,619-86-3,,O=C(C(C=C1)=CC=C1OCC)O,"InChI=1S/C9H10O3/c1-2-12-8-5-3-7(4-6-8)9(10)11/h3-6H,2H2,1H3,(H,10,11)",SHSGDXCJYVZFTP-UHFFFAOYSA-N,山楂
SZ-087,有机酸类,p-toluic acid,对甲基苯甲酸,C8H8O2,136.148,99-94-5,,OC(C1=CC=C(C)C=C1)=O,"InChI=1S/C8H8O2/c1-6-2-4-7(5-3-6)8(9)10/h2-5H,1H3,(H,9,10)",LPNBBFKOUUSUDB-UHFFFAOYSA-N,山楂
SZ-088,有机酸类,3-methoxy-4-methylbenzoic acid,3-甲氧基-4-甲基苯甲酸,C9H10O3,166.174,7151-68-0,,COC1=CC(C(O)=O)=CC=C1C,"InChI=1S/C9H10O3/c1-6-3-4-7(9(10)11)5-8(6)12-2/h3-5H,1-2H3,(H,10,11)",CEAVPXDEPGAVDA-UHFFFAOYSA-N,山楂
SZ-089,有机酸类,β-coumaric acid,β-香豆酸,C9H8O3,164.0673,\,,OC1=C([H])C=C(/C=C/C(O)=O)C=C1,"InChI=1S/C9H8O3/c10-8-4-1-7(2-5-8)3-6-9(11)12/h1-6,10H,(H,11,12)/b6-3+",NGSWKAQJJWESNS-ZZXKWVIFSA-N,山楂
SZ-090,有机酸类,caffeic acid,咖啡酸,C9H8O4,180.157,331-39-5,,OC1=C(O)C=C(/C=C/C(O)=O)C=C1,"InChI=1S/C9H8O4/c10-7-3-1-6(5-8(7)11)2-4-9(12)13/h1-5,10-11H,(H,12,13)/b4-2+",QAIPRVGONGVQAS-DUXPYHPUSA-N,山楂
SZ-091,有机酸类,ferulic acid,阿魏酸,C10H10O4,194.184,1135-24-6,,OC1=C(OC)C=C(/C=C/C(O)=O)C=C1,"InChI=1S/C10H10O4/c1-14-9-6-7(2-4-8(9)11)3-5-10(12)13/h2-6,11H,1H3,(H,12,13)/b5-3+",KSEBMYQBYZTDHS-HWKANZROSA-N,山楂
SZ-092,有机酸类,shikimic acid,莽草酸,C7H10O5,174.151,138-59-0,,OC1=C(O)C(O)=CC(C(O)=O)=C1,"InChI=1S/C7H6O5/c8-4-1-3(7(11)12)2-5(9)6(4)10/h1-2,8-10H,(H,11,12)",LNTHITQWFMADLM-UHFFFAOYSA-N,山楂
SZ-093,有机酸类,3-(4-methoxyphenyl) propionic acid,对甲氧基苯丙酸,C10H12O3,180.201,1929-29-9,,OC1=C([CH3]=O)C=CC(CCC(O)=O)=C1,"InChI=1S/C10H12O4/c11-6-8-3-1-7(5-9(8)12)2-4-10(13)14/h1,3,5,12H,2,4H2,6H3,(H,13,14)",CNNDRXLFGWJDGW-UHFFFAOYSA-N,山楂
SZ-094,有机酸类,3-(4-hydroxyphenyl) propionic acid,根皮酸,C9H10O3,166.174,501-97-3,,OC1=CC=C(CCC(O)=O)C=C1,"InChI=1S/C9H10O3/c10-8-4-1-7(2-5-8)3-6-9(11)12/h1-2,4-5,10H,3,6H2,(H,11,12)",NMHMNPHRMNGLLB-UHFFFAOYSA-N,山楂
SZ-095,有机酸类,cinnamic acid,肉桂酸,C9H8O2,148.159,621-82-9,,OC(CCC1=CC=CC=C1)=O,"InChI=1S/C9H10O2/c10-9(11)7-6-8-4-2-1-3-5-8/h1-5H,6-7H2,(H,10,11)",XMIIGOLPHOKFCH-UHFFFAOYSA-N,山楂
SZ-096,有机酸类,trans-p-hydroxycinnamic acid,反式对羟基桂皮酸,C9H8O3,164.158,501-98-4,,OC(/C=C/C1=CC=C(O)C=C1)=O,"InChI=1S/C9H8O3/c10-8-4-1-7(2-5-8)3-6-9(11)12/h1-6,10H,(H,11,12)/b6-3+",NGSWKAQJJWESNS-ZZXKWVIFSA-N,山楂
SZ-097,有机酸类,p-acetoxycinnamic acid,反式对乙氧基桂皮酸,C11H10O4,206.195,15486-19-8,,O=C(O)/C=C/C1=CC=C(OC(C)=O)C=C1,"InChI=1S/C11H10O4/c1-8(12)15-10-5-2-9(3-6-10)4-7-11(13)14/h2-7H,1H3,(H,13,14)/b7-4+",BYHBHNKBISXCEP-QPJJXVBHSA-N,山楂
SZ-098,有机酸类,malic acid,苹果酸,C4H6O5,134.087,6915-15-7,,OC(CC(O)C(O)=O)=O,"InChI=1S/C4H6O5/c5-2(4(8)9)1-3(6)7/h2,5H,1H2,(H,6,7)(H,8,9)",BJEPYKJPYRNKOW-UHFFFAOYSA-N,山楂
SZ-099,有机酸类,citric acid,枸橼酸,C6H8O7,192.124,77-92-9,,OC(CC(CC(O)=O)(O)C(O)=O)=O,"InChI=1S/C6H8O7/c7-3(8)1-6(13,5(11)12)2-4(9)10/h13H,1-2H2,(H,7,8)(H,9,10)(H,11,12)",KRKNYBCHXYNGOX-UHFFFAOYSA-N,山楂
SZ-100,有机酸类,quinic acid,奎尼酸,C7H12O6,192.2,77-95-2,,C[C@@]1(C(O)=O)C[C@@H](O)[C@@H](O)[C@H](C)C1.[OH].[OH],"InChI=1S/C9H16O4.2HO/c1-5-3-9(2,8(12)13)4-6(10)7(5)11;;/h5-7,10-11H,3-4H2,1-2H3,(H,12,13);2*1H/t5-,6-,7+,9+;;/m1../s1",RGUDAISBPNUZPZ-LYTJVHSLSA-N,山楂
SZ-101,有机酸类,pyruvic acid,丙酮酸,C3H4O3,88.062,127-17-3,,CC(C(O)=O)=O,"InChI=1S/C3H4O3/c1-2(4)3(5)6/h1H3,(H,5,6)",LCTONWCANYUPML-UHFFFAOYSA-N,山楂
SZ-102,有机酸类,tartaric acid,酒石酸,C4H6O6,150.087,87-69-4,,OC([C@H](O)[C@@H](O)C(O)=O)=O,"InChI=1S/C4H6O6/c5-1(3(7)8)2(6)4(9)10/h1-2,5-6H,(H,7,8)(H,9,10)/t1-,2-/m1/s1",FEWJPZIEWOKRBE-JCYAYHJZSA-N,山楂
SZ-103,有机酸类,chlorogenic acid,绿原酸,C16H18O9,354.309,327-97-9,,O[C@H]1[C@@H](O)[C@H](OC(/C=C/C2=CC(O)=C(O)C=C2)=O)C[C@](O)(C(O)=O)C1,"InChI=1S/C16H18O9/c17-9-3-1-8(5-10(9)18)2-4-13(20)25-12-7-16(24,15(22)23)6-11(19)14(12)21/h1-5,11-12,14,17-19,21,24H,6-7H2,(H,22,23)/b4-2+/t11-,12-,14-,16+/m1/s1",CWVRJTMFETXNAD-JUHZACGLSA-N,山楂
SZ-104,有机酸类,succinic acid,琥珀酸,C4H6O4,118.088,110-15-6,,OC(CCC(O)=O)=O,"InChI=1S/C4H6O4/c5-3(6)1-2-4(7)8/h1-2H2,(H,5,6)(H,7,8)",KDYFGRWQOYBRFD-UHFFFAOYSA-N,山楂
SZ-105,有机酸类,fumarie acid,延胡索酸,C4H4O4,116.072,110-17-8,,O=C(/C=C/C(O)=O)O,"InChI=1S/C4H4O4/c5-3(6)1-2-4(7)8/h1-2H,(H,5,6)(H,7,8)/b2-1+",VZCYOOQTPOCHFL-OWOJBTEDSA-N,山楂
SZ-106,有机酸类,ascorbic acid,抗坏血酸,C6H8O6,176.124,50-81-7,,O=C1C(O)=C(O)[C@@H]([C@@H](O)CO)O1,"InChI=1S/C6H8O6/c7-1-2(8)5-3(9)4(10)6(11)12-5/h2,5,7-10H,1H2/t2-,5+/m0/s1",CIWBSHSKHKDKBQ-JLAZNSOCSA-N,山楂
SZ-107,有机酸类,acetic acid,乙酸,C2H4O2,60.05,77671-22-8,,CC([H])=O,"InChI=1S/C2H4O/c1-2-3/h2H,1H3",IKHGUXGNUITLKF-UHFFFAOYSA-N,山楂
SZ-108,有机酸类,oxalic acid,草酸,C2H2O4,90.035,144-62-7,,O=C(O)C(O)=O,"InChI=1S/C2H2O4/c3-1(4)2(5)6/h(H,3,4)(H,5,6)",MUBZPKHOEPUJKR-UHFFFAOYSA-N,山楂
SZ-109,有机酸类,palmitic acid,棕榈酸,C16H32O2,256.424,  57-10-3,,OC(CCCCCCCCCCCCCCC)=O,"InChI=1S/C16H32O2/c1-2-3-4-5-6-7-8-9-10-11-12-13-14-15-16(17)18/h2-15H2,1H3,(H,17,18)",IPCSVZSSVZVIGE-UHFFFAOYSA-N,山楂
SZ-110,有机酸类,stearic acid,硬脂酸,C18H36O2,284.477, 57-11-4,,OC(CCCCCCCCCCCCCCCCC)=O,"InChI=1S/C18H36O2/c1-2-3-4-5-6-7-8-9-10-11-12-13-14-15-16-17-18(19)20/h2-17H2,1H3,(H,19,20)",QIQXTHQIDYTFRH-UHFFFAOYSA-N,山楂
SZ-111,有机酸类,oleic acid,油酸,C18H34O2,282.461,112-80-1,,OC(CCCCCCC/C=C\CCCCCCCC)=O,"InChI=1S/C18H34O2/c1-2-3-4-5-6-7-8-9-10-11-12-13-14-15-16-17-18(19)20/h9-10H,2-8,11-17H2,1H3,(H,19,20)/b10-9-",ZQPPMHVWECSIRJ-KTKRTIGZSA-N,山楂
SZ-112,有机酸类,linoleic acid,亚油酸,C18H32O2,280.445,60-33-3,,CCCCC/C=C\C/C=C\CCCCCCCC(O)=O,"InChI=1S/C18H32O2/c1-2-3-4-5-6-7-8-9-10-11-12-13-14-15-16-17-18(19)20/h6-7,9-10H,2-5,8,11-17H2,1H3,(H,19,20)/b7-6-,10-9-",OYHQOLUKZRVURQ-HZJYTTRNSA-N,山楂
SZ-113,有机酸类,α-linolenic acid,亚麻酸,C18H30O2,278.43,463-40-1,,O=C(O)CCCCCCC/C=C\C/C=C\C/C=C\CC,"InChI=1S/C18H30O2/c1-2-3-4-5-6-7-8-9-10-11-12-13-14-15-16-17-18(19)20/h3-4,6-7,9-10H,2,5,8,11-17H2,1H3,(H,19,20)/b4-3-,7-6-,10-9-",DTOSIQBPPRVQHS-PDBXOOCHSA-N,山楂
SZ-114,有机酸类,arachidic acid,花生酸,C20H40O2,312.53,506-30-9,,O=C(O)CCCCCCCCCCCCCCCCCCC,"InChI=1S/C20H40O2/c1-2-3-4-5-6-7-8-9-10-11-12-13-14-15-16-17-18-19-20(21)22/h2-19H2,1H3,(H,21,22)",VKOBVWXKNCXXDE-UHFFFAOYSA-N,山楂
SZ-115,有机酸类,behenic acid,山嵛酸,C22H44O2,340.584,112-85-6,,O=C(O)CCCCCCCCCCCCCCCCCCCCC,"InChI=1S/C22H44O2/c1-2-3-4-5-6-7-8-9-10-11-12-13-14-15-16-17-18-19-20-21-22(23)24/h2-21H2,1H3,(H,23,24)",UKMSUNONTOPOIO-UHFFFAOYSA-N,山楂
SZ-116,有机酸类,levulinic acid,4-氧代戊酸,C5H8O3,116.115,123-76-2,,CC(CCC(O)=O)=O,"InChI=1S/C5H8O3/c1-4(6)2-3-5(7)8/h2-3H2,1H3,(H,7,8)",JOOXCMJARBKPKM-UHFFFAOYSA-N,山楂
SZ-117,有机酸类,lauric acid,月桂酸,C12H24O2,200.318,143-07-7,,CCCCCCCCCCCC(O)=O,"InChI=1S/C12H24O2/c1-2-3-4-5-6-7-8-9-10-11-12(13)14/h2-11H2,1H3,(H,13,14)",POULHZVOKOAJMA-UHFFFAOYSA-N,山楂
SZ-118,有机酸类,nonanedioic acid,壬二酸,C9H16O4,188.221,123-99-9,,O=C(O)CCCCCCCC(O)=O,"InChI=1S/C9H16O4/c10-8(11)6-4-2-1-3-5-7-9(12)13/h1-7H2,(H,10,11)(H,12,13)",BDJRBEYXGGNYIS-UHFFFAOYSA-N,山楂
SZ-119,有机酸类,myristic acid,肉豆蔻酸,C14H28O2,228.371,544-63-8,,O=C(O)CCCCCCCCCCCCC,"InChI=1S/C14H28O2/c1-2-3-4-5-6-7-8-9-10-11-12-13-14(15)16/h2-13H2,1H3,(H,15,16)",TUNFSRHWOTWDNC-UHFFFAOYSA-N,山楂
SZ-120,有机酸类,heptadecanoic acid,十七酸,C17H34O2,270.451,506-12-7,,O=C(O)CCCCCCCCCCCCCCCC,"InChI=1S/C17H34O2/c1-2-3-4-5-6-7-8-9-10-11-12-13-14-15-16-17(18)19/h2-16H2,1H3,(H,18,19)",KEMQGTRYUADPNZ-UHFFFAOYSA-N,山楂
SZ-121,有机酸类,2-hydroxy-hexadecanoic acid,2-羟基十六酸,C16H32O3,272.423,10067-06-8,,CCCCCCCCCCCCCCCC(O)=O,"InChI=1S/C16H32O2/c1-2-3-4-5-6-7-8-9-10-11-12-13-14-15-16(17)18/h2-15H2,1H3,(H,17,18)",IPCSVZSSVZVIGE-UHFFFAOYSA-N,山楂
SZ-122,有机酸类,nonadecanoic acid,十九碳酸,C19H38O2,298.504,646-30-0,,O=C(O)CCCCCCCCCCCCCCCCCC,"InChI=1S/C19H38O2/c1-2-3-4-5-6-7-8-9-10-11-12-13-14-15-16-17-18-19(20)21/h2-18H2,1H3,(H,20,21)",ISYWECDDZWTKFF-UHFFFAOYSA-N,山楂
SZ-123,有机酸类,tridecanedioic acid,十三碳二酸,C13H24O4,244.327,505-52-2,,OC(CCCCCCCCCCCC(O)=O)=O,"InChI=1S/C13H24O4/c14-12(15)10-8-6-4-2-1-3-5-7-9-11-13(16)17/h1-11H2,(H,14,15)(H,16,17)",DXNCZXXFRKPEPY-UHFFFAOYSA-N,山楂
SZ-124,有机酸类,11-eicosenoic acid,花生烯酸,C20H38O2,310.2872,\,,OC(CCCCCCCCC/C=C\CCCCCCCC)=O,"InChI=1S/C20H38O2/c1-2-3-4-5-6-7-8-9-10-11-12-13-14-15-16-17-18-19-20(21)22/h9-10H,2-8,11-19H2,1H3,(H,21,22)/b10-9-",BITHHVVYSMSWAG-KTKRTIGZSA-N,山楂
SZ-125,有机酸类,heneicos anoic acid,二十一碳酸,C21H42O2,326.557,2363-71-5,,OC(CCCCCCCCCCCCCCCCCCCC)=O,"InChI=1S/C21H42O2/c1-2-3-4-5-6-7-8-9-10-11-12-13-14-15-16-17-18-19-20-21(22)23/h2-20H2,1H3,(H,22,23)",CKDDRHZIAZRDBW-UHFFFAOYSA-N,山楂
SZ-126,有机酸类,octadecanedioic acid,十八碳二酸,C18H34O4,314.46,871-70-5,,OC(CCCCCCCCCCCCCCCCC(O)=O)=O,"InChI=1S/C18H34O4/c19-17(20)15-13-11-9-7-5-3-1-2-4-6-8-10-12-14-16-18(21)22/h1-16H2,(H,19,20)(H,21,22)",BNJOQKFENDDGSC-UHFFFAOYSA-N,山楂
SZ-127,有机酸类,tricosanoic acid,二十三碳酸,C23H46O2,354.61,2433-96-7,,OC(CCCCCCCCCCCCCCCCCCCCCC)=O,"InChI=1S/C23H46O2/c1-2-3-4-5-6-7-8-9-10-11-12-13-14-15-16-17-18-19-20-21-22-23(24)25/h2-22H2,1H3,(H,24,25)",XEZVDURJDFGERA-UHFFFAOYSA-N,山楂
SZ-128,有机酸类,tetracosanoic acid,二十四碳酸,C24H48O2,368.637,93778-52-0,,OC(CCCCCCCCCCCCCCCCCCCCCCC)=O,"InChI=1S/C24H48O2/c1-2-3-4-5-6-7-8-9-10-11-12-13-14-15-16-17-18-19-20-21-22-23-24(25)26/h2-23H2,1H3,(H,25,26)",QZZGJDVWLFXDLK-UHFFFAOYSA-N,山楂
SZ-129,有机酸类,cerotic acid,蜡酸,C26H52O2,396.69,506-46-7,,OC(CCCCCCCCCCCCCCCCCCCCCCCCC)=O,"InChI=1S/C26H52O2/c1-2-3-4-5-6-7-8-9-10-11-12-13-14-15-16-17-18-19-20-21-22-23-24-25-26(27)28/h2-25H2,1H3,(H,27,28)",XMHIUKTWLZUKEX-UHFFFAOYSA-N,山楂
SZ-130,三萜类,ursolic acid,熊果酸,C30H48O3,456.7,77-52-1,,O=C([C@](CC1)(CC[C@@H](C)[C@@H]2C)[C@]2([H])C3=CC[C@@]4([H])[C@](CC[C@]5([H])[C@@]4(CC[C@H](O)C5(C)C)C)(C)[C@@]31C)O,"InChI=1S/C30H48O3/c1-18-10-15-30(25(32)33)17-16-28(6)20(24(30)19(18)2)8-9-22-27(5)13-12-23(31)26(3,4)21(27)11-14-29(22,28)7/h8,18-19,21-24,31H,9-17H2,1-7H3,(H,32,33)/t18-,19+,21+,22-,23+,24+,27+,28-,29-,30+/m1/s1",WCGUUGGRBIKTOS-GPOJBZKASA-N,山楂
SZ-131,三萜类,oleanolic acid,齐墩果酸,C30H48O3,456.7,508-02-1,,OC([C@](CC1)(CCC(C)(C)C2)[C@]2([H])C3=CC[C@@]4([H])[C@](CC[C@]5([H])[C@@]4(CC[C@H](O)C5(C)C)C)(C)[C@@]31C)=O,"InChI=1S/C30H48O3/c1-25(2)14-16-30(24(32)33)17-15-28(6)19(20(30)18-25)8-9-22-27(5)12-11-23(31)26(3,4)21(27)10-13-29(22,28)7/h8,20-23,31H,9-18H2,1-7H3,(H,32,33)/t20-,21-,22+,23-,27-,28+,29+,30-/m0/s1",MIJYXULNPSFWEK-GTOFXWBISA-N,山楂
SZ-132,三萜类,crataegolic acid,山楂酸,C30H48O4,472.7,4373-41-5,,O=C([C@](CC1)(CCC(C)(C)C2)[C@]2([H])C3=CC[C@@]4([H])[C@](CC[C@]5([H])[C@@]4(C[C@@H](O)[C@H](O)C5(C)C)C)(C)[C@@]31C)O,"InChI=1S/C30H48O4/c1-25(2)12-14-30(24(33)34)15-13-28(6)18(19(30)16-25)8-9-22-27(5)17-20(31)23(32)26(3,4)21(27)10-11-29(22,28)7/h8,19-23,31-32H,9-17H2,1-7H3,(H,33,34)/t19-,20+,21-,22+,23-,27-,28+,29+,30-/m0/s1",MDZKJHQSJHYOHJ-LLICELPBSA-N,山楂
SZ-133,三萜类,corosolic acid,科罗索酸,C30H48O4,472.7,4547-24-4,,O=C([C@](CC1)(CC[C@@H](C)[C@@H]2C)[C@]2([H])C3=CC[C@@]4([H])[C@](CC[C@]5([H])[C@@]4(C[C@@H](O)[C@H](O)C5(C)C)C)(C)[C@@]31C)O,"InChI=1S/C30H48O4/c1-17-10-13-30(25(33)34)15-14-28(6)19(23(30)18(17)2)8-9-22-27(5)16-20(31)24(32)26(3,4)21(27)11-12-29(22,28)7/h8,17-18,20-24,31-32H,9-16H2,1-7H3,(H,33,34)/t17-,18+,20-,21+,22-,23+,24+,27+,28-,29-,30+/m1/s1",HFGSQOYIOKBQOW-ZSDYHTTISA-N,山楂
SZ-134,三萜类,24-methylene-24-dihydrolanosterol,24-亚甲基-24-二氢羊毛甾醇,C42H96O,616.7461,\,,C[C@@]1(CC[C@@]2(CCCC(C(C)C)=C)[H])[C@]2(C)CCC3=C1CC[C@]4([H])[C@@]3(CC[C@H](O)C4(C)C)C.[H]CC.C.C.C.C.C.C.C.C.C.C,"InChI=1S/C30H50O.C2H6.10CH4/c1-20(2)21(3)10-9-11-22-14-18-30(8)24-12-13-25-27(4,5)26(31)16-17-28(25,6)23(24)15-19-29(22,30)7;1-2;;;;;;;;;;/h20,22,25-26,31H,3,9-19H2,1-2,4-8H3;1-2H3;10*1H4/t22-,25-,26-,28+,29+,30-;;;;;;;;;;;/m0.........../s1",ZGCLJDRTZWRPKD-YJTUWTAQSA-N,山楂
SZ-135,三萜类,butyrospermol,牛油树醇,C30H50O,426.3862,\,,C[C@@]1(CC[C@H]2[C@H](CC/C=C(C)\C)C)[C@]2(C)CCC3C1=CCC4[C@@]3(CC[C@H](O)C4(C)C)C,"InChI=1S/C30H50O/c1-20(2)10-9-11-21(3)22-14-18-30(8)24-12-13-25-27(4,5)26(31)16-17-28(25,6)23(24)15-19-29(22,30)7/h10,12,21-23,25-26,31H,9,11,13-19H2,1-8H3/t21-,22-,23?,25?,26-,28+,29+,30-/m0/s1",DICCPNLDOZNSML-JGRIPOOFSA-N,山楂
SZ-136,三萜类,cycloartenol,环阿屯醇,C30H50O,426.717,469-38-5,,C[C@@]1(CC[C@@H]2[C@@H](CC/C=C(C)\C)C)[C@]2(C)CC[C@@H]3[C@@]1(C)CC[C@]4(C)[C@@]3(CC[C@H](O)C4(C)C)C,"InChI=1S/C32H56O/c1-22(2)12-11-13-23(3)24-14-19-32(10)28(24,6)17-15-25-29(7)18-16-26(33)27(4,5)31(29,9)21-20-30(25,32)8/h12,23-26,33H,11,13-21H2,1-10H3/t23-,24-,25+,26+,28-,29-,30-,31+,32-/m1/s1",RCUUINYMLPBEKZ-NKRAKSJQSA-N,山楂
SZ-137,三萜类,cuneataol,野山楂醇,C32H50O6,530.3607,\,,O=C([C@](CC1)(CC[C@@H](C)[C@]2(O)C)[C@]2([H])C3=CC[C@@]4([H])[C@](CC[C@](C(C)([C@@]5(C)O)C)([H])[C@@]46CCO[C@@]5(O)C6)(C)[C@@]31C)O,"InChI=1S/C32H50O6/c1-19-10-13-30(24(33)34)15-14-26(4)20(23(30)28(19,6)35)8-9-22-27(26,5)12-11-21-25(2,3)29(7,36)32(37)18-31(21,22)16-17-38-32/h8,19,21-23,35-37H,9-18H2,1-7H3,(H,33,34)/t19-,21+,22+,23-,26-,27-,28-,29-,30+,31+,32+/m1/s1",ZELXNCCTYYVCCS-MOVJNTCJSA-N,山楂
SZ-138,三萜类,uvaol,熊果醇,C30H50O2,442.717,545-46-0,,OC[C@](CC1)(CC[C@@H](C)[C@@H]2C)[C@]2([H])C3=CC[C@@]4([H])[C@](CC[C@]5([H])[C@@]4(CC[C@H](O)C5(C)C)C)(C)[C@@]31C,"InChI=1S/C30H50O2/c1-19-10-15-30(18-31)17-16-28(6)21(25(30)20(19)2)8-9-23-27(5)13-12-24(32)26(3,4)22(27)11-14-29(23,28)7/h8,19-20,22-25,31-32H,9-18H2,1-7H3/t19-,20+,22+,23-,24+,25+,27+,28-,29-,30-/m1/s1",XUARCIYIVXVTAE-ZAPOICBTSA-N,山楂
SZ-139,三萜类,betulin,桦木醇,C30H50O2,442.717,473-98-3,,OC[C@](CC1)(CCC2C(C)=C)[C@@]2([H])[C@](CC[C@@]3([H])[C@@]4(C)CC[C@]5([H])[C@@]3(CC[C@H](O)C5(C)C)C)([H])[C@@]14C,"InChI=1S/C30H50O2/c1-19(2)20-10-15-30(18-31)17-16-28(6)21(25(20)30)8-9-23-27(5)13-12-24(32)26(3,4)22(27)11-14-29(23,28)7/h20-25,31-32H,1,8-18H2,2-7H3/t20?,21-,22+,23-,24+,25-,27+,28-,29-,30-/m1/s1",FVWJYYTZTCVBKE-BXNAEYBDSA-N,山楂
SZ-140,三萜类,arjungenin,三羟基齐墩果酸,C30H48O6,504.699,58880-25-4,,O[C@@H]1C(C)(C)CC[C@]2(C(O)=O)CC[C@@]3(C)[C@]4(C)CC[C@@]5([H])[C@@](CO)(C)[C@@H](O)[C@H](O)C[C@]5(C)[C@@]4([H])CC=C3[C@@]21[H],"InChI=1S/C30H48O6/c1-25(2)11-13-30(24(35)36)14-12-28(5)17(21(30)23(25)34)7-8-20-26(3)15-18(32)22(33)27(4,16-31)19(26)9-10-29(20,28)6/h7,18-23,31-34H,8-16H2,1-6H3,(H,35,36)/t18-,19-,20-,21-,22+,23+,26+,27+,28-,29-,30+/m1/s1",IFIQVSCCFRXSJV-NWCCWSSZSA-N,山楂
SZ-141,三萜类,arjunglucoside,\,C36H58O11,666.84,62319-70-4,,O[C@@H]1C(C)(C)CC[C@]2(C(OC(CO)=O)=O)CC[C@@]3(C)[C@]4(C)CC[C@@]5([H])[C@@](CO)(C)[C@@H](O)[C@H](O)C[C@]5(C)[C@@]4([H])CC=C3[C@@]21[H],"InChI=1S/C32H50O8/c1-27(2)11-13-32(26(39)40-22(36)16-33)14-12-30(5)18(23(32)25(27)38)7-8-21-28(3)15-19(35)24(37)29(4,17-34)20(28)9-10-31(21,30)6/h7,19-21,23-25,33-35,37-38H,8-17H2,1-6H3/t19-,20-,21-,23-,24+,25+,28+,29+,30-,31-,32+/m1/s1",UOQXPVCMSDNEGC-CPWMVXOJSA-N,山楂
SZ-142,三萜类,tormentic acid-28-O-β-D-glucopyrannoside,\,C32H50O8,562.3506,\,,O[C@]1(C)[C@H](C)CCC2(C(OC(CO)=O)=O)CC[C@@]3(C)[C@]4(C)CC[C@@]5([H])[C@@](CO)(C)[C@@H](O)[C@H](O)C[C@]5(C)[C@@]4([H])CC=C3[C@@]21[H],"InChI=1S/C32H50O8/c1-18-9-12-32(26(38)40-23(36)16-33)14-13-29(4)19(24(32)31(18,6)39)7-8-22-27(2)15-20(35)25(37)28(3,17-34)21(27)10-11-30(22,29)5/h7,18,20-22,24-25,33-35,37,39H,8-17H2,1-6H3/t18-,20-,21-,22-,24-,25+,27+,28+,29-,30-,31-,32?/m1/s1",GMBVIBMXZWGRNL-VXKHBGGSSA-N,山楂
SZ-143,三萜类,"18, 19-seco, 2α, 3β, -dihydroxy-19-oxo-urs-11, 13 (18) -dien-28-oic acid",\,C30H44O6,500.3138,\,,C[C@]12[C@]3(C)CC[C@@]4([H])[C@@](CO)(C)[C@@H](O)[C@H](O)C[C@]4(C)C3C=CC1=C5C(CCC(C(C)=O)C5)(C(O)=O)CC2,"InChI=1S/C30H44O6/c1-17(32)18-8-11-30(25(35)36)13-12-28(4)19(20(30)14-18)6-7-23-26(2)15-21(33)24(34)27(3,16-31)22(26)9-10-29(23,28)5/h6-7,18,21-24,31,33-34H,8-16H2,1-5H3,(H,35,36)/t18?,21-,22-,23?,24+,26+,27+,28-,29-,30?/m1/s1",SZFFLSDTNGTACI-PLSHQBGMSA-N,山楂
SZ-144,三萜类,β-sitosterol,β-谷甾醇,C29H50O,414.707,83-46-5,,[H][C@@]1(CC[C@@H]2[C@H](C)CC[C@H](C(C)C)CC)[C@]2(C)CC[C@@]3([H])[C@@]1([H])CC=C4[C@@]3(CCC(O)C4)C,"InChI=1S/C29H50O/c1-7-21(19(2)3)9-8-20(4)25-12-13-26-24-11-10-22-18-23(30)14-16-28(22,5)27(24)15-17-29(25,26)6/h10,19-21,23-27,30H,7-9,11-18H2,1-6H3/t20-,21-,23?,24+,25-,26+,27+,28+,29-/m1/s1",KZJWDPNRJALLNS-BWRKXDIJSA-N,山楂
SZ-145,三萜类,daucosterol,胡萝卜苷,C35H60O6,576.847,474-58-8,,[H][C@@]1(CC[C@@H]2[C@H](C)CC[C@@H](CC)C(C)C)[C@]2(C)CC[C@@]3([H])[C@@]1([H])CC=C4[C@@]3(CCC([GlcO])C4)C,,,山楂
SZ-146,三萜类,stigmosterol,豆甾醇,C29H48O,412.691,83-48-7,,[H][C@@]1(CC[C@@H]2C(C)/C=C/[C@@H](CC)C(C)C)[C@]2(C)CC[C@@]3([H])[C@@]1([H])CCC4[C@@]3(CCC(O)C4)C,"InChI=1S/C29H50O/c1-7-21(19(2)3)9-8-20(4)25-12-13-26-24-11-10-22-18-23(30)14-16-28(22,5)27(24)15-17-29(25,26)6/h8-9,19-27,30H,7,10-18H2,1-6H3/b9-8+/t20?,21-,22?,23?,24+,25-,26+,27+,28+,29-/m1/s1",CSVWWLUMXNHWSU-PMUVSBCDSA-N,山楂
SZ-147,三萜类,"( + ) -7R, 8S-5-methoxy dihydrodehydroconiferyl alcohol",\,C21H26O6,374.1729,\,,OC1=C([CH3]=O)C=C([C@@H]2OC(C(C)=CC(CCCO)=C3)=C3[C@H]2[OH]=C)C=C1[CH3]=O,"InChI=1S/C21H26O6/c1-12-6-13(4-3-5-22)7-17-19(12)27-20(21(17)26-2)14-8-15(10-23)18(25)16(9-14)11-24/h6-9,20-22,25-26H,2-5H2,1,10-11H3/t20-,21?/m0/s1",DOBZSFBLSFHLMO-BGERDNNASA-N,山楂
SZ-148,三萜类,(−)-2a-O-(β-D-glucopyranosyl)-lyoniresinol,\,C24H30O10,478.1839,\,,OC1=C([CH3]=O)C=C2C([C@@H](C3=CC(OC)=C(O)C([CH3]=O)=C3)[C@H](CO)[C@@H](COC(CO)=O)C2)=C1OC,"InChI=1S/C24H30O10/c1-32-18-6-13(4-14(7-25)22(18)30)20-17(9-27)16(11-34-19(29)10-28)5-12-3-15(8-26)23(31)24(33-2)21(12)20/h3-4,6,16-17,20,27-28,30-31H,5,9-11H2,1-2,7-8H3/t16?,17?,20-/m0/s1",QPDFHGCFUMAYBN-UHYCVJNDSA-N,山楂
SZ-149,三萜类,tortoside A,\,C23H28O8,432.1784,\,,[H][C@]12[C@]([C@@H](C3=CC([CH3]=O)=C(O)C(OC)=C3)OC2)([H])CO[C@@H]1C4=CC(OC)=C(OC)C(OC)=C4,"InChI=1S/C23H28O8/c1-26-17-6-12(5-14(9-24)20(17)25)21-15-10-31-22(16(15)11-30-21)13-7-18(27-2)23(29-4)19(8-13)28-3/h5-8,15-16,21-22,25H,10-11H2,1-4,9H3/t15-,16-,21+,22+/m0/s1",AUIQMDDSKNKAAI-RZTYQLBFSA-N,山楂
SZ-150,三萜类,"erythro-1-(4-O-β-D-glucopyranosyl-3-methoxyphenyl)-2-[4-(3-hydroxypropyl)-2,6-dimethoxyphenoxy]-1,3-propanediol",,C27H38O13,570.2312,\,,OC[C@](OC(C(OC)=CC(CCCO)=C1)=C1[CH3]=O)([H])[C@@]([H])(O)C(C=C2OC)=CC=C2OC3C(O)C(O)C(O)C(CO)O3,"InChI=1S/C27H38O13/c1-36-18-10-15(5-6-17(18)39-27-25(35)24(34)23(33)21(13-31)40-27)22(32)20(12-30)38-26-16(11-29)8-14(4-3-7-28)9-19(26)37-2/h5-6,8-10,20-25,27-28,30-35H,3-4,7,12-13H2,1-2,11H3/t20-,21?,22+,23?,24?,25?,27?/m1/s1",XVBWYQGOZTVICQ-KSDDLJAXSA-N,山楂
SZ-151,三萜类,"(7S,8R)-urolignoside",\,C23H30O8,434.1941,\,,[H]C1=CC=CC([CH3]=O)=C1[GlcO].C[C@H]2OC(C(OC)=CC(CCCO)=C3)=C3[C@@H]2[OH]=C,,,山楂
SZ-152,三萜类,"(7S, 8R)-5-methoxy dihydrodehydrodiconiferyl alcohol 4-O-β-D-glucopyranoside",\,C24H34O9,464.264,\,,[GlcO]C1=C([CH3]=O)C=CC=C1[CH3]=O.C[C@@H]2OC(C(OC)=CC(CCCO)=C3)=C3[C@H]2[OH]=C,,,山楂
SZ-153,三萜类,acernikol-4′′-O-β-D-glucopyranoside,\,C40H56O14,760.367,\,,OC[C@]([C@H](O)C1=CC=C(C[C@@H]2C[C@H](CO)[C@@H](O)[C@H](O)[C@H]2O)C(OC)=C1)([H])OC3=C(OC)C=CC=C3[CH3]=O.C[C@@H]4OC(C(OC)=CC(CCCO)=C5)=C5[C@H]4CO,"InChI=1S/C26H36O10.C14H20O4/c1-34-19-5-3-4-16(11-27)26(19)36-21(13-29)22(30)15-7-6-14(20(10-15)35-2)8-17-9-18(12-28)24(32)25(33)23(17)31;1-9-12(8-16)11-6-10(4-3-5-15)7-13(17-2)14(11)18-9/h3-7,10,17-18,21-25,28-33H,8-9,12-13H2,1-2,11H3;6-7,9,12,15-16H,3-5,8H2,1-2H3/t17-,18-,21+,22-,23+,24-,25-;9-,12-/m10/s1",AFGROCUFQMYKIG-QFZAOEMZSA-N,山楂
SZ-154,单萜及倍半萜类,"(5Z)-6-[5-(2-hydroxypropan-2-yl)-2-methyltetrahydrofuran-2-yl]-3-methylhexa-1,5-dien-3-ol",\,C15H26O3,254.1882,\,,C=CC(C)(O)C/C=C\[C@]1(C)O[C@]([H])(C(C)(O)C)CC1,"InChI=1S/C15H26O3/c1-6-14(4,17)9-7-10-15(5)11-8-12(18-15)13(2,3)16/h6-7,10,12,16-17H,1,8-9,11H2,2-5H3/b10-7-/t12-,14?,15-/m0/s1",BAEXUXXJQFAXLI-NFVXBTOVSA-N,山楂
SZ-155,单萜及倍半萜类,"(5Z)-6-[5-(2-O-β-D-glucopyranosyl-propan-2-yl)-2-methyl tetrahydrofuran-2-yl]-3-methylhexa-1,5-dien-3-ol",\,C17H28O5,312.1937,\,,C=CC(C)(O)C/C=C\[C@]1(C)O[C@]([H])(C(C)(OC(CO)=O)C)CC1,"InChI=1S/C17H28O5/c1-6-16(4,20)9-7-10-17(5)11-8-13(21-17)15(2,3)22-14(19)12-18/h6-7,10,13,18,20H,1,8-9,11-12H2,2-5H3/b10-7-/t13-,16?,17-/m0/s1",TUUFJYSWGIJSAH-SLRXREQZSA-N,山楂
SZ-156,单萜及倍半萜类,5-ethenyl-2-[2-O-β-D-glucopyranosyl-(1′′-6′)-β-D-glucopyranosyl-propan-2-yl]-5-methyltetrahydrofuran-2-ol,\,C18H28O9,388.1733,\,,[GlcO]CC1C(O)C(O)C(O[C@@]2(C(C)(C)O3)O[C@@](C)(C=C)CC2)C3O1,,,山楂
SZ-157,单萜及倍半萜类,"4-[4β-O-β-D-xylopyranosyl-(1′′-6′)-β-D-glucopyranosyl-2,6,6-trimethyl-1-cyclohexen-1-yl]-butan-2-one",\,C22H44O9,452.2985,\,,O[C@@H]([C@@H]1O)[C@H](CCOC)O[C@@H](OCC/C=C\CC)[C@@H]1O.OC(CO)C(C)OCCCC,"InChI=1S/C14H26O6.C8H18O3/c1-3-4-5-6-8-19-14-13(17)12(16)11(15)10(20-14)7-9-18-2;1-3-4-5-11-7(2)8(10)6-9/h4-5,10-17H,3,6-9H2,1-2H3;7-10H,3-6H2,1-2H3/b5-4-;/t10-,11+,12-,13+,14+;/m0./s1",SBVXFWCVBKREKQ-DPXMZZATSA-N,山楂
SZ-158,单萜及倍半萜类,(Z)-3-hexenyl O-β-D-glucopyranosyl-(1′′-6′)-β-D-glucopyranoside,\,C22H44O9,452.2985,\,,O[C@@H]([C@@H]1O)[C@H](CCOC)O[C@@H](OCC/C=C\CC)[C@@H]1O.OC(CO)C(C)OCCCC,"InChI=1S/C14H26O6.C8H18O3/c1-3-4-5-6-8-19-14-13(17)12(16)11(15)10(20-14)7-9-18-2;1-3-4-5-11-7(2)8(10)6-9/h4-5,10-17H,3,6-9H2,1-2H3;7-10H,3-6H2,1-2H3/b5-4-;/t10-,11+,12-,13+,14+;/m0./s1",SBVXFWCVBKREKQ-DPXMZZATSA-N,山楂
SZ-159,单萜及倍半萜类,(Z)-3-hexenyl O-β-D-xylopyranosyl-(1′′-6′)-β-D-glucopyranoside,\,C22H44O9,452.2985,\,,O[C@@H]([C@@H]1O)[C@H](CCOC)O[C@@H](OCC/C=C\CC)[C@@H]1O.OC(CO)C(C)OCCCC,"InChI=1S/C14H26O6.C8H18O3/c1-3-4-5-6-8-19-14-13(17)12(16)11(15)10(20-14)7-9-18-2;1-3-4-5-11-7(2)8(10)6-9/h4-5,10-17H,3,6-9H2,1-2H3;7-10H,3-6H2,1-2H3/b5-4-;/t10-,11+,12-,13+,14+;/m0./s1",SBVXFWCVBKREKQ-DPXMZZATSA-N,山楂
SZ-160,单萜及倍半萜类,(Z)-3- hexenyl O-β-D-rhamnopyranosyl-(1′′-6′)-β-D-glucopyranoside,\,C22H44O9,452.2985,\,,O[C@@H]([C@@H]1O)[C@H](CCOC)O[C@@H](OCC/C=C\CC)[C@@H]1O.OC(CO)C(C)OCCCC,"InChI=1S/C14H26O6.C8H18O3/c1-3-4-5-6-8-19-14-13(17)12(16)11(15)10(20-14)7-9-18-2;1-3-4-5-11-7(2)8(10)6-9/h4-5,10-17H,3,6-9H2,1-2H3;7-10H,3-6H2,1-2H3/b5-4-;/t10-,11+,12-,13+,14+;/m0./s1",SBVXFWCVBKREKQ-DPXMZZATSA-N,山楂
SZ-161,单萜及倍半萜类,"(3R,5S,6S,7E,9S)-megastiman-7-ene-3,5,6,9-tetrol",\,C13H24O4,244.1675,\,,CC1(C)[C@](/C=C/[C@H](C)O)(O)[C@](O)(C)C[C@H](O)C1,"InChI=1S/C13H24O4/c1-9(14)5-6-13(17)11(2,3)7-10(15)8-12(13,4)16/h5-6,9-10,14-17H,7-8H2,1-4H3/b6-5+/t9-,10+,12-,13-/m0/s1",CTCKPFXFWVNGLG-RTLCHFMVSA-N,山楂
SZ-162,单萜及倍半萜类,"(3R,5S,6S,7E,9S)-megastigman-7-ene-3,5,6,9-tetrol 9-O-尾-D-glucopyranoside",\,C15H26O6,302.1729,\,,CC1(C)[C@](/C=C/[C@H](C)OC(CO)=O)(O)[C@](O)(C)C[C@H](O)C1,"InChI=1S/C15H26O6/c1-10(21-12(18)9-16)5-6-15(20)13(2,3)7-11(17)8-14(15,4)19/h5-6,10-11,16-17,19-20H,7-9H2,1-4H3/b6-5+/t10?,11-,14+,15+/m1/s1",AMXMCZLECDZGHC-AKBGCBEKSA-N,山楂
SZ-163,单萜及倍半萜类,"(6S,7E,9R)-6,9-dihydroxy-4,7-megastigmadien-3-one 9-O-[β-D-xylopyranosyl-(1′′-6′)-β-D-glucopyranoside]",\,C26H42O9,498.2829,\,,CC(C(/C=C/C(OC1[C@@H](O)[C@H](O)[C@@H](O)[C@H](CO[C@@H]2[C@@H](C)[C@H](O)[C@@H](O)OC2)O1)C)C(C)(C)C3)=CC3=C,"InChI=1S/C26H42O9/c1-13-9-14(2)17(26(5,6)10-13)8-7-15(3)34-25-23(30)22(29)21(28)19(35-25)12-32-18-11-33-24(31)20(27)16(18)4/h7-9,15-25,27-31H,1,10-12H2,2-6H3/b8-7+/t15?,16-,17?,18+,19+,20+,21+,22-,23+,24+,25?/m1/s1",JMKJHYSQHFKRLR-WAHJMLFRSA-N,山楂
SZ-164,单萜及倍半萜类,linarionoside C,\,C17H28O6,328.1886,\,,[GlcO][C@H]1CC(C)(C)C(CCC(C)OC(CO)=O)=C(C)C1,,,山楂
SZ-165,单萜及倍半萜类,"(3S,9R)-3,9-dihydroxy-megastigman-5-ene 3-O-primeveroside",\,C28H54O11,566.3666,\,,CC1=C(CCC(C)O)C(C)(C)C[C@@H](C1)O[C@H]2[C@@H]([C@@H](O)[C@H](O)[C@@H](CCOC)O2)O.OC(CO)COCC(O)CC,"InChI=1S/C21H38O7.C7H16O4/c1-12-10-14(11-21(3,4)15(12)7-6-13(2)22)27-20-19(25)18(24)17(23)16(28-20)8-9-26-5;1-2-6(9)4-11-5-7(10)3-8/h13-14,16-20,22-25H,6-11H2,1-5H3;6-10H,2-5H2,1H3/t13?,14-,16-,17-,18+,19-,20-;/m1./s1",RKBLPAHVGMDVKW-XGAIXKRCSA-N,山楂
SZ-166,单萜及倍半萜类,linarionoside A,\,C15H26O4,270.1831,\,,CC1=C(CCC(O)C)C(C)(C)C[C@H]([GlcO])C1,,,山楂
SZ-167,单萜及倍半萜类,linarionoside B,\,C15H26O4,270.1831,\,,CC1=C(CCC(OC(CO)=O)C)C(C)(C)C[C@H](O)C1,"InChI=1S/C15H26O4/c1-10-7-12(17)8-15(3,4)13(10)6-5-11(2)19-14(18)9-16/h11-12,16-17H,5-9H2,1-4H3/t11?,12-/m1/s1",JZNFDDUHSDZGLP-PIJUOVFKSA-N,山楂
SZ-168,单萜及倍半萜类,3β-glucopyranosyloxy-尾-ionone,\,C15H22O4,266.1518,\,,CC1=C(/C=C/C(C)=O)C(C)(C)C[C@H](OC(CO)=O)C1,"InChI=1S/C15H22O4/c1-10-7-12(19-14(18)9-16)8-15(3,4)13(10)6-5-11(2)17/h5-6,12,16H,7-9H2,1-4H3/b6-5+",RUSGIOGDRVIDNQ-AATRIKPKSA-N,山楂
SZ-169,单萜及倍半萜类,icariside B6,\,C15H24O4,268.1675,\,,CC1=C(CCC(C)=O)C(C)(C)C[C@H](OC(CO)=O)C1,"InChI=1S/C15H24O4/c1-10-7-12(19-14(18)9-16)8-15(3,4)13(10)6-5-11(2)17/h12,16H,5-9H2,1-4H3",WMKYPACWMNJJEC-UHFFFAOYSA-N,山楂
SZ-170,单萜及倍半萜类,pisumionoside,\,C15H24O6,300.1573,\,,CC(/C=C/C1(O)=C(O)(C)C[C@@H](OC(CO)=O)CC1(C)C)=O,"InChI=1S/C15H24O6/c1-10(17)5-6-15(20)13(2,3)7-11(8-14(15,4)19)21-12(18)9-16/h5-6,11,16,19-20H,7-9H2,1-4H3/b6-5+",XHJKLSVPCFUOPW-AATRIKPKSA-N,山楂
SZ-171,单萜及倍半萜类,"(3S,5R,6R,7E,9R)-3,6-epoxy-7-megastigmen-5, 9-diol-9-O-尾-D-glucopyranoside",\,C15H24O5,284.1624,\,,C[C@@]1(O)C[C@@H](O2)CC(C)(C)[C@]12/C=C/[C@@H](C)OC(CO)=O,"InChI=1S/C15H24O5/c1-10(19-12(17)9-16)5-6-15-13(2,3)7-11(20-15)8-14(15,4)18/h5-6,10-11,16,18H,7-9H2,1-4H3/b6-5+/t10?,11-,14+,15+/m0/s1",BVJHKAKKRLWQPV-DOXOWIBBSA-N,山楂
SZ-172,单萜及倍半萜类,"(6S,7E,9R)-roseoside",\,C14H20O6,284.126,\,,CC1(C)C(/C=C/C(O)OC(CO)=O)(O)C(C)=CC(C1)=O,"InChI=1S/C14H20O6/c1-9-6-10(16)7-13(2,3)14(9,19)5-4-11(17)20-12(18)8-15/h4-6,11,15,17,19H,7-8H2,1-3H3/b5-4+",RHIDPHCAQMWVTD-SNAWJCMRSA-N,山楂
SZ-173,单萜及倍半萜类,"(6R, 9R)-3-oxo-α-ionol-9-O-β-D-glucopyranoside",\,C15H22O4,266.1518,\,,CC1(C)C(/C=C/C(C)OC(CO)=O)([H])C(C)=CC(C1)=O,"InChI=1S/C15H22O4/c1-10-7-12(17)8-15(3,4)13(10)6-5-11(2)19-14(18)9-16/h5-7,11,13,16H,8-9H2,1-4H3/b6-5+",UREWEWPXULMBFM-AATRIKPKSA-N,山楂
